{
    "parent": "item/generated",
    "textures": {
        "layer0": "item/popped_chorus_fruit"
    },
    "overrides": [
        {"predicate":{"custom_model_data":1},"model":"item/doors/decor/plant"},
        {"predicate":{"custom_model_data":2},"model":"item/doors/decor/wooden_board_straight"},
        {"predicate":{"custom_model_data":3},"model":"item/doors/decor/wooden_board_diagonal"},
        {"predicate":{"custom_model_data":4},"model":"item/doors/decor/wooden_blockage"},
        {"predicate":{"custom_model_data":5},"model":"item/doors/decor/chandelier_light"},
        {"predicate":{"custom_model_data":6},"model":"item/doors/decor/chandelier_base"},
	    {"predicate":{"custom_model_data":7},"model":"item/doors/decor/common_chair"},
	    {"predicate":{"custom_model_data":8},"model":"item/doors/decor/ladder"},
	    {"predicate":{"custom_model_data":9},"model":"item/doors/decor/globe"},
	    {"predicate":{"custom_model_data":10},"model":"item/doors/decor/double_torch"},
	    {"predicate":{"custom_model_data":11},"model":"item/doors/hiding_spots/hotel_closet"},
	    {"predicate":{"custom_model_data":12},"model":"item/doors/decor/stool"},
	    {"predicate":{"custom_model_data":13},"model":"item/doors/decor/3x2_table"},
	    {"predicate":{"custom_model_data":14},"model":"item/doors/decor/1x2_table"},
	    {"predicate":{"custom_model_data":15},"model":"item/doors/decor/1x1_couch_red"},
	    {"predicate":{"custom_model_data":16},"model":"item/doors/decor/1x2_couch_red"},
	    {"predicate":{"custom_model_data":17},"model":"item/doors/decor/railings"},
	    {"predicate":{"custom_model_data":18},"model":"item/doors/decor/railings_stairs"},
	    {"predicate":{"custom_model_data":19},"model":"item/doors/decor/railings_corner"},
	    {"predicate":{"custom_model_data":20},"model":"item/doors/decor/statue_steve"},
	    {"predicate":{"custom_model_data":21},"model":"item/doors/decor/statue_steve_gyatt"},
	    {"predicate":{"custom_model_data":22},"model":"item/doors/decor/office_chair"},
	    {"predicate":{"custom_model_data":23},"model":"item/doors/decor/door_room_50_left"},
	    {"predicate":{"custom_model_data":24},"model":"item/doors/decor/door_room_50_right"},
	    {"predicate":{"custom_model_data":25},"model":"item/doors/decor/red_double_bed"},
        {"predicate":{"custom_model_data":26},"model":"item/doors/decor/coushined_stool"},
        {"predicate":{"custom_model_data":27},"model":"item/doors/decor/desk_lamp"},
        {"predicate":{"custom_model_data":28},"model":"item/doors/decor/luggage"},
        {"predicate":{"custom_model_data":29},"model":"item/doors/decor/luggage_cart"},

	    {"predicate":{"custom_model_data":30},"model":"item/doors/decor/typewriter"},
	    {"predicate":{"custom_model_data":31},"model":"item/doors/decor/hanging_book"},
	    {"predicate":{"custom_model_data":32},"model":"item/doors/decor/rubble_planks"},
        
        {"predicate":{"custom_model_data":33},"model":"item/doors/decor/ceiling_light"},
        {"predicate":{"custom_model_data":34},"model":"item/doors/decor/pillar_base"},
        {"predicate":{"custom_model_data":35},"model":"item/doors/decor/pillar"},
        {"predicate":{"custom_model_data":36},"model":"item/doors/decor/curtain"},
        {"predicate":{"custom_model_data":37},"model":"item/doors/decor/ceiling_electrical_light"},

        {"predicate":{"custom_model_data":40},"model":"item/doors/doors/hotel_door"},
        {"predicate":{"custom_model_data":41},"model":"item/doors/doors/hotel_breakout_door"},
        {"predicate":{"custom_model_data":42},"model":"item/doors/doors/hotel_breakout_door_broken"},
        {"predicate":{"custom_model_data":43},"model":"item/doors/doors/hotel_breakout_door_no_handle"},
        {"predicate":{"custom_model_data":44},"model":"item/doors/doors/hotel_door_frame"},
        {"predicate":{"custom_model_data":45},"model":"item/doors/doors/lock"},

        {"predicate":{"custom_model_data":50},"model":"item/doors/drawers/draw"},
        {"predicate":{"custom_model_data":51},"model":"item/doors/drawers/large_desk_draw"},
        {"predicate":{"custom_model_data":52},"model":"item/doors/drawers/3_drawer_base"},
        {"predicate":{"custom_model_data":53},"model":"item/doors/drawers/1_drawer_base"},
        
        {"predicate":{"custom_model_data":54},"model":"item/doors/desks/desk"},
        {"predicate":{"custom_model_data":55},"model":"item/doors/desks/red_top_desk"},
        {"predicate":{"custom_model_data":56},"model":"item/doors/desks/red_top_desk_filled_sides"},
        {"predicate":{"custom_model_data":57},"model":"item/doors/desks/3_drawer_desk_left"},
        {"predicate":{"custom_model_data":58},"model":"item/doors/desks/3_drawer_desk_right"},
        {"predicate":{"custom_model_data":59},"model":"item/doors/desks/1_drawer_desk"},
        {"predicate":{"custom_model_data":60},"model":"item/doors/decor/hotel_sign"},
        {"predicate":{"custom_model_data":61},"model":"item/doors/decor/elevator_door"},
        {"predicate":{"custom_model_data":62},"model":"item/doors/decor/elevator_door_grate"},
        {"predicate":{"custom_model_data":63},"model":"item/doors/decor/elevator_level"},
        {"predicate":{"custom_model_data":64},"model":"item/doors/decor/elevator_buttons"},

        {"predicate":{"custom_model_data":101},"model":"item/doors/entities/rush"},
        {"predicate":{"custom_model_data":102},"model":"item/doors/entities/rush_charge"},
        {"predicate":{"custom_model_data":103},"model":"item/doors/entities/rush_animated"},
        {"predicate":{"custom_model_data":104},"model":"item/doors/entities/ambush"},
        {"predicate":{"custom_model_data":105},"model":"item/doors/entities/ambush_animated"},
        {"predicate":{"custom_model_data":106},"model":"item/doors/entities/dupe_eyes"},
        {"predicate":{"custom_model_data":107},"model":"item/doors/entities/dupe_bottom_teeth"},
        {"predicate":{"custom_model_data":108},"model":"item/doors/entities/dupe_top_teeth"},
        {"predicate":{"custom_model_data":109},"model":"item/doors/entities/seek_eye"},
        {"predicate":{"custom_model_data":115},"model":"item/doors/entities/guiding_light_door_effect"},
        {"predicate":{"custom_model_data":116},"model":"item/doors/entities/guiding_light_door_star_effect"},
        {"predicate":{"custom_model_data":117},"model":"item/doors/entities/guiding_light_door_iris_effect"},
        {"predicate":{"custom_model_data":118},"model":"item/doors/entities/guiding_light_door_effect_large"},
        {"predicate":{"custom_model_data":120},"model":"item/doors/entities/haste"},

        {"predicate":{"custom_model_data":122},"model":"item/doors/equipment/lighter_closed"},
        {"predicate":{"custom_model_data":123},"model":"item/doors/equipment/lighter"},
        {"predicate":{"custom_model_data":124},"model":"item/doors/equipment/crucifix"},
        {"predicate":{"custom_model_data":125},"model":"item/doors/equipment/crucifix_outer"},
        {"predicate":{"custom_model_data":126},"model":"item/doors/equipment/crucifix_middle"},
        {"predicate":{"custom_model_data":127},"model":"item/doors/equipment/crucifix_inner"},
        {"predicate":{"custom_model_data":128},"model":"item/doors/equipment/crucifix_iris"},
        {"predicate":{"custom_model_data":129},"model":"item/doors/equipment/crucifix_chain"},
        {"predicate":{"custom_model_data":130},"model":"item/doors/equipment/crucifix_active"},
        {"predicate":{"custom_model_data":131},"model":"item/doors/equipment/crucifix_active_glow"},
        {"predicate":{"custom_model_data":132},"model":"item/doors/equipment/vitamins"},
        {"predicate":{"custom_model_data":133},"model":"item/doors/equipment/candle_extinguished"},
        {"predicate":{"custom_model_data":134},"model":"item/doors/equipment/candle_lit"},
        {"predicate":{"custom_model_data":135},"model":"item/doors/equipment/flashlight_off"},
        {"predicate":{"custom_model_data":136},"model":"item/doors/equipment/flashlight_on"},
        {"predicate":{"custom_model_data":137},"model":"item/doors/equipment/alarm_clock"},
        {"predicate":{"custom_model_data":138},"model":"item/doors/equipment/battery"},
        {"predicate":{"custom_model_data":139},"model":"item/doors/equipment/bandage"},
        {"predicate":{"custom_model_data":140},"model":"item/doors/equipment/lockpick"},

        {"predicate":{"custom_model_data":141},"model":"item/doors/gold/gold_5"},
        {"predicate":{"custom_model_data":142},"model":"item/doors/gold/gold_10"},
        {"predicate":{"custom_model_data":143},"model":"item/doors/gold/gold_25"},
        {"predicate":{"custom_model_data":144},"model":"item/doors/gold/gold_50"},
        {"predicate":{"custom_model_data":145},"model":"item/doors/gold/gold_75"},
        {"predicate":{"custom_model_data":146},"model":"item/doors/gold/gold_100"},

	    {"predicate":{"custom_model_data":200},"model":"item/doors/badges/locked"},
        {"predicate":{"custom_model_data":201},"model":"item/doors/badges/welcome"},
        {"predicate":{"custom_model_data":202},"model":"item/doors/badges/welcome_back"},
        {"predicate":{"custom_model_data":203},"model":"item/doors/badges/buddy_system"},
        {"predicate":{"custom_model_data":204},"model":"item/doors/badges/back_from_the_dead"},
        {"predicate":{"custom_model_data":205},"model":"item/doors/badges/betrayal"},
        {"predicate":{"custom_model_data":206},"model":"item/doors/badges/in_plain_sight"},
        {"predicate":{"custom_model_data":207},"model":"item/doors/badges/interconnected"},
        {"predicate":{"custom_model_data":208},"model":"item/doors/badges/supporting_small_businesses"},
        {"predicate":{"custom_model_data":209},"model":"item/doors/badges/pls_donate"},
        {"predicate":{"custom_model_data":210},"model":"item/doors/badges/herb_of_viridis"},
        {"predicate":{"custom_model_data":211},"model":"item/doors/badges/sshh"},
        {"predicate":{"custom_model_data":212},"model":"item/doors/badges/expert_technician"},
        {"predicate":{"custom_model_data":213},"model":"item/doors/badges/rock_bottom"},
        {"predicate":{"custom_model_data":214},"model":"item/doors/badges/detour"},
        {"predicate":{"custom_model_data":215},"model":"item/doors/badges/back_on_track"},
        {"predicate":{"custom_model_data":216},"model":"item/doors/badges/a_1000"},
        {"predicate":{"custom_model_data":217},"model":"item/doors/badges/around_back"},
        {"predicate":{"custom_model_data":218},"model":"item/doors/badges/other_way_around"},
        {"predicate":{"custom_model_data":219},"model":"item/doors/badges/out_of_my_way"},
        {"predicate":{"custom_model_data":220},"model":"item/doors/badges/look_at_me"},
        {"predicate":{"custom_model_data":221},"model":"item/doors/badges/two_steps_forward"},
        {"predicate":{"custom_model_data":222},"model":"item/doors/badges/you_can_run"},
        {"predicate":{"custom_model_data":223},"model":"item/doors/badges/eviction_notice"},
        {"predicate":{"custom_model_data":224},"model":"item/doors/badges/meet_jack"},
        {"predicate":{"custom_model_data":225},"model":"item/doors/badges/meet_timothy"},
        {"predicate":{"custom_model_data":226},"model":"item/doors/badges/rebound"},
        {"predicate":{"custom_model_data":227},"model":"item/doors/badges/i_see_you"},
        {"predicate":{"custom_model_data":228},"model":"item/doors/badges/error"},
        {"predicate":{"custom_model_data":229},"model":"item/doors/badges/wrong_room"},
        {"predicate":{"custom_model_data":230},"model":"item/doors/badges/it_stares_back"},
        {"predicate":{"custom_model_data":231},"model":"item/doors/badges/one_of_many"},
        {"predicate":{"custom_model_data":232},"model":"item/doors/badges/ten_of_many"},
        {"predicate":{"custom_model_data":233},"model":"item/doors/badges/hundred_of_many"},
        {"predicate":{"custom_model_data":234},"model":"item/doors/badges/evil_be_gone"},
        {"predicate":{"custom_model_data":235},"model":"item/doors/badges/stay_out_of_my_way"},
        {"predicate":{"custom_model_data":236},"model":"item/doors/badges/unbound"},
        {"predicate":{"custom_model_data":237},"model":"item/doors/badges/take_a_breather"},
        {"predicate":{"custom_model_data":238},"model":"item/doors/badges/all_figured_out"},
        {"predicate":{"custom_model_data":239},"model":"item/doors/badges/you_cant_see_me"},
        {"predicate":{"custom_model_data":240},"model":"item/doors/badges/i_hate_you"},
        {"predicate":{"custom_model_data":241},"model":"item/doors/badges/two_steps_ahead"},
        {"predicate":{"custom_model_data":242},"model":"item/doors/badges/outwitted"},
        {"predicate":{"custom_model_data":243},"model":"item/doors/badges/not_five_stars"},
        {"predicate":{"custom_model_data":244},"model":"item/doors/badges/hotel_hell"},
        {"predicate":{"custom_model_data":245},"model":"item/doors/badges/qa_tester"},
        {"predicate":{"custom_model_data":246},"model":"item/doors/badges/survival_the_jeff_the_killer"},
        {"predicate":{"custom_model_data":247},"model":"item/doors/badges/survive_the_drakobloxxers"},
	    {"predicate":{"custom_model_data":248},"model":"item/doors/badges/gyatt"},
	    {"predicate":{"custom_model_data":249},"model":"item/doors/badges/uwu"},

	    {"predicate":{"custom_model_data":6969},"model":"item/doors/misc/hakubia_wanted_poster"},
	    {"predicate":{"custom_model_data":6970},"model":"item/doors/misc/tophat"},
	    {"predicate":{"custom_model_data":6971},"model":"item/doors/misc/tophat_huge"},
	    {"predicate":{"custom_model_data":6972},"model":"item/doors/misc/tophat_gigantic"},
	    {"predicate":{"custom_model_data":6973},"model":"item/doors/misc/light_saber"}
    ]
}