{
	"parent": "item/generated",
	"textures": {
		"layer0": "minecraft:item/white_dye"
	},
	"overrides": [
		{
			"predicate": {
				"custom_model_data": 1
			},
			"model": "animated_java:empty"
		},
		{
			"predicate": {
				"custom_model_data": 2
			},
			"model": "animated_java:item/screech_models/tooth_1"
		},
		{
			"predicate": {
				"custom_model_data": 3
			},
			"model": "animated_java:item/screech_models/tooth_2"
		},
		{
			"predicate": {
				"custom_model_data": 4
			},
			"model": "animated_java:item/screech_models/tooth_3"
		},
		{
			"predicate": {
				"custom_model_data": 5
			},
			"model": "animated_java:item/screech_models/tooth_4"
		},
		{
			"predicate": {
				"custom_model_data": 6
			},
			"model": "animated_java:item/screech_models/tooth_5"
		},
		{
			"predicate": {
				"custom_model_data": 7
			},
			"model": "animated_java:item/screech_models/tooth_6"
		},
		{
			"predicate": {
				"custom_model_data": 8
			},
			"model": "animated_java:item/screech_models/tooth_7"
		},
		{
			"predicate": {
				"custom_model_data": 9
			},
			"model": "animated_java:item/screech_models/tooth_8"
		},
		{
			"predicate": {
				"custom_model_data": 10
			},
			"model": "animated_java:item/screech_models/tooth_9"
		},
		{
			"predicate": {
				"custom_model_data": 11
			},
			"model": "animated_java:item/screech_models/tooth_10"
		},
		{
			"predicate": {
				"custom_model_data": 12
			},
			"model": "animated_java:item/screech_models/tentacle_base"
		},
		{
			"predicate": {
				"custom_model_data": 13
			},
			"model": "animated_java:item/screech_models/tentacle_part_1"
		},
		{
			"predicate": {
				"custom_model_data": 14
			},
			"model": "animated_java:item/screech_models/tentacle_part_2"
		},
		{
			"predicate": {
				"custom_model_data": 15
			},
			"model": "animated_java:item/screech_models/tentacle_end"
		},
		{
			"predicate": {
				"custom_model_data": 16
			},
			"model": "animated_java:item/screech_models/tentacle_base2"
		},
		{
			"predicate": {
				"custom_model_data": 17
			},
			"model": "animated_java:item/screech_models/tentacle_part_3"
		},
		{
			"predicate": {
				"custom_model_data": 18
			},
			"model": "animated_java:item/screech_models/tentacle_part_4"
		},
		{
			"predicate": {
				"custom_model_data": 19
			},
			"model": "animated_java:item/screech_models/tentacle_end2"
		},
		{
			"predicate": {
				"custom_model_data": 20
			},
			"model": "animated_java:item/screech_models/tentacle_base4"
		},
		{
			"predicate": {
				"custom_model_data": 21
			},
			"model": "animated_java:item/screech_models/tentacle_part_7"
		},
		{
			"predicate": {
				"custom_model_data": 22
			},
			"model": "animated_java:item/screech_models/tentacle_part_8"
		},
		{
			"predicate": {
				"custom_model_data": 23
			},
			"model": "animated_java:item/screech_models/tentacle_end4"
		},
		{
			"predicate": {
				"custom_model_data": 24
			},
			"model": "animated_java:item/screech_models/tentacle_base5"
		},
		{
			"predicate": {
				"custom_model_data": 25
			},
			"model": "animated_java:item/screech_models/tentacle_part_9"
		},
		{
			"predicate": {
				"custom_model_data": 26
			},
			"model": "animated_java:item/screech_models/tentacle_part_10"
		},
		{
			"predicate": {
				"custom_model_data": 27
			},
			"model": "animated_java:item/screech_models/tentacle_end5"
		},
		{
			"predicate": {
				"custom_model_data": 28
			},
			"model": "animated_java:item/screech_models/tentacle_base3"
		},
		{
			"predicate": {
				"custom_model_data": 29
			},
			"model": "animated_java:item/screech_models/tentacle_part_5"
		},
		{
			"predicate": {
				"custom_model_data": 30
			},
			"model": "animated_java:item/screech_models/tentacle_part_6"
		},
		{
			"predicate": {
				"custom_model_data": 31
			},
			"model": "animated_java:item/screech_models/tentacle_end3"
		},
		{
			"predicate": {
				"custom_model_data": 32
			},
			"model": "animated_java:item/screech_models/tentacle_base6"
		},
		{
			"predicate": {
				"custom_model_data": 33
			},
			"model": "animated_java:item/screech_models/tentacle_part_11"
		},
		{
			"predicate": {
				"custom_model_data": 34
			},
			"model": "animated_java:item/screech_models/tentacle_part_12"
		},
		{
			"predicate": {
				"custom_model_data": 35
			},
			"model": "animated_java:item/screech_models/tentacle_end6"
		},
		{
			"predicate": {
				"custom_model_data": 36
			},
			"model": "animated_java:item/screech_models/root"
		},
		{
			"predicate": {
				"custom_model_data": 37
			},
			"model": "animated_java:item/seek_models/right_foot"
		},
		{
			"predicate": {
				"custom_model_data": 38
			},
			"model": "animated_java:item/seek_models/right_shin"
		},
		{
			"predicate": {
				"custom_model_data": 39
			},
			"model": "animated_java:item/seek_models/right_thigh"
		},
		{
			"predicate": {
				"custom_model_data": 40
			},
			"model": "animated_java:item/seek_models/left_foot"
		},
		{
			"predicate": {
				"custom_model_data": 41
			},
			"model": "animated_java:item/seek_models/left_shin"
		},
		{
			"predicate": {
				"custom_model_data": 42
			},
			"model": "animated_java:item/seek_models/left_thigh"
		},
		{
			"predicate": {
				"custom_model_data": 43
			},
			"model": "animated_java:item/seek_models/eye"
		},
		{
			"predicate": {
				"custom_model_data": 44
			},
			"model": "animated_java:item/seek_models/head"
		},
		{
			"predicate": {
				"custom_model_data": 45
			},
			"model": "animated_java:item/seek_models/right_hand"
		},
		{
			"predicate": {
				"custom_model_data": 46
			},
			"model": "animated_java:item/seek_models/right_lower_arm"
		},
		{
			"predicate": {
				"custom_model_data": 47
			},
			"model": "animated_java:item/seek_models/right_upper_arm"
		},
		{
			"predicate": {
				"custom_model_data": 48
			},
			"model": "animated_java:item/seek_models/left_hand"
		},
		{
			"predicate": {
				"custom_model_data": 49
			},
			"model": "animated_java:item/seek_models/left_lower_arm"
		},
		{
			"predicate": {
				"custom_model_data": 50
			},
			"model": "animated_java:item/seek_models/left_upper_arm"
		},
		{
			"predicate": {
				"custom_model_data": 51
			},
			"model": "animated_java:item/seek_models/body"
		},
		{
			"predicate": {
				"custom_model_data": 52
			},
			"model": "animated_java:item/dupe_models/default/rarmbicep"
		},
		{
			"predicate": {
				"custom_model_data": 53
			},
			"model": "animated_java:item/dupe_models/default/rarmforearm"
		},
		{
			"predicate": {
				"custom_model_data": 54
			},
			"model": "animated_java:item/dupe_models/default/rhand"
		},
		{
			"predicate": {
				"custom_model_data": 55
			},
			"model": "animated_java:item/dupe_models/default/larmbicep"
		},
		{
			"predicate": {
				"custom_model_data": 56
			},
			"model": "animated_java:item/dupe_models/default/larmforearm"
		},
		{
			"predicate": {
				"custom_model_data": 57
			},
			"model": "animated_java:item/dupe_models/default/lhand"
		},
		{
			"predicate": {
				"custom_model_data": 58
			},
			"model": "animated_java:item/dupe_models/default/bmouth"
		},
		{
			"predicate": {
				"custom_model_data": 59
			},
			"model": "animated_java:item/dupe_models/default/tmouth"
		},
		{
			"predicate": {
				"custom_model_data": 60
			},
			"model": "animated_java:item/dupe_models/default/eyes"
		}
	],
	"animated_java": {
		"dupe_models": [52, 53, 54, 55, 56, 57, 58, 59, 60],
		"screech_models": [1, 2, 3, 4, 5, 6, 7, 8, 9, 10, 11, 12, 13, 14, 15, 16, 17, 18, 19, 20, 21, 22, 23, 24, 25, 26, 27, 28, 29, 30, 31, 32, 33, 34, 35, 36],
		"seek_models": [37, 38, 39, 40, 41, 42, 43, 44, 45, 46, 47, 48, 49, 50, 51]
	}
}