{
	"credit": "Made with Blockbench",
	"texture_size": [32, 32],
	"textures": {
		"0": "item/doors/entities/seek_eye",
		"particle": "item/doors/entities/seek_eye"
	},
	"elements": [
		{
			"from": [2, 0, 7],
			"to": [14, 8, 9],
			"rotation": {"angle": 0, "axis": "y", "origin": [8, 0, 7]},
			"faces": {
				"north": {"uv": [0, 0, 6, 4], "texture": "#0"},
				"east": {"uv": [0, 8, 1, 12], "texture": "#0"},
				"south": {"uv": [0, 4, 6, 8], "texture": "#0"},
				"west": {"uv": [1, 8, 2, 12], "texture": "#0"},
				"up": {"uv": [12, 7, 6, 6], "texture": "#0"},
				"down": {"uv": [12, 7, 6, 8], "texture": "#0"}
			}
		},
		{
			"from": [4, 1, 6.5],
			"to": [12, 7, 7],
			"rotation": {"angle": 0, "axis": "y", "origin": [8, 0, 7]},
			"faces": {
				"north": {"uv": [6, 0, 10, 3], "texture": "#0"},
				"east": {"uv": [2, 8.5, 2.5, 11.5], "texture": "#0"},
				"south": {"uv": [6, 3, 10, 6], "texture": "#0"},
				"west": {"uv": [2.5, 8.5, 3, 11.5], "texture": "#0"},
				"up": {"uv": [6, 8.5, 2, 8], "texture": "#0"},
				"down": {"uv": [10, 8, 6, 8.5], "texture": "#0"}
			}
		},
		{
			"from": [6.5, 3, 6.25],
			"to": [9.5, 5, 6.5],
			"rotation": {"angle": 0, "axis": "y", "origin": [7.5, 3, 5]},
			"faces": {
				"north": {"uv": [3, 8.5, 4.5, 9.5], "texture": "#0"},
				"east": {"uv": [6, 9, 6.5, 10], "texture": "#0"},
				"south": {"uv": [4.5, 8.5, 6, 9.5], "texture": "#0"},
				"west": {"uv": [6.5, 9, 7, 10], "texture": "#0"},
				"up": {"uv": [7.5, 9, 6, 8.5], "texture": "#0"},
				"down": {"uv": [9, 8.5, 7.5, 9], "texture": "#0"}
			}
		}
	],
	"gui_light": "front",
	"display": {
		"thirdperson_righthand": {
			"rotation": [0, 180, 0],
			"translation": [0, 6.25, 1.25]
		},
		"thirdperson_lefthand": {
			"rotation": [0, -180, 0],
			"translation": [0, 6.25, 1.25]
		},
		"firstperson_righthand": {
			"rotation": [0, 180, 0],
			"translation": [0, 6.5, 0]
		},
		"firstperson_lefthand": {
			"rotation": [0, -180, 0],
			"translation": [0, 6.5, 0]
		},
		"ground": {
			"translation": [0, 5, 0]
		},
		"gui": {
			"rotation": [0, 180, 0],
			"translation": [0, 4.25, 0]
		},
		"head": {
			"translation": [0, 5.25, -7.25]
		},
		"fixed": {
			"translation": [0, 3.75, 0]
		}
	},
	"groups": [
		{
			"name": "root",
			"origin": [8, 8, 8],
			"color": 0,
			"children": [0, 1, 2]
		}
	]
}