{
	"credit": "Made with Blockbench",
	"texture_size": [48, 48],
	"textures": {
		"0": "item/doors/desks/desk_top",
		"1": "block/stripped_spruce_log"
	},
	"elements": [
		{
			"from": [29.25, 2, 1],
			"to": [31.25, 16, 15],
			"rotation": {"angle": 0, "axis": "y", "origin": [29.5, 13, 15]},
			"faces": {
				"north": {"uv": [2, 0, 0, 14], "texture": "#1"},
				"east": {"uv": [14, 0, 0, 14], "texture": "#1"},
				"south": {"uv": [2, 0, 0, 14], "texture": "#1"},
				"west": {"uv": [14, 0, 0, 14], "texture": "#1"},
				"up": {"uv": [0, 14, 2, 0], "texture": "#1"},
				"down": {"uv": [0, 14, 2, 0], "texture": "#1"}
			}
		},
		{
			"from": [-15.25, 2, 1],
			"to": [-13.25, 16, 15],
			"rotation": {"angle": 0, "axis": "y", "origin": [-15, 13, 15]},
			"faces": {
				"north": {"uv": [2, 0, 0, 14], "texture": "#1"},
				"east": {"uv": [14, 0, 0, 14], "texture": "#1"},
				"south": {"uv": [2, 0, 0, 14], "texture": "#1"},
				"west": {"uv": [14, 0, 0, 14], "texture": "#1"},
				"up": {"uv": [0, 14, 2, 0], "texture": "#1"},
				"down": {"uv": [0, 14, 2, 0], "texture": "#1"}
			}
		},
		{
			"from": [-15.25, 16, 1],
			"to": [31.25, 18, 15],
			"rotation": {"angle": 0, "axis": "y", "origin": [31.5, 16, 15]},
			"faces": {
				"north": {"uv": [0, 0, 15.58333, 0.66667], "texture": "#0"},
				"east": {"uv": [0, 0, 4.66667, 0.66667], "texture": "#0"},
				"south": {"uv": [0, 0, 15.58333, 0.66667], "texture": "#0"},
				"west": {"uv": [0, 0, 4.66667, 0.66667], "texture": "#0"},
				"up": {"uv": [0, 2, 14, 16], "texture": "#0"},
				"down": {"uv": [0, 0, 15.58333, 4.66667], "texture": "#0"}
			}
		},
		{
			"from": [-15.75, 18, 0.5],
			"to": [31.75, 19, 15.5],
			"rotation": {"angle": 0, "axis": "y", "origin": [31, 18, 15]},
			"faces": {
				"north": {"uv": [16, 0, 0, 0.33333], "texture": "#0"},
				"east": {"uv": [5, 0, 0, 0.33333], "texture": "#0"},
				"south": {"uv": [16, 0, 0, 0.33333], "texture": "#0"},
				"west": {"uv": [5, 0, 0, 0.33333], "texture": "#0"},
				"up": {"uv": [0, 5, 16, 0], "texture": "#0"},
				"down": {"uv": [0, 16, 16, 0], "texture": "#0"}
			}
		},
		{
			"from": [-13.25, 13, 14],
			"to": [29.25, 16, 15],
			"rotation": {"angle": 0, "axis": "y", "origin": [27.25, 13, 15]},
			"faces": {
				"north": {"uv": [14.25, 0, 0, 1], "texture": "#0"},
				"east": {"uv": [1, 0, 0, 6], "texture": "#0"},
				"south": {"uv": [14.25, 2.33333, 0, 3.33333], "texture": "#0"},
				"west": {"uv": [1, 0, 0, 6], "texture": "#0"},
				"up": {"uv": [0, 1, 12, 0], "texture": "#0"},
				"down": {"uv": [0, 1, 12, 0], "texture": "#0"}
			}
		},
		{
			"from": [23.25, 13, 1],
			"to": [29.25, 16, 2],
			"rotation": {"angle": 0, "axis": "y", "origin": [27.25, 13, 2]},
			"faces": {
				"north": {"uv": [2, 0, 0, 1], "texture": "#0"},
				"east": {"uv": [0.33333, 0, 0, 1], "texture": "#0"},
				"south": {"uv": [2, 2.33333, 0, 3.33333], "texture": "#0"},
				"west": {"uv": [0.33333, 0, 0, 1], "texture": "#0"},
				"up": {"uv": [0, 0.33333, 2.16667, 0], "texture": "#0"},
				"down": {"uv": [0, 0.33333, 2, 0], "texture": "#0"}
			}
		},
		{
			"from": [23.25, 13, 2],
			"to": [24.25, 16, 14],
			"rotation": {"angle": 0, "axis": "y", "origin": [27.25, 13, 3]},
			"faces": {
				"north": {"uv": [0.33333, 0, 0, 1], "texture": "#0"},
				"east": {"uv": [4, 0, 0, 1], "texture": "#0"},
				"south": {"uv": [0.33333, 2.33333, 0, 3.33333], "texture": "#0"},
				"west": {"uv": [4, 0, 0, 1], "texture": "#0"},
				"up": {"uv": [0, 4, 0.33333, 0], "texture": "#0"},
				"down": {"uv": [0, 4, 0.33333, 0], "texture": "#0"}
			}
		},
		{
			"from": [-8.25, 13, 2],
			"to": [-7.25, 16, 14],
			"rotation": {"angle": 0, "axis": "y", "origin": [-4.25, 13, 3]},
			"faces": {
				"north": {"uv": [0.33333, 0, 0, 1], "texture": "#0"},
				"east": {"uv": [4, 0, 0, 1], "texture": "#0"},
				"south": {"uv": [0.33333, 2.33333, 0, 3.33333], "texture": "#0"},
				"west": {"uv": [4, 0, 0, 1], "texture": "#0"},
				"up": {"uv": [0, 4, 0.33333, 0], "texture": "#0"},
				"down": {"uv": [0, 4, 0.33333, 0], "texture": "#0"}
			}
		},
		{
			"from": [-13.25, 13, 1],
			"to": [-7.25, 16, 2],
			"rotation": {"angle": 0, "axis": "y", "origin": [-9.25, 13, 2]},
			"faces": {
				"north": {"uv": [2, 0, 0, 1], "texture": "#0"},
				"east": {"uv": [0.33333, 0, 0, 1], "texture": "#0"},
				"south": {"uv": [2, 2.33333, 0, 3.33333], "texture": "#0"},
				"west": {"uv": [0.33333, 0, 0, 1], "texture": "#0"},
				"up": {"uv": [0, 0.33333, 2.16667, 0], "texture": "#0"},
				"down": {"uv": [0, 0.33333, 2, 0], "texture": "#0"}
			}
		},
		{
			"from": [-13.25, 11, 1],
			"to": [29.25, 13, 15],
			"rotation": {"angle": 0, "axis": "y", "origin": [29.5, 11, 15]},
			"faces": {
				"north": {"uv": [1.83333, 0, 16, 0.66667], "texture": "#0"},
				"east": {"uv": [0, 5, 14, 7], "texture": "#0"},
				"south": {"uv": [0, 4.66667, 14.16667, 5.33333], "texture": "#0"},
				"west": {"uv": [0, 5, 14, 7], "texture": "#0"},
				"up": {"uv": [0, 0, 14.16667, 4.66667], "texture": "#0"},
				"down": {"uv": [0, 0, 14.16667, 4.66667], "texture": "#0"}
			}
		},
		{
			"from": [-13.25, 2, 14],
			"to": [29.5, 11, 15],
			"rotation": {"angle": 0, "axis": "y", "origin": [-1.25, 13, 15]},
			"faces": {
				"north": {"uv": [14.25, 0, 0, 3], "texture": "#0"},
				"east": {"uv": [0.33333, 0, 0, 3], "texture": "#0"},
				"south": {"uv": [14.25, 0, 0, 3], "texture": "#0"},
				"west": {"uv": [0.33333, 0, 0, 3], "texture": "#0"},
				"up": {"uv": [0, 0.33333, 14.25, 0], "texture": "#0"},
				"down": {"uv": [0, 0.33333, 14.25, 0], "texture": "#0"}
			}
		},
		{
			"from": [29.25, 0, 1],
			"to": [31.25, 2, 3],
			"rotation": {"angle": 0, "axis": "y", "origin": [29.25, 0, 3]},
			"faces": {
				"north": {"uv": [2, 0, 0, 2], "texture": "#1"},
				"east": {"uv": [2, 0, 0, 2], "texture": "#1"},
				"south": {"uv": [2, 0, 0, 2], "texture": "#1"},
				"west": {"uv": [2, 0, 0, 2], "texture": "#1"},
				"up": {"uv": [0, 2, 2, 0], "texture": "#1"},
				"down": {"uv": [0, 2, 2, 0], "texture": "#1"}
			}
		},
		{
			"from": [29.25, 0, 13],
			"to": [31.25, 2, 15],
			"rotation": {"angle": 0, "axis": "y", "origin": [29.25, 0, 15]},
			"faces": {
				"north": {"uv": [2, 0, 0, 2], "texture": "#1"},
				"east": {"uv": [2, 0, 0, 2], "texture": "#1"},
				"south": {"uv": [2, 0, 0, 2], "texture": "#1"},
				"west": {"uv": [2, 0, 0, 2], "texture": "#1"},
				"up": {"uv": [0, 2, 2, 0], "texture": "#1"},
				"down": {"uv": [0, 2, 2, 0], "texture": "#1"}
			}
		},
		{
			"from": [-15.25, 0, 13],
			"to": [-13.25, 2, 15],
			"rotation": {"angle": 0, "axis": "y", "origin": [-15.25, 0, 15]},
			"faces": {
				"north": {"uv": [2, 0, 0, 2], "texture": "#1"},
				"east": {"uv": [2, 0, 0, 2], "texture": "#1"},
				"south": {"uv": [2, 0, 0, 2], "texture": "#1"},
				"west": {"uv": [2, 0, 0, 2], "texture": "#1"},
				"up": {"uv": [0, 2, 2, 0], "texture": "#1"},
				"down": {"uv": [0, 2, 2, 0], "texture": "#1"}
			}
		},
		{
			"from": [-15.25, 0, 1],
			"to": [-13.25, 2, 3],
			"rotation": {"angle": 0, "axis": "y", "origin": [-15.25, 0, 3]},
			"faces": {
				"north": {"uv": [2, 0, 0, 2], "texture": "#1"},
				"east": {"uv": [2, 0, 0, 2], "texture": "#1"},
				"south": {"uv": [2, 0, 0, 2], "texture": "#1"},
				"west": {"uv": [2, 0, 0, 2], "texture": "#1"},
				"up": {"uv": [0, 2, 2, 0], "texture": "#1"},
				"down": {"uv": [0, 2, 2, 0], "texture": "#1"}
			}
		}
	],
	"display": {
		"thirdperson_righthand": {
			"rotation": [-83.5, 0, 0],
			"translation": [0.5, 4, -5]
		},
		"thirdperson_lefthand": {
			"rotation": [-81.5, 0, 0],
			"translation": [-15.5, -2, -6]
		},
		"firstperson_righthand": {
			"rotation": [-87.26, 0.36, -0.72],
			"translation": [0, 1.5, -4.75]
		},
		"firstperson_lefthand": {
			"rotation": [-86.75, 0, 0],
			"translation": [-0.5, -2.25, -5.5]
		},
		"ground": {
			"translation": [0, 4.5, 0]
		},
		"gui": {
			"rotation": [27.5, 0, 0],
			"translation": [0, -0.5, 0],
			"scale": [0.86133, 0.69727, 1]
		},
		"fixed": {
			"rotation": [-180, 0, 180],
			"translation": [0, -2.25, -7.25]
		}
	},
	"groups": [
		{
			"name": "root",
			"origin": [11, 3, 17],
			"color": 0,
			"children": [0, 1, 2, 3, 4, 5, 6, 7, 8, 9, 10, 11, 12, 13, 14]
		}
	]
}