{
	"credit": "Made with Blockbench",
	"texture_size": [48, 48],
	"textures": {
		"0": "item/doors/desks/desk_top",
		"1": "block/stripped_spruce_log"
	},
	"elements": [
		{
			"from": [17, 2, 1],
			"to": [31, 3, 15],
			"rotation": {"angle": 0, "axis": "y", "origin": [17, 1, 13]},
			"faces": {
				"north": {"uv": [14, 0, 0, 1], "texture": "#1"},
				"east": {"uv": [14, 15, 0, 16], "texture": "#1"},
				"south": {"uv": [14, 0, 0, 1], "texture": "#1"},
				"west": {"uv": [14, 15, 0, 16], "texture": "#1"},
				"up": {"uv": [0, 13, 14, 0], "texture": "#1"},
				"down": {"uv": [0, 13, 15, 0], "texture": "#1"}
			}
		},
		{
			"from": [18.5, 0, 12],
			"to": [20.5, 2, 14],
			"rotation": {"angle": 0, "axis": "y", "origin": [18.5, 0, 14]},
			"faces": {
				"north": {"uv": [2, 0, 0, 2], "texture": "#1"},
				"east": {"uv": [2, 0, 0, 2], "texture": "#1"},
				"south": {"uv": [2, 0, 0, 2], "texture": "#1"},
				"west": {"uv": [2, 0, 0, 2], "texture": "#1"},
				"up": {"uv": [0, 2, 2, 0], "texture": "#1"},
				"down": {"uv": [0, 2, 2, 0], "texture": "#1"}
			}
		},
		{
			"from": [18, 0, 2],
			"to": [20, 2, 4],
			"rotation": {"angle": 0, "axis": "y", "origin": [18, 0, 4]},
			"faces": {
				"north": {"uv": [2, 0, 0, 2], "texture": "#1"},
				"east": {"uv": [2, 0, 0, 2], "texture": "#1"},
				"south": {"uv": [2, 0, 0, 2], "texture": "#1"},
				"west": {"uv": [2, 0, 0, 2], "texture": "#1"},
				"up": {"uv": [0, 2, 2, 0], "texture": "#1"},
				"down": {"uv": [0, 2, 2, 0], "texture": "#1"}
			}
		},
		{
			"from": [-15.25, 0, 1],
			"to": [-13.25, 2, 3],
			"rotation": {"angle": 0, "axis": "y", "origin": [-15.25, 0, 3]},
			"faces": {
				"north": {"uv": [2, 0, 0, 2], "texture": "#1"},
				"east": {"uv": [2, 0, 0, 2], "texture": "#1"},
				"south": {"uv": [2, 0, 0, 2], "texture": "#1"},
				"west": {"uv": [2, 0, 0, 2], "texture": "#1"},
				"up": {"uv": [0, 2, 2, 0], "texture": "#1"},
				"down": {"uv": [0, 2, 2, 0], "texture": "#1"}
			}
		},
		{
			"from": [-15.75, 0, 13],
			"to": [-13.75, 2, 15],
			"rotation": {"angle": 0, "axis": "y", "origin": [-15.75, 0, 15]},
			"faces": {
				"north": {"uv": [2, 0, 0, 2], "texture": "#1"},
				"east": {"uv": [2, 0, 0, 2], "texture": "#1"},
				"south": {"uv": [2, 0, 0, 2], "texture": "#1"},
				"west": {"uv": [2, 0, 0, 2], "texture": "#1"},
				"up": {"uv": [0, 2, 2, 0], "texture": "#1"},
				"down": {"uv": [0, 2, 2, 0], "texture": "#1"}
			}
		},
		{
			"from": [27.5, 0, 12],
			"to": [29.5, 2, 14],
			"rotation": {"angle": 0, "axis": "y", "origin": [27.5, 0, 14]},
			"faces": {
				"north": {"uv": [2, 0, 0, 2], "texture": "#1"},
				"east": {"uv": [2, 0, 0, 2], "texture": "#1"},
				"south": {"uv": [2, 0, 0, 2], "texture": "#1"},
				"west": {"uv": [2, 0, 0, 2], "texture": "#1"},
				"up": {"uv": [0, 2, 2, 0], "texture": "#1"},
				"down": {"uv": [0, 2, 2, 0], "texture": "#1"}
			}
		},
		{
			"from": [28, 0, 2],
			"to": [30, 2, 4],
			"rotation": {"angle": 0, "axis": "y", "origin": [28, 0, 4]},
			"faces": {
				"north": {"uv": [2, 0, 0, 2], "texture": "#1"},
				"east": {"uv": [2, 0, 0, 2], "texture": "#1"},
				"south": {"uv": [2, 0, 0, 2], "texture": "#1"},
				"west": {"uv": [2, 0, 0, 2], "texture": "#1"},
				"up": {"uv": [0, 2, 2, 0], "texture": "#1"},
				"down": {"uv": [0, 2, 2, 0], "texture": "#1"}
			}
		},
		{
			"from": [17, 13, 1],
			"to": [18, 16, 15],
			"rotation": {"angle": 0, "axis": "y", "origin": [17, 13, 15]},
			"faces": {
				"north": {"uv": [1, 2, 0, 5], "texture": "#1"},
				"east": {"uv": [14, 0, 0, 3], "texture": "#1"},
				"south": {"uv": [1, 0, 0, 6], "texture": "#1"},
				"west": {"uv": [14, 2, 0, 5], "texture": "#1"},
				"up": {"uv": [0, 14, 1, 0], "texture": "#1"},
				"down": {"uv": [0, 14, 1, 0], "texture": "#1"}
			}
		},
		{
			"from": [-15.25, 2, 1],
			"to": [-13.25, 16, 15],
			"rotation": {"angle": 0, "axis": "y", "origin": [-15.25, 13, 15]},
			"faces": {
				"north": {"uv": [2, 0, 0, 14], "texture": "#1"},
				"east": {"uv": [14, 0, 0, 14], "texture": "#1"},
				"south": {"uv": [2, 0, 0, 14], "texture": "#1"},
				"west": {"uv": [14, 0, 0, 14], "texture": "#1"},
				"up": {"uv": [0, 14, 2, 0], "texture": "#1"},
				"down": {"uv": [0, 14, 2, 0], "texture": "#1"}
			}
		},
		{
			"from": [-13.25, 2, 14],
			"to": [17.25, 16, 15],
			"rotation": {"angle": 0, "axis": "y", "origin": [-13.25, 13, 15]},
			"faces": {
				"north": {"uv": [10.16667, 0, 0, 4.66667], "texture": "#0"},
				"east": {"uv": [0.33333, 0, 0, 4.66667], "texture": "#0"},
				"south": {"uv": [10.16667, 0, 0, 4.66667], "texture": "#0"},
				"west": {"uv": [0.33333, 0, 0, 4.66667], "texture": "#0"},
				"up": {"uv": [0, 0.33333, 10.16667, 0], "texture": "#0"},
				"down": {"uv": [0, 0.33333, 10.16667, 0], "texture": "#0"}
			}
		},
		{
			"from": [17, 8, 1],
			"to": [18, 11, 15],
			"rotation": {"angle": 0, "axis": "y", "origin": [17, 8, 15]},
			"faces": {
				"north": {"uv": [1, 2, 0, 5], "texture": "#1"},
				"east": {"uv": [14, 0, 0, 3], "texture": "#1"},
				"south": {"uv": [1, 0, 0, 6], "texture": "#1"},
				"west": {"uv": [14, 7, 0, 10], "texture": "#1"},
				"up": {"uv": [0, 14, 1, 0], "texture": "#1"},
				"down": {"uv": [0, 14, 1, 0], "texture": "#1"}
			}
		},
		{
			"from": [17, 3, 1],
			"to": [18, 6, 15],
			"rotation": {"angle": 0, "axis": "y", "origin": [17, 3, 15]},
			"faces": {
				"north": {"uv": [1, 2, 0, 5], "texture": "#1"},
				"east": {"uv": [14, 0, 0, 3], "texture": "#1"},
				"south": {"uv": [1, 0, 0, 6], "texture": "#1"},
				"west": {"uv": [14, 12, 0, 15], "texture": "#1"},
				"up": {"uv": [0, 14, 1, 0], "texture": "#1"},
				"down": {"uv": [0, 14, 1, 0], "texture": "#1"}
			}
		},
		{
			"from": [30, 3, 1],
			"to": [31, 6, 15],
			"rotation": {"angle": 0, "axis": "y", "origin": [30, 3, 15]},
			"faces": {
				"north": {"uv": [1, 2, 0, 5], "texture": "#1"},
				"east": {"uv": [14, 12, 0, 15], "texture": "#1"},
				"south": {"uv": [1, 0, 0, 6], "texture": "#1"},
				"west": {"uv": [14, 3, 0, 6], "texture": "#1"},
				"up": {"uv": [0, 14, 1, 0], "texture": "#1"},
				"down": {"uv": [0, 14, 1, 0], "texture": "#1"}
			}
		},
		{
			"from": [30, 8, 1],
			"to": [31, 11, 15],
			"rotation": {"angle": 0, "axis": "y", "origin": [30, 8, 15]},
			"faces": {
				"north": {"uv": [1, 2, 0, 5], "texture": "#1"},
				"east": {"uv": [14, 7, 0, 10], "texture": "#1"},
				"south": {"uv": [1, 0, 0, 6], "texture": "#1"},
				"west": {"uv": [14, 3, 0, 6], "texture": "#1"},
				"up": {"uv": [0, 14, 1, 0], "texture": "#1"},
				"down": {"uv": [0, 14, 1, 0], "texture": "#1"}
			}
		},
		{
			"from": [30, 13, 1],
			"to": [31, 16, 15],
			"rotation": {"angle": 0, "axis": "y", "origin": [30, 13, 15]},
			"faces": {
				"north": {"uv": [1, 2, 0, 5], "texture": "#1"},
				"east": {"uv": [14, 2, 0, 5], "texture": "#1"},
				"south": {"uv": [1, 0, 0, 6], "texture": "#1"},
				"west": {"uv": [14, 3, 0, 6], "texture": "#1"},
				"up": {"uv": [0, 14, 1, 0], "texture": "#1"},
				"down": {"uv": [0, 14, 1, 0], "texture": "#1"}
			}
		},
		{
			"from": [-15.25, 16, 1],
			"to": [31.25, 18, 15],
			"rotation": {"angle": 0, "axis": "y", "origin": [31.5, 16, 15]},
			"faces": {
				"north": {"uv": [0, 0, 15.58333, 0.66667], "texture": "#0"},
				"east": {"uv": [0, 0, 4.66667, 0.66667], "texture": "#0"},
				"south": {"uv": [0, 0, 15.58333, 0.66667], "texture": "#0"},
				"west": {"uv": [0, 0, 4.66667, 0.66667], "texture": "#0"},
				"up": {"uv": [0, 2, 14, 16], "texture": "#0"},
				"down": {"uv": [0, 0, 15.58333, 4.66667], "texture": "#0"}
			}
		},
		{
			"from": [17, 6, 1],
			"to": [31, 8, 15],
			"rotation": {"angle": 0, "axis": "y", "origin": [31, 6, 15]},
			"faces": {
				"north": {"uv": [2, 0, 16, 2], "texture": "#1"},
				"east": {"uv": [0, 10, 14, 12], "texture": "#1"},
				"south": {"uv": [0, 11, 14, 13], "texture": "#1"},
				"west": {"uv": [0, 10, 14, 12], "texture": "#1"},
				"up": {"uv": [0, 2, 14, 16], "texture": "#1"},
				"down": {"uv": [0, 2, 14, 16], "texture": "#1"}
			}
		},
		{
			"from": [17, 11, 1],
			"to": [31, 13, 15],
			"rotation": {"angle": 0, "axis": "y", "origin": [31, 11, 15]},
			"faces": {
				"north": {"uv": [2, 0, 16, 2], "texture": "#1"},
				"east": {"uv": [0, 5, 14, 7], "texture": "#1"},
				"south": {"uv": [0, 6, 14, 8], "texture": "#1"},
				"west": {"uv": [0, 5, 14, 7], "texture": "#1"},
				"up": {"uv": [0, 2, 14, 16], "texture": "#1"},
				"down": {"uv": [0, 2, 14, 16], "texture": "#1"}
			}
		},
		{
			"from": [-16, 18, 0.5],
			"to": [31.75, 19, 15.5],
			"rotation": {"angle": 0, "axis": "y", "origin": [31, 18, 15]},
			"faces": {
				"north": {"uv": [16, 0, 0, 0.33333], "texture": "#0"},
				"east": {"uv": [5, 0, 0, 0.33333], "texture": "#0"},
				"south": {"uv": [16, 0, 0, 0.33333], "texture": "#0"},
				"west": {"uv": [5, 0, 0, 0.33333], "texture": "#0"},
				"up": {"uv": [0, 5, 16, 0], "texture": "#0"},
				"down": {"uv": [0, 5, 15.91667, 0], "texture": "#0"}
			}
		},
		{
			"from": [18, 3, 14],
			"to": [30, 6, 15],
			"rotation": {"angle": 0, "axis": "y", "origin": [28, 3, 15]},
			"faces": {
				"north": {"uv": [12, 0, 0, 3], "texture": "#1"},
				"east": {"uv": [1, 0, 0, 6], "texture": "#1"},
				"south": {"uv": [12, 13, 0, 16], "texture": "#1"},
				"west": {"uv": [1, 0, 0, 6], "texture": "#1"},
				"up": {"uv": [0, 1, 12, 0], "texture": "#1"},
				"down": {"uv": [0, 1, 12, 0], "texture": "#1"}
			}
		},
		{
			"from": [18, 13, 14],
			"to": [30, 16, 15],
			"rotation": {"angle": 0, "axis": "y", "origin": [28, 13, 15]},
			"faces": {
				"north": {"uv": [12, 0, 0, 3], "texture": "#1"},
				"east": {"uv": [1, 0, 0, 6], "texture": "#1"},
				"south": {"uv": [12, 3, 0, 6], "texture": "#1"},
				"west": {"uv": [1, 0, 0, 6], "texture": "#1"},
				"up": {"uv": [0, 1, 12, 0], "texture": "#1"},
				"down": {"uv": [0, 1, 12, 0], "texture": "#1"}
			}
		},
		{
			"from": [18, 8, 14],
			"to": [30, 11, 15],
			"rotation": {"angle": 0, "axis": "y", "origin": [28, 8, 15]},
			"faces": {
				"north": {"uv": [12, 0, 0, 3], "texture": "#1"},
				"east": {"uv": [1, 0, 0, 6], "texture": "#1"},
				"south": {"uv": [12, 8, 0, 11], "texture": "#1"},
				"west": {"uv": [1, 0, 0, 6], "texture": "#1"},
				"up": {"uv": [0, 1, 12, 0], "texture": "#1"},
				"down": {"uv": [0, 1, 12, 0], "texture": "#1"}
			}
		}
	],
	"display": {
		"thirdperson_righthand": {
			"rotation": [-83.5, 0, 0],
			"translation": [0.5, 4, -5]
		},
		"thirdperson_lefthand": {
			"rotation": [-81.5, 0, 0],
			"translation": [-15.5, -2, -6]
		},
		"firstperson_righthand": {
			"rotation": [-87.26, 0.36, -0.72],
			"translation": [0, 1.5, -4.75]
		},
		"firstperson_lefthand": {
			"rotation": [-86.75, 0, 0],
			"translation": [-0.5, -2.25, -5.5]
		},
		"ground": {
			"translation": [0, 4.5, 0]
		},
		"gui": {
			"rotation": [27.5, 0, 0],
			"translation": [0, -0.5, 0],
			"scale": [0.86133, 0.69727, 1]
		},
		"fixed": {
			"rotation": [-180, 0, 180],
			"translation": [0, -2.25, -7.25]
		}
	},
	"groups": [
		{
			"name": "root",
			"origin": [11, 3, 17],
			"color": 0,
			"children": [0, 1, 2, 3, 4, 5, 6, 7, 8, 9, 10, 11, 12, 13, 14, 15, 16, 17, 18, 19, 20, 21]
		}
	]
}