{
	"credit": "Made with Blockbench",
	"texture_size": [64, 64],
	"textures": {
		"0": "item/doors/desks/desk_top",
		"1": "block/stripped_spruce_log",
		"2": "item/doors/desks/desk_cloth"
	},
	"elements": [
		{
			"from": [29.25, 0, 1],
			"to": [31.25, 16, 3],
			"rotation": {"angle": 0, "axis": "y", "origin": [29.25, 0, 3]},
			"faces": {
				"north": {"uv": [2, 0, 0, 16], "texture": "#1"},
				"east": {"uv": [2, 0, 0, 16], "texture": "#1"},
				"south": {"uv": [2, 0, 0, 16], "texture": "#1"},
				"west": {"uv": [2, 0, 0, 16], "texture": "#1"},
				"up": {"uv": [0, 2, 2, 0], "texture": "#1"},
				"down": {"uv": [0, 2, 2, 0], "texture": "#1"}
			}
		},
		{
			"from": [29.25, 11, 3],
			"to": [31.25, 13, 13],
			"rotation": {"angle": 0, "axis": "y", "origin": [29.25, -1, 5]},
			"faces": {
				"north": {"uv": [2, 0, 0, 2], "texture": "#1"},
				"east": {"uv": [10, 0, 0, 2], "texture": "#1"},
				"south": {"uv": [2, 0, 0, 2], "texture": "#1"},
				"west": {"uv": [10, 0, 0, 2], "texture": "#1"},
				"up": {"uv": [0, 10, 2, 0], "texture": "#1"},
				"down": {"uv": [0, 10, 2, 0], "texture": "#1"}
			}
		},
		{
			"from": [-15.25, 11, 3],
			"to": [-13.25, 13, 13],
			"rotation": {"angle": 0, "axis": "y", "origin": [-15.25, -1, 5]},
			"faces": {
				"north": {"uv": [2, 0, 0, 2], "texture": "#1"},
				"east": {"uv": [10, 0, 0, 2], "texture": "#1"},
				"south": {"uv": [2, 0, 0, 2], "texture": "#1"},
				"west": {"uv": [10, 0, 0, 2], "texture": "#1"},
				"up": {"uv": [0, 10, 2, 0], "texture": "#1"},
				"down": {"uv": [0, 10, 2, 0], "texture": "#1"}
			}
		},
		{
			"from": [29.25, 0, 13],
			"to": [31.25, 16, 15],
			"rotation": {"angle": 0, "axis": "y", "origin": [29.25, 0, 15]},
			"faces": {
				"north": {"uv": [2, 0, 0, 2], "texture": "#1"},
				"east": {"uv": [2, 0, 0, 16], "texture": "#1"},
				"south": {"uv": [2, 0, 0, 16], "texture": "#1"},
				"west": {"uv": [2, 0, 0, 16], "texture": "#1"},
				"up": {"uv": [0, 2, 2, 0], "texture": "#1"},
				"down": {"uv": [0, 2, 2, 0], "texture": "#1"}
			}
		},
		{
			"from": [-15.25, 0, 13],
			"to": [-13.25, 16, 15],
			"rotation": {"angle": 0, "axis": "y", "origin": [-15.25, 0, 15]},
			"faces": {
				"north": {"uv": [2, 0, 0, 2], "texture": "#1"},
				"east": {"uv": [2, 0, 0, 16], "texture": "#1"},
				"south": {"uv": [2, 0, 0, 16], "texture": "#1"},
				"west": {"uv": [2, 0, 0, 16], "texture": "#1"},
				"up": {"uv": [0, 2, 2, 0], "texture": "#1"},
				"down": {"uv": [0, 2, 2, 0], "texture": "#1"}
			}
		},
		{
			"from": [-15.25, 0, 1],
			"to": [-13.25, 16, 3],
			"rotation": {"angle": 0, "axis": "y", "origin": [-15.25, 0, 3]},
			"faces": {
				"north": {"uv": [2, 0, 0, 2], "texture": "#1"},
				"east": {"uv": [2, 0, 0, 16], "texture": "#1"},
				"south": {"uv": [2, 0, 0, 16], "texture": "#1"},
				"west": {"uv": [2, 0, 0, 16], "texture": "#1"},
				"up": {"uv": [0, 2, 2, 0], "texture": "#1"},
				"down": {"uv": [0, 2, 2, 0], "texture": "#1"}
			}
		},
		{
			"from": [-15.25, 16, 1],
			"to": [31.25, 18, 15],
			"rotation": {"angle": 0, "axis": "y", "origin": [31.5, 16, 15]},
			"faces": {
				"north": {"uv": [0, 0, 15.58333, 0.66667], "texture": "#0"},
				"east": {"uv": [0, 0, 4.66667, 0.66667], "texture": "#0"},
				"south": {"uv": [0, 0, 15.58333, 0.66667], "texture": "#0"},
				"west": {"uv": [0, 0, 4.66667, 0.66667], "texture": "#0"},
				"up": {"uv": [0, 2, 14, 16], "texture": "#0"},
				"down": {"uv": [0, 0, 15.58333, 4.66667], "texture": "#0"}
			}
		},
		{
			"from": [-16, 18, 0.5],
			"to": [31.75, 19, 15.5],
			"rotation": {"angle": 0, "axis": "y", "origin": [31, 18, 15]},
			"faces": {
				"north": {"uv": [16, 0, 0, 0.33333], "texture": "#0"},
				"east": {"uv": [5, 0, 0, 0.33333], "texture": "#0"},
				"south": {"uv": [16, 0, 0, 0.33333], "texture": "#0"},
				"west": {"uv": [5, 0, 0, 0.33333], "texture": "#0"},
				"up": {"uv": [0, 5, 16, 0], "texture": "#0"},
				"down": {"uv": [0, 5, 16, 0], "texture": "#0"}
			}
		},
		{
			"from": [-11, 19, 0.5],
			"to": [26.75, 19.5, 15.5],
			"rotation": {"angle": 0, "axis": "y", "origin": [31, 19, 15]},
			"faces": {
				"north": {"uv": [0, 3.75, 9.4375, 3.875], "texture": "#2"},
				"east": {"uv": [0, 4, 3.75, 4.125], "texture": "#2"},
				"south": {"uv": [0, 3.75, 9.4375, 3.875], "texture": "#2"},
				"west": {"uv": [0, 4, 3.75, 4.125], "texture": "#2"},
				"up": {"uv": [9.4375, 3.75, 0, 0], "texture": "#2"},
				"down": {"uv": [9.4375, 0, 0, 3.75], "texture": "#2"}
			}
		},
		{
			"from": [-11, 16, 0],
			"to": [26.75, 19.5, 0.5],
			"rotation": {"angle": 0, "axis": "y", "origin": [31, 19, 0]},
			"faces": {
				"north": {"uv": [0, 0, 9.4375, 0.875], "texture": "#2"},
				"east": {"uv": [0, 0, 0.125, 0.875], "texture": "#2"},
				"south": {"uv": [0, 0, 9.4375, 0.875], "texture": "#2"},
				"west": {"uv": [0, 0, 0.125, 0.875], "texture": "#2"},
				"up": {"uv": [9.4375, 0.125, 0, 0], "texture": "#2"},
				"down": {"uv": [9.4375, 0, 0, 0.125], "texture": "#2"}
			}
		},
		{
			"from": [-11, 16, 15.5],
			"to": [26.75, 19.5, 16],
			"rotation": {"angle": 0, "axis": "y", "origin": [31, 19, 16]},
			"faces": {
				"north": {"uv": [0, 0, 9.4375, 0.875], "texture": "#2"},
				"east": {"uv": [0, 0, 0.125, 0.875], "texture": "#2"},
				"south": {"uv": [0, 0, 9.4375, 0.875], "texture": "#2"},
				"west": {"uv": [0, 0, 0.125, 0.875], "texture": "#2"},
				"up": {"uv": [9.4375, 0.125, 0, 0], "texture": "#2"},
				"down": {"uv": [9.4375, 0, 0, 0.125], "texture": "#2"}
			}
		}
	],
	"display": {
		"thirdperson_righthand": {
			"rotation": [-83.5, 0, 0],
			"translation": [0.5, 4, -5]
		},
		"thirdperson_lefthand": {
			"rotation": [-81.5, 0, 0],
			"translation": [-15.5, -2, -6]
		},
		"firstperson_righthand": {
			"rotation": [-87.26, 0.36, -0.72],
			"translation": [0, 1.5, -4.75]
		},
		"firstperson_lefthand": {
			"rotation": [-86.75, 0, 0],
			"translation": [-0.5, -2.25, -5.5]
		},
		"ground": {
			"translation": [0, 4.5, 0]
		},
		"gui": {
			"rotation": [27.5, 0, 0],
			"translation": [0, -0.5, 0],
			"scale": [0.86133, 0.69727, 1]
		},
		"fixed": {
			"rotation": [-180, 0, 180],
			"translation": [0, -2.25, -7.25]
		}
	},
	"groups": [
		{
			"name": "root",
			"origin": [11, 3, 17],
			"color": 0,
			"children": [0, 1, 2, 3, 4, 5, 6, 7]
		},
		8,
		9,
		10
	]
}