{
    "$schema": "http://json-schema.org/draft-07/schema#",
    "title": "Minecraft Font Provider",
    "description": "Autocompletion for the minecraft font provider.",
    "type": "object",
    "properties": {
        "providers": {
            "type": "array",
            "description": "The provider gives the Minecraft compiler all the path and resources for your font",

            "items": {
                    "type": "object",
                    "properties": {
                        "type": {
                            "type": "string",
                            "enum": ["bitmap", "legacy_unicode", "ttf", "space", "unihex", "reference"]
                        },
                        "file": {
                            "type": "string"
                        },
                        "height": {
                            "type": "number",
                            "default": 8
                        },
                        "ascent": {
                            "type": "number"
                        },
                        "chars": {
                            "type": "array",
                            "items": { "type": "string" }
                        }
                    }
                }
        }
    },
    "required": ["providers"]
}