{
    "doors.here_i_come":{"category":"music","sounds":["doors/here_i_come"]},
    "doors.here_i_come_end":{"category":"music","sounds":["doors/here_i_come_end"]},
    "doors.jeffs_jingle":{"category":"music","sounds":["doors/jeffs_jingle"]},
    "doors.dawn_of_the_doors":{"category":"music","sounds":["doors/dawn_of_the_doors"]},
    "doors.dawn_of_the_doors_end":{"category":"music","sounds":["doors/dawn_of_the_doors_end"]},
    "doors.elevator_jam":{"category":"music","sounds":["doors/elevator_jam"]},
    "doors.elevator_jam_end":{"category":"music","sounds":["doors/elevator_jam_end"]},
    "doors.guiding_light":{"category":"music","sounds":["doors/guiding_light"]},
    "doors.guiding_light_end":{"category":"music","sounds":["doors/guiding_light_end"]},
    "doors.unhinged_start":{"category":"music","sounds":["doors/unhinged_start"]},
    "doors.unhinged":{"category":"music","sounds":["doors/unhinged"]},
    "doors.unhinged_end":{"category":"music","sounds":["doors/unhinged_end"]},
    "doors.curious_light":{"category":"music","sounds":["doors/curious_light"]},
    "doors.curious_light_end":{"category":"music","sounds":["doors/curious_light_end"]},
    "doors.dusk_of_the_doors":{"category":"music","sounds":["doors/dusk_of_the_doors"]},
    "doors.dusk_of_the_doors_end":{"category":"music","sounds":["doors/dusk_of_the_doors_end"]},
    "doors.dread":{"category":"music","sounds":["doors/dread"]},
    "doors.dread_end":{"category":"music","sounds":["doors/dread_end"]},
    "doors.elevator_jam_retro_mode":{"category":"music","sounds":["doors/elevator_jam_retro_mode"]},
    "doors.elevator_jam_voiced":{"category":"music","sounds":["doors/elevator_jam_voiced"]},
    "doors.elevator_jammed":{"category":"music","sounds":["doors/elevator_jammed"]},
    "doors.curious_light_door":{"category":"music","sounds":["doors/curious_light_door"]},
    "doors.im_behind_you":{"category":"music","sounds":["doors/im_behind_you"]},
    "doors.unhinged_2":{"category":"music","sounds":["doors/unhinged_2"]},
    "doors.unhinged_2_intense":{"category":"music","sounds":["doors/unhinged_2_intense"]},
    "doors.make_haste":{"category":"music","sounds":["doors/make_haste"]},
    "doors.make_haste_above_1min":{"category":"music","sounds":["doors/make_haste_above_1min"]},
    "doors.make_haste_below_1min":{"category":"music","sounds":["doors/make_haste_below_1min"]},
    "doors.make_haste_below_30s":{"category":"music","sounds":["doors/make_haste_below_30s"]},
    "doors.lever_pull":{"category":"music","sounds":["doors/lever_pull"]},
    "doors.haste_chase":{"category":"music","sounds":["doors/haste_chase"]},
    "doors.haste_near":{"category":"music","sounds":["doors/haste_near"]},

    "doors.elevator_mines":{"category":"music","sounds":["doors/elevator_mines"]},
    "doors.elevator_mines_end":{"category":"music","sounds":["doors/elevator_mines_end"]},
    "doors.mines_intro":{"category":"music","sounds":["doors/mines_intro"]},

    "doors.seek_mines_intro":{"category":"music","sounds":["doors/seek_mines_intro"]},
    "doors.seek_mines_loop_chill":{"category":"music","sounds":["doors/seek_mines_loop_chill"]},
    "doors.seek_mines_cutscene":{"category":"music","sounds":["doors/seek_mines_cutscene"]},
    "doors.seek_mines_loop_hype":{"category":"music","sounds":["doors/seek_mines_loop_hype"]},
    "doors.seek_mines_loop_minecart_chill":{"category":"music","sounds":["doors/seek_mines_loop_minecart_chill"]},
    "doors.seek_mines_ending":{"category":"music","sounds":["doors/seek_mines_ending"]},
    "doors.seek_mines_ending_grumble":{"category":"music","sounds":["doors/seek_mines_ending_grumble"]},

    "doors.grumble_phase_1":{"category":"music","sounds":["doors/grumble_phase_1"]},
    "doors.grumble_phase_2":{"category":"music","sounds":["doors/grumble_phase_2"]},
    "doors.grumble_phase_3":{"category":"music","sounds":["doors/grumble_phase_3"]},
    "doors.grumble_phase_4":{"category":"music","sounds":["doors/grumble_phase_4"]},
    "doors.grumble_intense":{"category":"music","sounds":["doors/grumble_intense"]},
    "doors.grumble_ending":{"category":"music","sounds":["doors/grumble_ending"]},

    "doors.jeffs_jam":{"category":"music","sounds":["doors/jeffs_jam"]},

    "doors.seek_sewer_start":{"category":"music","sounds":["doors/seek_sewer_start"]},
    "doors.seek_sewer_phase_1":{"category":"music","sounds":["doors/seek_sewer_phase_1"]},
    "doors.seek_sewer_phase_2":{"category":"music","sounds":["doors/seek_sewer_phase_2"]},
    "doors.seek_sewer_phase_3":{"category":"music","sounds":["doors/seek_sewer_phase_3"]},
    "doors.seek_sewer_end":{"category":"music","sounds":["doors/seek_sewer_end"]},

    "doors.fresh_rain_loop":{"category":"music","sounds":["doors/fresh_rain_loop"]},
    "doors.ending_outside_cutscene":{"category":"music","sounds":["doors/ending_outside_cutscene"]},

    "doors.sfx.elevator.bell":{"category":"master","sounds":["doors/sfx/elevator/bell"]},
    "doors.sfx.elevator.door_move":{"category":"master","sounds":["doors/sfx/elevator/door_move"]},
    "doors.sfx.elevator.major_timer_tick":{"category":"master","sounds":["doors/sfx/elevator/major_timer_tick"]},
    "doors.sfx.elevator.player_enter":{"category":"master","sounds":["doors/sfx/elevator/player_enter"]},
    "doors.sfx.elevator.timer_tick":{"category":"master","sounds":["doors/sfx/elevator/timer_tick"]},

    "doors.sfx.breaker.beep_off":{"category":"hostile","sounds":["doors/sfx/breaker/beep_off"]},
    "doors.sfx.breaker.beep_on":{"category":"hostile","sounds":["doors/sfx/breaker/beep_on"]},
    "doors.sfx.breaker.correct":{"category":"hostile","sounds":["doors/sfx/breaker/correct"]},
    "doors.sfx.breaker.progress":{"category":"hostile","sounds":["doors/sfx/breaker/progress"]},

    "doors.sfx.entities.rush_far1":{"category":"hostile","sounds":["doors/sfx/entities/rush_far1"]},
    "doors.sfx.entities.rush_far2":{"category":"hostile","sounds":["doors/sfx/entities/rush_far2"]},
    "doors.sfx.entities.rush_far3":{"category":"hostile","sounds":["doors/sfx/entities/rush_far3"]},
    "doors.sfx.entities.rush_far4":{"category":"hostile","sounds":["doors/sfx/entities/rush_far4"]},
    "doors.sfx.entities.rush_far5":{"category":"hostile","sounds":["doors/sfx/entities/rush_far5"]},
    "doors.sfx.entities.rush_far6":{"category":"hostile","sounds":["doors/sfx/entities/rush_far6"]},
    "doors.sfx.entities.rush_far7":{"category":"hostile","sounds":["doors/sfx/entities/rush_far7"]},
    "doors.sfx.entities.rush_far8":{"category":"hostile","sounds":["doors/sfx/entities/rush_far8"]},
    "doors.sfx.entities.rush_far9":{"category":"hostile","sounds":["doors/sfx/entities/rush_far9"]},
    "doors.sfx.entities.rush_far10":{"category":"hostile","sounds":["doors/sfx/entities/rush_far10"]},
    "doors.sfx.entities.rush_far11":{"category":"hostile","sounds":["doors/sfx/entities/rush_far11"]},
    "doors.sfx.entities.rush_far12":{"category":"hostile","sounds":["doors/sfx/entities/rush_far12"]},
    "doors.sfx.entities.rush_far13":{"category":"hostile","sounds":["doors/sfx/entities/rush_far13"]},
    "doors.sfx.entities.rush_far14":{"category":"hostile","sounds":["doors/sfx/entities/rush_far14"]},
    "doors.sfx.entities.rush_far15":{"category":"hostile","sounds":["doors/sfx/entities/rush_far15"]},
    "doors.sfx.entities.rush_far16":{"category":"hostile","sounds":["doors/sfx/entities/rush_far16"]},
    "doors.sfx.entities.rush_far17":{"category":"hostile","sounds":["doors/sfx/entities/rush_far17"]},
    "doors.sfx.entities.rush_far18":{"category":"hostile","sounds":["doors/sfx/entities/rush_far18"]},
    "doors.sfx.entities.rush_far19":{"category":"hostile","sounds":["doors/sfx/entities/rush_far19"]},
    "doors.sfx.entities.rush_far20":{"category":"hostile","sounds":["doors/sfx/entities/rush_far20"]},
    "doors.sfx.entities.rush_far21":{"category":"hostile","sounds":["doors/sfx/entities/rush_far21"]},
    "doors.sfx.entities.rush_far22":{"category":"hostile","sounds":["doors/sfx/entities/rush_far22"]},
    "doors.sfx.entities.rush_far23":{"category":"hostile","sounds":["doors/sfx/entities/rush_far23"]},
    "doors.sfx.entities.rush_far24":{"category":"hostile","sounds":["doors/sfx/entities/rush_far24"]},
    "doors.sfx.entities.rush_far25":{"category":"hostile","sounds":["doors/sfx/entities/rush_far25"]},
    "doors.sfx.entities.rush_far26":{"category":"hostile","sounds":["doors/sfx/entities/rush_far26"]},
    "doors.sfx.entities.rush_far27":{"category":"hostile","sounds":["doors/sfx/entities/rush_far27"]},
    "doors.sfx.entities.rush_far28":{"category":"hostile","sounds":["doors/sfx/entities/rush_far28"]},
    "doors.sfx.entities.rush_far29":{"category":"hostile","sounds":["doors/sfx/entities/rush_far29"]},
    "doors.sfx.entities.rush_far30":{"category":"hostile","sounds":["doors/sfx/entities/rush_far30"]},
    "doors.sfx.entities.rush_far31":{"category":"hostile","sounds":["doors/sfx/entities/rush_far31"]},
    "doors.sfx.entities.rush_far32":{"category":"hostile","sounds":["doors/sfx/entities/rush_far32"]},
    "doors.sfx.entities.rush_far33":{"category":"hostile","sounds":["doors/sfx/entities/rush_far33"]},
    "doors.sfx.entities.rush_far34":{"category":"hostile","sounds":["doors/sfx/entities/rush_far34"]},
    "doors.sfx.entities.rush_far35":{"category":"hostile","sounds":["doors/sfx/entities/rush_far35"]},
    "doors.sfx.entities.rush_far36":{"category":"hostile","sounds":["doors/sfx/entities/rush_far36"]},
    "doors.sfx.entities.rush_far37":{"category":"hostile","sounds":["doors/sfx/entities/rush_far37"]},
    "doors.sfx.entities.rush_far38":{"category":"hostile","sounds":["doors/sfx/entities/rush_far38"]},
    "doors.sfx.entities.rush_far39":{"category":"hostile","sounds":["doors/sfx/entities/rush_far39"]},
    "doors.sfx.entities.rush_far40":{"category":"hostile","sounds":["doors/sfx/entities/rush_far40"]},
    "doors.sfx.entities.rush_far41":{"category":"hostile","sounds":["doors/sfx/entities/rush_far41"]},

    "doors.sfx.entities.rush_near1":{"category":"hostile","sounds":["doors/sfx/entities/rush_near1"]},
    "doors.sfx.entities.rush_near2":{"category":"hostile","sounds":["doors/sfx/entities/rush_near2"]},
    "doors.sfx.entities.rush_near3":{"category":"hostile","sounds":["doors/sfx/entities/rush_near3"]},
    "doors.sfx.entities.rush_near4":{"category":"hostile","sounds":["doors/sfx/entities/rush_near4"]},
    "doors.sfx.entities.rush_near5":{"category":"hostile","sounds":["doors/sfx/entities/rush_near5"]},
    "doors.sfx.entities.rush_near6":{"category":"hostile","sounds":["doors/sfx/entities/rush_near6"]},
    "doors.sfx.entities.rush_near7":{"category":"hostile","sounds":["doors/sfx/entities/rush_near7"]},
    "doors.sfx.entities.rush_near8":{"category":"hostile","sounds":["doors/sfx/entities/rush_near8"]},
    "doors.sfx.entities.rush_near9":{"category":"hostile","sounds":["doors/sfx/entities/rush_near9"]},
    "doors.sfx.entities.rush_near10":{"category":"hostile","sounds":["doors/sfx/entities/rush_near10"]},
    "doors.sfx.entities.rush_near11":{"category":"hostile","sounds":["doors/sfx/entities/rush_near11"]},
    "doors.sfx.entities.rush_near12":{"category":"hostile","sounds":["doors/sfx/entities/rush_near12"]},

    "doors.sfx.entities.rush_crucify":{"category":"hostile","sounds":["doors/sfx/entities/rush_crucify"]},
    "doors.sfx.entities.rush_fakeout_1":{"category":"ambient","sounds":["doors/sfx/entities/rush_fakeout_1"]},
    "doors.sfx.entities.rush_fakeout_2":{"category":"ambient","sounds":["doors/sfx/entities/rush_fakeout_2"]},
    "doors.sfx.entities.rush_jumpscare":{"category":"hostile","sounds":["doors/sfx/entities/rush_jumpscare"]},
    "doors.sfx.entities.rush_kill":{"category":"master","sounds":["doors/sfx/entities/rush_kill"]},
    "doors.sfx.entities.rush_static":{"category":"hostile","sounds":["doors/sfx/entities/rush_static"]},

    "doors.sfx.entities.ambush_far1":{"category":"hostile","sounds":["doors/sfx/entities/ambush_far1"]},
    "doors.sfx.entities.ambush_far2":{"category":"hostile","sounds":["doors/sfx/entities/ambush_far2"]},
    "doors.sfx.entities.ambush_far3":{"category":"hostile","sounds":["doors/sfx/entities/ambush_far3"]},
    "doors.sfx.entities.ambush_far4":{"category":"hostile","sounds":["doors/sfx/entities/ambush_far4"]},
    "doors.sfx.entities.ambush_far5":{"category":"hostile","sounds":["doors/sfx/entities/ambush_far5"]},
    "doors.sfx.entities.ambush_far6":{"category":"hostile","sounds":["doors/sfx/entities/ambush_far6"]},
    "doors.sfx.entities.ambush_far7":{"category":"hostile","sounds":["doors/sfx/entities/ambush_far7"]},
    "doors.sfx.entities.ambush_far8":{"category":"hostile","sounds":["doors/sfx/entities/ambush_far8"]},

    "doors.sfx.entities.ambush_near1":{"category":"hostile","sounds":["doors/sfx/entities/ambush_near1"]},
    "doors.sfx.entities.ambush_near2":{"category":"hostile","sounds":["doors/sfx/entities/ambush_near2"]},
    "doors.sfx.entities.ambush_near3":{"category":"hostile","sounds":["doors/sfx/entities/ambush_near3"]},
    "doors.sfx.entities.ambush_near4":{"category":"hostile","sounds":["doors/sfx/entities/ambush_near4"]},
    "doors.sfx.entities.ambush_near5":{"category":"hostile","sounds":["doors/sfx/entities/ambush_near5"]},
    "doors.sfx.entities.ambush_near6":{"category":"hostile","sounds":["doors/sfx/entities/ambush_near6"]},
    "doors.sfx.entities.ambush_near7":{"category":"hostile","sounds":["doors/sfx/entities/ambush_near7"]},

    "doors.sfx.entities.ambush_crucify":{"category":"hostile","sounds":["doors/sfx/entities/ambush_crucify"]},
    "doors.sfx.entities.ambush_jumpscare_1":{"category":"hostile","sounds":["doors/sfx/entities/ambush_jumpscare_1"]},
    "doors.sfx.entities.ambush_jumpscare_2":{"category":"hostile","sounds":["doors/sfx/entities/ambush_jumpscare_2"]},

    "doors.sfx.entities.screech_psst":{"category":"hostile","sounds":["doors/sfx/entities/screech_psst"]},
    "doors.sfx.entities.screech_caught":{"category":"hostile","sounds":["doors/sfx/entities/screech_caught"]},
    "doors.sfx.entities.screech_crucify":{"category":"hostile","sounds":["doors/sfx/entities/screech_crucify"]},
    "doors.sfx.entities.screech_bite":{"category":"hostile","sounds":["doors/sfx/entities/screech_bite"]},
    "doors.sfx.entities.screech_caught_super_hard_mode":{"category":"hostile","sounds":["doors/sfx/entities/screech_caught_super_hard_mode"]},
    "doors.sfx.entities.screech_explode":{"category":"hostile","sounds":["doors/sfx/entities/screech_explode"]},

    "doors.sfx.entities.seek_eye_spawn":{"category":"hostile","sounds":["doors/sfx/entities/seek_eye_spawn"]},
    "doors.sfx.entities.seek_eye_blink":{"category":"hostile","sounds":["doors/sfx/entities/seek_eye_blink"]},
    "doors.sfx.entities.seek_far_ambience":{"category":"ambience","sounds":["doors/sfx/entities/seek_far_ambience"]},
    "doors.sfx.entities.seek_jumpscare":{"category":"hostile","sounds":["doors/sfx/entities/seek_jumpscare"]},
    "doors.sfx.entities.seek_kill":{"category":"hostile","sounds":["doors/sfx/entities/seek_kill"]},
    "doors.sfx.entities.seek_knock":{"category":"hostile","sounds":["doors/sfx/entities/seek_knock"]},
    "doors.sfx.entities.seek_scream":{"category":"hostile","sounds":["doors/sfx/entities/seek_scream"]},
    "doors.sfx.entities.seek_footsteps_close1":{"category":"hostile","sounds":["doors/sfx/entities/seek_footsteps_close1"]},
    "doors.sfx.entities.seek_footsteps_close2":{"category":"hostile","sounds":["doors/sfx/entities/seek_footsteps_close2"]},
    "doors.sfx.entities.seek_footsteps_close3":{"category":"hostile","sounds":["doors/sfx/entities/seek_footsteps_close3"]},
    "doors.sfx.entities.seek_footsteps_close4":{"category":"hostile","sounds":["doors/sfx/entities/seek_footsteps_close4"]},
    "doors.sfx.entities.seek_footsteps_close5":{"category":"hostile","sounds":["doors/sfx/entities/seek_footsteps_close5"]},
    "doors.sfx.entities.seek_footsteps_close6":{"category":"hostile","sounds":["doors/sfx/entities/seek_footsteps_close6"]},
    "doors.sfx.entities.seek_footsteps_close7":{"category":"hostile","sounds":["doors/sfx/entities/seek_footsteps_close7"]},
    "doors.sfx.entities.seek_footsteps_close8":{"category":"hostile","sounds":["doors/sfx/entities/seek_footsteps_close8"]},
    "doors.sfx.entities.seek_footsteps_close9":{"category":"hostile","sounds":["doors/sfx/entities/seek_footsteps_close9"]},
    "doors.sfx.entities.seek_footsteps_close10":{"category":"hostile","sounds":["doors/sfx/entities/seek_footsteps_close10"]},
    "doors.sfx.entities.seek_footsteps_close11":{"category":"hostile","sounds":["doors/sfx/entities/seek_footsteps_close11"]},
    "doors.sfx.entities.seek_footsteps_close12":{"category":"hostile","sounds":["doors/sfx/entities/seek_footsteps_close12"]},
    "doors.sfx.entities.seek_footsteps_close13":{"category":"hostile","sounds":["doors/sfx/entities/seek_footsteps_close13"]},

    "doors.sfx.entities.seek_footsteps_far1":{"category":"hostile","sounds":["doors/sfx/entities/seek_footsteps_far1"]},
    "doors.sfx.entities.seek_footsteps_far2":{"category":"hostile","sounds":["doors/sfx/entities/seek_footsteps_far2"]},
    "doors.sfx.entities.seek_footsteps_far3":{"category":"hostile","sounds":["doors/sfx/entities/seek_footsteps_far3"]},
    "doors.sfx.entities.seek_footsteps_far4":{"category":"hostile","sounds":["doors/sfx/entities/seek_footsteps_far4"]},
    "doors.sfx.entities.seek_footsteps_far5":{"category":"hostile","sounds":["doors/sfx/entities/seek_footsteps_far5"]},
    "doors.sfx.entities.seek_footsteps_far6":{"category":"hostile","sounds":["doors/sfx/entities/seek_footsteps_far6"]},
    "doors.sfx.entities.seek_footsteps_far7":{"category":"hostile","sounds":["doors/sfx/entities/seek_footsteps_far7"]},
    "doors.sfx.entities.seek_footsteps_far8":{"category":"hostile","sounds":["doors/sfx/entities/seek_footsteps_far8"]},
    "doors.sfx.entities.seek_footsteps_far9":{"category":"hostile","sounds":["doors/sfx/entities/seek_footsteps_far9"]},
    "doors.sfx.entities.seek_footsteps_far10":{"category":"hostile","sounds":["doors/sfx/entities/seek_footsteps_far10"]},
    "doors.sfx.entities.seek_footsteps_far11":{"category":"hostile","sounds":["doors/sfx/entities/seek_footsteps_far11"]},
    "doors.sfx.entities.seek_footsteps_far12":{"category":"hostile","sounds":["doors/sfx/entities/seek_footsteps_far12"]},
    "doors.sfx.entities.seek_footsteps_far13":{"category":"hostile","sounds":["doors/sfx/entities/seek_footsteps_far13"]},
    
    "doors.sfx.entities.figure_eat":{"category":"hostile","sounds":["doors/sfx/entities/figure_eat"]},
    "doors.sfx.entities.figure_kill":{"category":"hostile","sounds":["doors/sfx/entities/figure_kill"]},
    "doors.sfx.entities.figure_growl_low":{"category":"hostile","sounds":["doors/sfx/entities/figure_growl_low"]},
    "doors.sfx.entities.figure_growl_high":{"category":"hostile","sounds":["doors/sfx/entities/figure_growl_high"]},
    "doors.sfx.entities.figure_growl_agro":{"category":"hostile","sounds":["doors/sfx/entities/figure_growl_agro"]},
    "doors.sfx.entities.figure_grunt_low":{"category":"hostile","sounds":["doors/sfx/entities/figure_grunt_low"]},
    "doors.sfx.entities.figure_grunt_high":{"category":"hostile","sounds":["doors/sfx/entities/figure_grunt_high"]},
    "doors.sfx.entities.figure_footstep_1":{"category":"hostile","sounds":["doors/sfx/entities/figure_footstep_1"]},
    "doors.sfx.entities.figure_footstep_2":{"category":"hostile","sounds":["doors/sfx/entities/figure_footstep_2"]},
    "doors.sfx.entities.figure_door_pound":{"category":"hostile","sounds":["doors/sfx/entities/figure_door_pound"]},
    "doors.sfx.entities.figure_door_break":{"category":"hostile","sounds":["doors/sfx/entities/figure_door_break"]},
    "doors.sfx.entities.figure_elevator_door_pound":{"category":"hostile","sounds":["doors/sfx/entities/figure_elevator_door_pound"]},
    "doors.sfx.entities.figure_death_super_hard_mode":{"category":"hostile","sounds":["doors/sfx/entities/figure_death_super_hard_mode"]},

    "doors.sfx.entities.haste_jumpscare":{"category":"hostile","sounds":["doors/sfx/entities/haste_jumpscare"]},

    "doors.sfx.entities.halt_whisper_enter":{"category":"hostile","sounds":["doors/sfx/entities/halt_whisper_enter"]},
    "doors.sfx.entities.halt_whisper":{"category":"hostile","sounds":["doors/sfx/entities/halt_whisper"]},
    "doors.sfx.entities.halt_whisper_weird":{"category":"hostile","sounds":["doors/sfx/entities/halt_whisper_weird"]},
    "doors.sfx.entities.halt_jumpscare":{"category":"hostile","sounds":["doors/sfx/entities/halt_jumpscare"]},
    "doors.sfx.entities.halt_turn":{"category":"hostile","sounds":["doors/sfx/entities/halt_turn"]},
    "doors.sfx.entities.halt_crucify":{"category":"hostile","sounds":["doors/sfx/entities/halt_crucify"]},

    "doors.sfx.entities.eyes_spawn":{"category":"hostile","sounds":["doors/sfx/entities/eyes_spawn"]},
    "doors.sfx.entities.eyes_ambience":{"category":"hostile","sounds":["doors/sfx/entities/eyes_ambience"]},
    "doors.sfx.entities.eyes_teleport":{"category":"hostile","sounds":["doors/sfx/entities/eyes_teleport"]},
    "doors.sfx.entities.eyes_attack":{"category":"hostile","sounds":["doors/sfx/entities/eyes_attack"]},
    "doors.sfx.entities.eyes_repent":{"category":"hostile","sounds":["doors/sfx/entities/eyes_repent"]},
    "doors.sfx.entities.eyes_crucify":{"category":"hostile","sounds":["doors/sfx/entities/eyes_crucify"]},

    "doors.sfx.entities.snare_trap":{"category":"hostile","sounds":["doors/sfx/entities/snare_trap"]},

    "doors.sfx.entities.dupe_growl":{"category":"hostile","sounds":["doors/sfx/entities/dupe_growl"]},
    "doors.sfx.entities.dupe_jumpscare":{"category":"hostile","sounds":["doors/sfx/entities/dupe_jumpscare"]},
    "doors.sfx.entities.dupe_crucify":{"category":"hostile","sounds":["doors/sfx/entities/dupe_crucify"]},

    "doors.sfx.entities.hide_whispers":{"category":"hostile","sounds":["doors/sfx/entities/hide_whispers"]},
    "doors.sfx.entities.hide_jumpscare":{"category":"hostile","sounds":["doors/sfx/entities/hide_jumpscare"]},
    "doors.sfx.entities.hide_static":{"category":"hostile","sounds":["doors/sfx/entities/hide_static"]},
    "doors.sfx.entities.hide_whispers_mines":{"category":"hostile","sounds":["doors/sfx/entities/hide_whispers_mines"]},

    "doors.sfx.entities.jack_jumpscare":{"category":"hostile","sounds":["doors/sfx/entities/jack_jumpscare"]},

    "doors.sfx.entities.shadow_jumpscare":{"category":"hostile","sounds":["doors/sfx/entities/shadow_jumpscare"]},

    "doors.sfx.entities.timothy_hiss":{"category":"hostile","sounds":["doors/sfx/entities/timothy_hiss"]},
    "doors.sfx.entities.timothy_jumpscare":{"category":"hostile","sounds":["doors/sfx/entities/timothy_jumpscare"]},

    "doors.sfx.entities.grumble_kill":{"category":"hostile","sounds":["doors/sfx/entities/grumble_kill"]},

    "doors.sfx.entities.grumble_laugh1":{"category":"hostile","sounds":["doors/sfx/entities/grumble_laugh1"]},
    "doors.sfx.entities.grumble_laugh2":{"category":"hostile","sounds":["doors/sfx/entities/grumble_laugh2"]},
    "doors.sfx.entities.grumble_laugh3":{"category":"hostile","sounds":["doors/sfx/entities/grumble_laugh3"]},
    "doors.sfx.entities.grumble_laugh4":{"category":"hostile","sounds":["doors/sfx/entities/grumble_laugh4"]},
    "doors.sfx.entities.grumble_laugh5":{"category":"hostile","sounds":["doors/sfx/entities/grumble_laugh5"]},
    "doors.sfx.entities.grumble_laugh6":{"category":"hostile","sounds":["doors/sfx/entities/grumble_laugh6"]},
    "doors.sfx.entities.grumble_laugh7":{"category":"hostile","sounds":["doors/sfx/entities/grumble_laugh7"]},
    "doors.sfx.entities.grumble_laugh8":{"category":"hostile","sounds":["doors/sfx/entities/grumble_laugh8"]},
    "doors.sfx.entities.grumble_laugh9":{"category":"hostile","sounds":["doors/sfx/entities/grumble_laugh9"]},
    "doors.sfx.entities.grumble_laugh10":{"category":"hostile","sounds":["doors/sfx/entities/grumble_laugh10"]},
    "doors.sfx.entities.grumble_laugh11":{"category":"hostile","sounds":["doors/sfx/entities/grumble_laugh11"]},
    "doors.sfx.entities.grumble_laugh12":{"category":"hostile","sounds":["doors/sfx/entities/grumble_laugh12"]},
    "doors.sfx.entities.grumble_laugh13":{"category":"hostile","sounds":["doors/sfx/entities/grumble_laugh13"]},
    "doors.sfx.entities.grumble_laugh14":{"category":"hostile","sounds":["doors/sfx/entities/grumble_laugh14"]},
    "doors.sfx.entities.grumble_laugh15":{"category":"hostile","sounds":["doors/sfx/entities/grumble_laugh15"]},
    "doors.sfx.entities.grumble_laugh16":{"category":"hostile","sounds":["doors/sfx/entities/grumble_laugh16"]},
    "doors.sfx.entities.grumble_laugh17":{"category":"hostile","sounds":["doors/sfx/entities/grumble_laugh17"]},
    "doors.sfx.entities.grumble_laugh18":{"category":"hostile","sounds":["doors/sfx/entities/grumble_laugh18"]},
    "doors.sfx.entities.grumble_laugh19":{"category":"hostile","sounds":["doors/sfx/entities/grumble_laugh19"]},

    "doors.sfx.entities.grumble_move_high1":{"category":"hostile","sounds":["doors/sfx/entities/grumble_move_high1"]},
    "doors.sfx.entities.grumble_move_high2":{"category":"hostile","sounds":["doors/sfx/entities/grumble_move_high2"]},
    "doors.sfx.entities.grumble_move_high3":{"category":"hostile","sounds":["doors/sfx/entities/grumble_move_high3"]},
    "doors.sfx.entities.grumble_move_high4":{"category":"hostile","sounds":["doors/sfx/entities/grumble_move_high4"]},
    "doors.sfx.entities.grumble_move_high5":{"category":"hostile","sounds":["doors/sfx/entities/grumble_move_high5"]},
    "doors.sfx.entities.grumble_move_high6":{"category":"hostile","sounds":["doors/sfx/entities/grumble_move_high6"]},
    "doors.sfx.entities.grumble_move_high7":{"category":"hostile","sounds":["doors/sfx/entities/grumble_move_high7"]},
    "doors.sfx.entities.grumble_move_high8":{"category":"hostile","sounds":["doors/sfx/entities/grumble_move_high8"]},
    "doors.sfx.entities.grumble_move_high9":{"category":"hostile","sounds":["doors/sfx/entities/grumble_move_high9"]},
    "doors.sfx.entities.grumble_move_high10":{"category":"hostile","sounds":["doors/sfx/entities/grumble_move_high10"]},
    "doors.sfx.entities.grumble_move_high11":{"category":"hostile","sounds":["doors/sfx/entities/grumble_move_high11"]},
    "doors.sfx.entities.grumble_move_high12":{"category":"hostile","sounds":["doors/sfx/entities/grumble_move_high12"]},
    "doors.sfx.entities.grumble_move_high13":{"category":"hostile","sounds":["doors/sfx/entities/grumble_move_high13"]},
    "doors.sfx.entities.grumble_move_high14":{"category":"hostile","sounds":["doors/sfx/entities/grumble_move_high14"]},
    "doors.sfx.entities.grumble_move_high15":{"category":"hostile","sounds":["doors/sfx/entities/grumble_move_high15"]},
    "doors.sfx.entities.grumble_move_high16":{"category":"hostile","sounds":["doors/sfx/entities/grumble_move_high16"]},
    "doors.sfx.entities.grumble_move_high17":{"category":"hostile","sounds":["doors/sfx/entities/grumble_move_high17"]},
    "doors.sfx.entities.grumble_move_high18":{"category":"hostile","sounds":["doors/sfx/entities/grumble_move_high18"]},
    "doors.sfx.entities.grumble_move_high19":{"category":"hostile","sounds":["doors/sfx/entities/grumble_move_high19"]},
    "doors.sfx.entities.grumble_move_high20":{"category":"hostile","sounds":["doors/sfx/entities/grumble_move_high20"]},
    "doors.sfx.entities.grumble_move_high21":{"category":"hostile","sounds":["doors/sfx/entities/grumble_move_high21"]},
    "doors.sfx.entities.grumble_move_high22":{"category":"hostile","sounds":["doors/sfx/entities/grumble_move_high22"]},
    "doors.sfx.entities.grumble_move_high23":{"category":"hostile","sounds":["doors/sfx/entities/grumble_move_high23"]},
    "doors.sfx.entities.grumble_move_high24":{"category":"hostile","sounds":["doors/sfx/entities/grumble_move_high24"]},
    "doors.sfx.entities.grumble_move_high25":{"category":"hostile","sounds":["doors/sfx/entities/grumble_move_high25"]},

    "doors.sfx.entities.grumble_move_low1":{"category":"hostile","sounds":["doors/sfx/entities/grumble_move_low1"]},
    "doors.sfx.entities.grumble_move_low2":{"category":"hostile","sounds":["doors/sfx/entities/grumble_move_low2"]},
    "doors.sfx.entities.grumble_move_low3":{"category":"hostile","sounds":["doors/sfx/entities/grumble_move_low3"]},
    "doors.sfx.entities.grumble_move_low4":{"category":"hostile","sounds":["doors/sfx/entities/grumble_move_low4"]},
    "doors.sfx.entities.grumble_move_low5":{"category":"hostile","sounds":["doors/sfx/entities/grumble_move_low5"]},
    "doors.sfx.entities.grumble_move_low6":{"category":"hostile","sounds":["doors/sfx/entities/grumble_move_low6"]},
    "doors.sfx.entities.grumble_move_low7":{"category":"hostile","sounds":["doors/sfx/entities/grumble_move_low7"]},
    "doors.sfx.entities.grumble_move_low8":{"category":"hostile","sounds":["doors/sfx/entities/grumble_move_low8"]},
    "doors.sfx.entities.grumble_move_low9":{"category":"hostile","sounds":["doors/sfx/entities/grumble_move_low9"]},
    "doors.sfx.entities.grumble_move_low10":{"category":"hostile","sounds":["doors/sfx/entities/grumble_move_low10"]},
    "doors.sfx.entities.grumble_move_low11":{"category":"hostile","sounds":["doors/sfx/entities/grumble_move_low11"]},
    "doors.sfx.entities.grumble_move_low12":{"category":"hostile","sounds":["doors/sfx/entities/grumble_move_low12"]},
    "doors.sfx.entities.grumble_move_low13":{"category":"hostile","sounds":["doors/sfx/entities/grumble_move_low13"]},
    "doors.sfx.entities.grumble_move_low14":{"category":"hostile","sounds":["doors/sfx/entities/grumble_move_low14"]},
    "doors.sfx.entities.grumble_move_low15":{"category":"hostile","sounds":["doors/sfx/entities/grumble_move_low15"]},
    "doors.sfx.entities.grumble_move_low16":{"category":"hostile","sounds":["doors/sfx/entities/grumble_move_low16"]},
    "doors.sfx.entities.grumble_move_low17":{"category":"hostile","sounds":["doors/sfx/entities/grumble_move_low17"]},
    "doors.sfx.entities.grumble_move_low18":{"category":"hostile","sounds":["doors/sfx/entities/grumble_move_low18"]},
    "doors.sfx.entities.grumble_move_low19":{"category":"hostile","sounds":["doors/sfx/entities/grumble_move_low19"]},
    "doors.sfx.entities.grumble_move_low20":{"category":"hostile","sounds":["doors/sfx/entities/grumble_move_low20"]},
    "doors.sfx.entities.grumble_move_low21":{"category":"hostile","sounds":["doors/sfx/entities/grumble_move_low21"]},
    "doors.sfx.entities.grumble_move_low22":{"category":"hostile","sounds":["doors/sfx/entities/grumble_move_low22"]},
    "doors.sfx.entities.grumble_move_low23":{"category":"hostile","sounds":["doors/sfx/entities/grumble_move_low23"]},
    "doors.sfx.entities.grumble_move_low24":{"category":"hostile","sounds":["doors/sfx/entities/grumble_move_low24"]},
    "doors.sfx.entities.grumble_move_low25":{"category":"hostile","sounds":["doors/sfx/entities/grumble_move_low25"]},

    "doors.sfx.entities.grumble_roam1":{"category":"hostile","sounds":["doors/sfx/entities/grumble_roam1"]},
    "doors.sfx.entities.grumble_roam2":{"category":"hostile","sounds":["doors/sfx/entities/grumble_roam2"]},
    "doors.sfx.entities.grumble_roam3":{"category":"hostile","sounds":["doors/sfx/entities/grumble_roam3"]},
    "doors.sfx.entities.grumble_roam4":{"category":"hostile","sounds":["doors/sfx/entities/grumble_roam4"]},
    "doors.sfx.entities.grumble_roam5":{"category":"hostile","sounds":["doors/sfx/entities/grumble_roam5"]},
    "doors.sfx.entities.grumble_roam6":{"category":"hostile","sounds":["doors/sfx/entities/grumble_roam6"]},
    "doors.sfx.entities.grumble_roam7":{"category":"hostile","sounds":["doors/sfx/entities/grumble_roam7"]},
    "doors.sfx.entities.grumble_roam8":{"category":"hostile","sounds":["doors/sfx/entities/grumble_roam8"]},
    "doors.sfx.entities.grumble_roam9":{"category":"hostile","sounds":["doors/sfx/entities/grumble_roam9"]},
    "doors.sfx.entities.grumble_roam10":{"category":"hostile","sounds":["doors/sfx/entities/grumble_roam10"]},
    "doors.sfx.entities.grumble_roam11":{"category":"hostile","sounds":["doors/sfx/entities/grumble_roam11"]},
    "doors.sfx.entities.grumble_roam12":{"category":"hostile","sounds":["doors/sfx/entities/grumble_roam12"]},
    "doors.sfx.entities.grumble_roam13":{"category":"hostile","sounds":["doors/sfx/entities/grumble_roam13"]},
    "doors.sfx.entities.grumble_roam14":{"category":"hostile","sounds":["doors/sfx/entities/grumble_roam14"]},
    "doors.sfx.entities.grumble_roam15":{"category":"hostile","sounds":["doors/sfx/entities/grumble_roam15"]},
    "doors.sfx.entities.grumble_roam16":{"category":"hostile","sounds":["doors/sfx/entities/grumble_roam16"]},
    "doors.sfx.entities.grumble_roam17":{"category":"hostile","sounds":["doors/sfx/entities/grumble_roam17"]},
    "doors.sfx.entities.grumble_roam18":{"category":"hostile","sounds":["doors/sfx/entities/grumble_roam18"]},
    "doors.sfx.entities.grumble_roam19":{"category":"hostile","sounds":["doors/sfx/entities/grumble_roam19"]},
    "doors.sfx.entities.grumble_roam20":{"category":"hostile","sounds":["doors/sfx/entities/grumble_roam20"]},
    "doors.sfx.entities.grumble_roam21":{"category":"hostile","sounds":["doors/sfx/entities/grumble_roam21"]},
    "doors.sfx.entities.grumble_roam22":{"category":"hostile","sounds":["doors/sfx/entities/grumble_roam22"]},
    "doors.sfx.entities.grumble_roam23":{"category":"hostile","sounds":["doors/sfx/entities/grumble_roam23"]},
    "doors.sfx.entities.grumble_roam24":{"category":"hostile","sounds":["doors/sfx/entities/grumble_roam24"]},
    "doors.sfx.entities.grumble_roam25":{"category":"hostile","sounds":["doors/sfx/entities/grumble_roam25"]},
    "doors.sfx.entities.grumble_roam26":{"category":"hostile","sounds":["doors/sfx/entities/grumble_roam26"]},
    "doors.sfx.entities.grumble_roam27":{"category":"hostile","sounds":["doors/sfx/entities/grumble_roam27"]},
    "doors.sfx.entities.grumble_roam28":{"category":"hostile","sounds":["doors/sfx/entities/grumble_roam28"]},
    "doors.sfx.entities.grumble_roam29":{"category":"hostile","sounds":["doors/sfx/entities/grumble_roam29"]},
    "doors.sfx.entities.grumble_roam30":{"category":"hostile","sounds":["doors/sfx/entities/grumble_roam30"]},
    "doors.sfx.entities.grumble_roam31":{"category":"hostile","sounds":["doors/sfx/entities/grumble_roam31"]},
    "doors.sfx.entities.grumble_roam32":{"category":"hostile","sounds":["doors/sfx/entities/grumble_roam32"]},
    "doors.sfx.entities.grumble_roam33":{"category":"hostile","sounds":["doors/sfx/entities/grumble_roam33"]},
    "doors.sfx.entities.grumble_roam34":{"category":"hostile","sounds":["doors/sfx/entities/grumble_roam34"]},
    "doors.sfx.entities.grumble_roam35":{"category":"hostile","sounds":["doors/sfx/entities/grumble_roam35"]},
    "doors.sfx.entities.grumble_roam36":{"category":"hostile","sounds":["doors/sfx/entities/grumble_roam36"]},
    "doors.sfx.entities.grumble_roam37":{"category":"hostile","sounds":["doors/sfx/entities/grumble_roam37"]},
    "doors.sfx.entities.grumble_roam38":{"category":"hostile","sounds":["doors/sfx/entities/grumble_roam38"]},
    "doors.sfx.entities.grumble_roam39":{"category":"hostile","sounds":["doors/sfx/entities/grumble_roam39"]},
    "doors.sfx.entities.grumble_roam40":{"category":"hostile","sounds":["doors/sfx/entities/grumble_roam40"]},
    "doors.sfx.entities.grumble_roam41":{"category":"hostile","sounds":["doors/sfx/entities/grumble_roam41"]},
    "doors.sfx.entities.grumble_roam42":{"category":"hostile","sounds":["doors/sfx/entities/grumble_roam42"]},
    "doors.sfx.entities.grumble_roam43":{"category":"hostile","sounds":["doors/sfx/entities/grumble_roam43"]},
    "doors.sfx.entities.grumble_roam44":{"category":"hostile","sounds":["doors/sfx/entities/grumble_roam44"]},
    "doors.sfx.entities.grumble_roam45":{"category":"hostile","sounds":["doors/sfx/entities/grumble_roam45"]},
    "doors.sfx.entities.grumble_roam46":{"category":"hostile","sounds":["doors/sfx/entities/grumble_roam46"]},
    "doors.sfx.entities.grumble_roam47":{"category":"hostile","sounds":["doors/sfx/entities/grumble_roam47"]},
    "doors.sfx.entities.grumble_roam48":{"category":"hostile","sounds":["doors/sfx/entities/grumble_roam48"]},
    "doors.sfx.entities.grumble_roam49":{"category":"hostile","sounds":["doors/sfx/entities/grumble_roam49"]},
    "doors.sfx.entities.grumble_roam50":{"category":"hostile","sounds":["doors/sfx/entities/grumble_roam50"]},
    "doors.sfx.entities.grumble_roam51":{"category":"hostile","sounds":["doors/sfx/entities/grumble_roam51"]},
    "doors.sfx.entities.grumble_roam52":{"category":"hostile","sounds":["doors/sfx/entities/grumble_roam52"]},
    "doors.sfx.entities.grumble_roam53":{"category":"hostile","sounds":["doors/sfx/entities/grumble_roam53"]},
    "doors.sfx.entities.grumble_roam54":{"category":"hostile","sounds":["doors/sfx/entities/grumble_roam54"]},
    "doors.sfx.entities.grumble_roam55":{"category":"hostile","sounds":["doors/sfx/entities/grumble_roam55"]},
    "doors.sfx.entities.grumble_roam56":{"category":"hostile","sounds":["doors/sfx/entities/grumble_roam56"]},
    "doors.sfx.entities.grumble_roam57":{"category":"hostile","sounds":["doors/sfx/entities/grumble_roam57"]},
    "doors.sfx.entities.grumble_roam58":{"category":"hostile","sounds":["doors/sfx/entities/grumble_roam58"]},
    "doors.sfx.entities.grumble_roam59":{"category":"hostile","sounds":["doors/sfx/entities/grumble_roam59"]},
    "doors.sfx.entities.grumble_roam60":{"category":"hostile","sounds":["doors/sfx/entities/grumble_roam60"]},
    "doors.sfx.entities.grumble_roam61":{"category":"hostile","sounds":["doors/sfx/entities/grumble_roam61"]},
    "doors.sfx.entities.grumble_roam62":{"category":"hostile","sounds":["doors/sfx/entities/grumble_roam62"]},
    "doors.sfx.entities.grumble_roam63":{"category":"hostile","sounds":["doors/sfx/entities/grumble_roam63"]},
    "doors.sfx.entities.grumble_roam64":{"category":"hostile","sounds":["doors/sfx/entities/grumble_roam64"]},
    "doors.sfx.entities.grumble_roam65":{"category":"hostile","sounds":["doors/sfx/entities/grumble_roam65"]},
    "doors.sfx.entities.grumble_roam66":{"category":"hostile","sounds":["doors/sfx/entities/grumble_roam66"]},
    "doors.sfx.entities.grumble_roam67":{"category":"hostile","sounds":["doors/sfx/entities/grumble_roam67"]},
    "doors.sfx.entities.grumble_roam68":{"category":"hostile","sounds":["doors/sfx/entities/grumble_roam68"]},
    "doors.sfx.entities.grumble_roam69":{"category":"hostile","sounds":["doors/sfx/entities/grumble_roam69"]},
    "doors.sfx.entities.grumble_roam70":{"category":"hostile","sounds":["doors/sfx/entities/grumble_roam70"]},
    "doors.sfx.entities.grumble_roam71":{"category":"hostile","sounds":["doors/sfx/entities/grumble_roam71"]},
    "doors.sfx.entities.grumble_roam72":{"category":"hostile","sounds":["doors/sfx/entities/grumble_roam72"]},

    "doors.sfx.entities.seek_sewer_hand_spawn1":{"category":"hostile","sounds":["doors/sfx/entities/seek_hand_spawn1"]},
    "doors.sfx.entities.seek_sewer_hand_spawn2":{"category":"hostile","sounds":["doors/sfx/entities/seek_hand_spawn2"]},
    "doors.sfx.entities.seek_sewer_hand_spawn3":{"category":"hostile","sounds":["doors/sfx/entities/seek_hand_spawn3"]},
    "doors.sfx.entities.seek_sewer_hand_spawn4":{"category":"hostile","sounds":["doors/sfx/entities/seek_hand_spawn4"]},
    "doors.sfx.entities.seek_sewer_hand_spawn5":{"category":"hostile","sounds":["doors/sfx/entities/seek_hand_spawn5"]},
    "doors.sfx.entities.seek_sewer_hand_spawn6":{"category":"hostile","sounds":["doors/sfx/entities/seek_hand_spawn6"]},
    "doors.sfx.entities.seek_sewer_hand_spawn7":{"category":"hostile","sounds":["doors/sfx/entities/seek_hand_spawn7"]},
    "doors.sfx.entities.seek_sewer_hand_spawn8":{"category":"hostile","sounds":["doors/sfx/entities/seek_hand_spawn8"]},

    "doors.sfx.entities.seek_sewer_sludge_scream":{"category":"hostile","sounds":["doors/sfx/entities/seek_sewer_sludge_scream"]},
    "doors.sfx.entities.seek_sewer_sludge_moving1":{"category":"hostile","sounds":["doors/sfx/entities/seek_sewer_sludge_moving1"]},
    "doors.sfx.entities.seek_sewer_sludge_moving2":{"category":"hostile","sounds":["doors/sfx/entities/seek_sewer_sludge_moving2"]},
    "doors.sfx.entities.seek_sewer_sludge_moving3":{"category":"hostile","sounds":["doors/sfx/entities/seek_sewer_sludge_moving3"]},
    "doors.sfx.entities.seek_sewer_sludge_moving4":{"category":"hostile","sounds":["doors/sfx/entities/seek_sewer_sludge_moving4"]},
    "doors.sfx.entities.seek_sewer_sludge_moving5":{"category":"hostile","sounds":["doors/sfx/entities/seek_sewer_sludge_moving5"]},
    "doors.sfx.entities.seek_sewer_sludge_moving6":{"category":"hostile","sounds":["doors/sfx/entities/seek_sewer_sludge_moving6"]},
    "doors.sfx.entities.seek_sewer_sludge_moving7":{"category":"hostile","sounds":["doors/sfx/entities/seek_sewer_sludge_moving7"]},
    "doors.sfx.entities.seek_sewer_sludge_moving8":{"category":"hostile","sounds":["doors/sfx/entities/seek_sewer_sludge_moving8"]},
    "doors.sfx.entities.seek_sewer_sludge_moving9":{"category":"hostile","sounds":["doors/sfx/entities/seek_sewer_sludge_moving9"]},
    "doors.sfx.entities.seek_sewer_sludge_moving10":{"category":"hostile","sounds":["doors/sfx/entities/seek_sewer_sludge_moving10"]},
    "doors.sfx.entities.seek_sewer_sludge_moving11":{"category":"hostile","sounds":["doors/sfx/entities/seek_sewer_sludge_moving11"]},
    "doors.sfx.entities.seek_sewer_sludge_moving12":{"category":"hostile","sounds":["doors/sfx/entities/seek_sewer_sludge_moving12"]},

    "doors.sfx.entities.seek_sewer_worm1":{"category":"hostile","sounds":["doors/sfx/entities/seek_sewer_worm1"]},
    "doors.sfx.entities.seek_sewer_worm2":{"category":"hostile","sounds":["doors/sfx/entities/seek_sewer_worm2"]},
    "doors.sfx.entities.seek_sewer_worm3":{"category":"hostile","sounds":["doors/sfx/entities/seek_sewer_worm3"]},
    "doors.sfx.entities.seek_sewer_worm4":{"category":"hostile","sounds":["doors/sfx/entities/seek_sewer_worm4"]},
    "doors.sfx.entities.seek_sewer_worm5":{"category":"hostile","sounds":["doors/sfx/entities/seek_sewer_worm5"]},
    "doors.sfx.entities.seek_sewer_worm6":{"category":"hostile","sounds":["doors/sfx/entities/seek_sewer_worm6"]},
    "doors.sfx.entities.seek_sewer_worm7":{"category":"hostile","sounds":["doors/sfx/entities/seek_sewer_worm7"]},
    "doors.sfx.entities.seek_sewer_worm8":{"category":"hostile","sounds":["doors/sfx/entities/seek_sewer_worm8"]},
    "doors.sfx.entities.seek_sewer_worm9":{"category":"hostile","sounds":["doors/sfx/entities/seek_sewer_worm9"]},
    "doors.sfx.entities.seek_sewer_worm10":{"category":"hostile","sounds":["doors/sfx/entities/seek_sewer_worm10"]},
    "doors.sfx.entities.seek_sewer_worm11":{"category":"hostile","sounds":["doors/sfx/entities/seek_sewer_worm11"]},
    "doors.sfx.entities.seek_sewer_worm12":{"category":"hostile","sounds":["doors/sfx/entities/seek_sewer_worm12"]},
    "doors.sfx.entities.seek_sewer_worm13":{"category":"hostile","sounds":["doors/sfx/entities/seek_sewer_worm13"]},
    "doors.sfx.entities.seek_sewer_worm14":{"category":"hostile","sounds":["doors/sfx/entities/seek_sewer_worm14"]},
    "doors.sfx.entities.seek_sewer_worm15":{"category":"hostile","sounds":["doors/sfx/entities/seek_sewer_worm15"]},
    "doors.sfx.entities.seek_sewer_worm16":{"category":"hostile","sounds":["doors/sfx/entities/seek_sewer_worm16"]},
    "doors.sfx.entities.seek_sewer_worm17":{"category":"hostile","sounds":["doors/sfx/entities/seek_sewer_worm17"]},
    "doors.sfx.entities.seek_sewer_worm18":{"category":"hostile","sounds":["doors/sfx/entities/seek_sewer_worm18"]},
    
    "doors.sfx.entities.seek_sewer_start":{"category":"music","sounds":["doors/sfx/entities/seek_sewer_start"]},
    "doors.sfx.entities.seek_sewer_flood":{"category":"hostile","sounds":["doors/sfx/entities/seek_sewer_flood"]},
    "doors.sfx.entities.seek_sewer_lower":{"category":"hostile","sounds":["doors/sfx/entities/seek_sewer_lower"]},
    "doors.sfx.entities.seek_sewer_scream":{"category":"hostile","sounds":["doors/sfx/entities/seek_sewer_scream"]},
    "doors.sfx.entities.seek_sewer_hand_slap":{"category":"hostile","sounds":["doors/sfx/entities/seek_sewer_hand_slap"]},

    "doors.sfx.entities.guiding_light_item_shimmer":{"category":"master","sounds":["doors/sfx/entities/guiding_light_item_shimmer"]},

    "doors.sfx.equipment.lighter_on":{"category":"master","sounds":["doors/sfx/equipment/lighter_on"]},
    "doors.sfx.equipment.lighter_off":{"category":"master","sounds":["doors/sfx/equipment/lighter_off"]},
    "doors.sfx.equipment.crucifix_use_success":{"category":"master","sounds":["doors/sfx/equipment/crucifix_use_success"]},
    "doors.sfx.equipment.crucifix_use_fail":{"category":"master","sounds":["doors/sfx/equipment/crucifix_use_fail"]},
    "doors.sfx.equipment.flashlight_on":{"category":"master","sounds":["doors/sfx/equipment/flashlight_on"]},
    "doors.sfx.equipment.flashlight_off":{"category":"master","sounds":["doors/sfx/equipment/flashlight_off"]},
    "doors.sfx.equipment.flashlight_flick":{"category":"master","sounds":["doors/sfx/equipment/flashlight_flick"]},
    "doors.sfx.equipment.candle_equip":{"category":"master","sounds":["doors/sfx/equipment/candle_equip"]},
    "doors.sfx.equipment.possessed_candle_rift_create":{"category":"master","sounds":["doors/sfx/equipment/possessed_candle_rift_create"]},
    "doors.sfx.equipment.possessed_candle_die":{"category":"master","sounds":["doors/sfx/equipment/possessed_candle_die"]},
    "doors.sfx.equipment.key_pickup":{"category":"master","sounds":["doors/sfx/equipment/key_pickup"]},
    "doors.sfx.equipment.key_use":{"category":"master","sounds":["doors/sfx/equipment/key_use"]},
    "doors.sfx.equipment.alarm_clock_use":{"category":"master","sounds":["doors/sfx/equipment/alarm_clock_use"]},
    "doors.sfx.equipment.alarm_clock_ring":{"category":"master","sounds":["doors/sfx/equipment/alarm_clock_ring"]},
    "doors.sfx.equipment.vitamins_use":{"category":"master","sounds":["doors/sfx/equipment/vitamins_use"]},

    "doors.sfx.equipment.vial_of_starlight_use":{"category":"master","sounds":["doors/sfx/equipment/vial_of_starlight_use"]},
    "doors.sfx.equipment.bottle_of_starlight_use":{"category":"master","sounds":["doors/sfx/equipment/bottle_of_starlight_use"]},
    "doors.sfx.equipment.barrel_of_starlight_use":{"category":"master","sounds":["doors/sfx/equipment/barrel_of_starlight_use"]},
    
    "doors.sfx.doors.hotel_door_open":{"category":"master","sounds":["doors/sfx/doors/hotel_door_open"]},
    "doors.sfx.doors.skeleton_key_door_open":{"category":"master","sounds":["doors/sfx/doors/skeleton_key_door_open"]},
    

    "doors.sfx.player.damage":{"category":"master","sounds":["doors/sfx/player/damage"]},
    "doors.sfx.player.death":{"category":"master","sounds":["doors/sfx/player/death"]},
    "doors.sfx.player.ringing":{"category":"master","sounds":["doors/sfx/player/ringing"]},
    "doors.sfx.player.heartbeat":{"category":"master","sounds":["doors/sfx/player/heartbeat"]},
    "doors.sfx.player.gold_increase":{"category":"master","sounds":["doors/sfx/player/gold_increase"]},
    "doors.sfx.player.gold_decrease":{"category":"master","sounds":["doors/sfx/player/gold_decrease"]},

    "doors.sfx.minecart.hit":{"category":"master","sounds":["doors/sfx/minecart/hit"]},
    "doors.sfx.minecart.lean_center":{"category":"master","sounds":["doors/sfx/minecart/lean_center"]},
    "doors.sfx.minecart.lean_left":{"category":"master","sounds":["doors/sfx/minecart/lean_left"]},
    "doors.sfx.minecart.lean_right":{"category":"master","sounds":["doors/sfx/minecart/lean_right"]},

    "doors.sfx.ambience.fnaf_2_hallway":{"category":"ambient","sounds":["doors/sfx/ambience/fnaf_2_hallway"]},
    
    "doors.sfx.ambience.light_buzz":{"category":"ambient","sounds":["doors/sfx/ambience/light_buzz"]},
    "doors.sfx.ambience.light_buzz_stereo":{"category":"ambient","sounds":["doors/sfx/ambience/light_buzz_stereo"]},

    "doors.sfx.ambience.greenhouse":{"category":"ambient","sounds":["doors/sfx/ambience/greenhouse"]}
}