{
    "doors.here_i_come":{"category":"music","sounds":["doors/here_i_come"]},
    "doors.here_i_come_end":{"category":"music","sounds":["doors/here_i_come_end"]},
    "doors.jeffs_jingle":{"category":"music","sounds":["doors/jeffs_jingle"]},
    "doors.dawn_of_the_doors":{"category":"music","sounds":["doors/dawn_of_the_doors"]},
    "doors.dawn_of_the_doors_end":{"category":"music","sounds":["doors/dawn_of_the_doors_end"]},
    "doors.elevator_jam":{"category":"music","sounds":["doors/elevator_jam"]},
    "doors.elevator_jam_end":{"category":"music","sounds":["doors/elevator_jam_end"]},
    "doors.guiding_light":{"category":"music","sounds":["doors/guiding_light"]},
    "doors.guiding_light_end":{"category":"music","sounds":["doors/guiding_light_end"]},
    "doors.unhinged_start":{"category":"music","sounds":["doors/unhinged_start"]},
    "doors.unhinged":{"category":"music","sounds":["doors/unhinged"]},
    "doors.unhinged_end":{"category":"music","sounds":["doors/unhinged_end"]},
    "doors.curious_light":{"category":"music","sounds":["doors/curious_light"]},
    "doors.curious_light_end":{"category":"music","sounds":["doors/curious_light_end"]},
    "doors.dusk_of_the_doors":{"category":"music","sounds":["doors/dusk_of_the_doors"]},
    "doors.dusk_of_the_doors_end":{"category":"music","sounds":["doors/dusk_of_the_doors_end"]},
    "doors.dread":{"category":"music","sounds":["doors/dread"]},
    "doors.dread_end":{"category":"music","sounds":["doors/dread_end"]},
    "doors.elevator_jam_retro_mode":{"category":"music","sounds":["doors/elevator_jam_retro_mode"]},
    "doors.elevator_jam_voiced":{"category":"music","sounds":["doors/elevator_jam_voiced"]},
    "doors.elevator_jammed":{"category":"music","sounds":["doors/elevator_jammed"]},
    "doors.curious_light_door":{"category":"music","sounds":["doors/curious_light_door"]},
    "doors.im_behind_you":{"category":"music","sounds":["doors/im_behind_you"]},
    "doors.unhinged_2":{"category":"music","sounds":["doors/unhinged_2"]},
    "doors.unhinged_2_intense":{"category":"music","sounds":["doors/unhinged_2_intense"]},
    "doors.make_haste":{"category":"music","sounds":["doors/make_haste"]},
    "doors.make_haste_above_1min":{"category":"music","sounds":["doors/make_haste_above_1min"]},
    "doors.make_haste_below_1min":{"category":"music","sounds":["doors/make_haste_below_1min"]},
    "doors.make_haste_below_30s":{"category":"music","sounds":["doors/make_haste_below_30s"]},
    "doors.lever_pull":{"category":"music","sounds":["doors/lever_pull"]},
    "doors.haste_chase":{"category":"music","sounds":["doors/haste_chase"]},
    "doors.haste_near":{"category":"music","sounds":["doors/haste_near"]},

    "doors.elevator_mines":{"category":"music","sounds":["doors/elevator_mines"]},
    "doors.elevator_mines_end":{"category":"music","sounds":["doors/elevator_mines_end"]},
    "doors.mines_intro":{"category":"music","sounds":["doors/mines_intro"]},

    "doors.seek_mines_intro":{"category":"music","sounds":["doors/seek_mines_intro"]},
    "doors.seek_mines_loop_chill":{"category":"music","sounds":["doors/seek_mines_loop_chill"]},
    "doors.seek_mines_cutscene":{"category":"music","sounds":["doors/seek_mines_cutscene"]},
    "doors.seek_mines_loop_hype":{"category":"music","sounds":["doors/seek_mines_loop_hype"]},
    "doors.seek_mines_loop_minecart_chill":{"category":"music","sounds":["doors/seek_mines_loop_minecart_chill"]},
    "doors.seek_mines_ending":{"category":"music","sounds":["doors/seek_mines_ending"]},
    "doors.seek_mines_ending_grumble":{"category":"music","sounds":["doors/seek_mines_ending_grumble"]},

    "doors.grumble_phase_1":{"category":"music","sounds":["doors/grumble_phase_1"]},
    "doors.grumble_phase_2":{"category":"music","sounds":["doors/grumble_phase_2"]},
    "doors.grumble_phase_3":{"category":"music","sounds":["doors/grumble_phase_3"]},
    "doors.grumble_phase_4":{"category":"music","sounds":["doors/grumble_phase_4"]},
    "doors.grumble_intense":{"category":"music","sounds":["doors/grumble_intense"]},
    "doors.grumble_ending":{"category":"music","sounds":["doors/grumble_ending"]},

    "doors.jeffs_jam":{"category":"music","sounds":["doors/jeffs_jam"]},

    "doors.seek_sewer_start":{"category":"music","sounds":["doors/seek_sewer_start"]},
    "doors.seek_sewer_phase_1":{"category":"music","sounds":["doors/seek_sewer_phase_1"]},
    "doors.seek_sewer_phase_2":{"category":"music","sounds":["doors/seek_sewer_phase_2"]},
    "doors.seek_sewer_phase_3":{"category":"music","sounds":["doors/seek_sewer_phase_3"]},
    "doors.seek_sewer_end":{"category":"music","sounds":["doors/seek_sewer_end"]},

    "doors.fresh_rain_loop":{"category":"music","sounds":["doors/fresh_rain_loop"]},
    "doors.ending_outside_cutscene":{"category":"music","sounds":["doors/ending_outside_cutscene"]},

    "doors.sfx.entities.rush_far1":{"category":"master","sounds":["doors/sfx/entities/rush_far1"]},
    "doors.sfx.entities.rush_far2":{"category":"master","sounds":["doors/sfx/entities/rush_far2"]},
    "doors.sfx.entities.rush_far3":{"category":"master","sounds":["doors/sfx/entities/rush_far3"]},
    "doors.sfx.entities.rush_far4":{"category":"master","sounds":["doors/sfx/entities/rush_far4"]},
    "doors.sfx.entities.rush_far5":{"category":"master","sounds":["doors/sfx/entities/rush_far5"]},
    "doors.sfx.entities.rush_far6":{"category":"master","sounds":["doors/sfx/entities/rush_far6"]},
    "doors.sfx.entities.rush_far7":{"category":"master","sounds":["doors/sfx/entities/rush_far7"]},
    "doors.sfx.entities.rush_far8":{"category":"master","sounds":["doors/sfx/entities/rush_far8"]},
    "doors.sfx.entities.rush_far9":{"category":"master","sounds":["doors/sfx/entities/rush_far9"]},
    "doors.sfx.entities.rush_far10":{"category":"master","sounds":["doors/sfx/entities/rush_far10"]},
    "doors.sfx.entities.rush_far11":{"category":"master","sounds":["doors/sfx/entities/rush_far11"]},
    "doors.sfx.entities.rush_far12":{"category":"master","sounds":["doors/sfx/entities/rush_far12"]},
    "doors.sfx.entities.rush_far13":{"category":"master","sounds":["doors/sfx/entities/rush_far13"]},
    "doors.sfx.entities.rush_far14":{"category":"master","sounds":["doors/sfx/entities/rush_far14"]},
    "doors.sfx.entities.rush_far15":{"category":"master","sounds":["doors/sfx/entities/rush_far15"]},
    "doors.sfx.entities.rush_far16":{"category":"master","sounds":["doors/sfx/entities/rush_far16"]},
    "doors.sfx.entities.rush_far17":{"category":"master","sounds":["doors/sfx/entities/rush_far17"]},
    "doors.sfx.entities.rush_far18":{"category":"master","sounds":["doors/sfx/entities/rush_far18"]},
    "doors.sfx.entities.rush_far19":{"category":"master","sounds":["doors/sfx/entities/rush_far19"]},
    "doors.sfx.entities.rush_far20":{"category":"master","sounds":["doors/sfx/entities/rush_far20"]},
    "doors.sfx.entities.rush_far21":{"category":"master","sounds":["doors/sfx/entities/rush_far21"]},
    "doors.sfx.entities.rush_far22":{"category":"master","sounds":["doors/sfx/entities/rush_far22"]},
    "doors.sfx.entities.rush_far23":{"category":"master","sounds":["doors/sfx/entities/rush_far23"]},
    "doors.sfx.entities.rush_far24":{"category":"master","sounds":["doors/sfx/entities/rush_far24"]},
    "doors.sfx.entities.rush_far25":{"category":"master","sounds":["doors/sfx/entities/rush_far25"]},
    "doors.sfx.entities.rush_far26":{"category":"master","sounds":["doors/sfx/entities/rush_far26"]},
    "doors.sfx.entities.rush_far27":{"category":"master","sounds":["doors/sfx/entities/rush_far27"]},
    "doors.sfx.entities.rush_far28":{"category":"master","sounds":["doors/sfx/entities/rush_far28"]},
    "doors.sfx.entities.rush_far29":{"category":"master","sounds":["doors/sfx/entities/rush_far29"]},
    "doors.sfx.entities.rush_far30":{"category":"master","sounds":["doors/sfx/entities/rush_far30"]},
    "doors.sfx.entities.rush_far31":{"category":"master","sounds":["doors/sfx/entities/rush_far31"]},
    "doors.sfx.entities.rush_far32":{"category":"master","sounds":["doors/sfx/entities/rush_far32"]},
    "doors.sfx.entities.rush_far33":{"category":"master","sounds":["doors/sfx/entities/rush_far33"]},
    "doors.sfx.entities.rush_far34":{"category":"master","sounds":["doors/sfx/entities/rush_far34"]},
    "doors.sfx.entities.rush_far35":{"category":"master","sounds":["doors/sfx/entities/rush_far35"]},
    "doors.sfx.entities.rush_far36":{"category":"master","sounds":["doors/sfx/entities/rush_far36"]},
    "doors.sfx.entities.rush_far37":{"category":"master","sounds":["doors/sfx/entities/rush_far37"]},
    "doors.sfx.entities.rush_far38":{"category":"master","sounds":["doors/sfx/entities/rush_far38"]},
    "doors.sfx.entities.rush_far39":{"category":"master","sounds":["doors/sfx/entities/rush_far39"]},
    "doors.sfx.entities.rush_far40":{"category":"master","sounds":["doors/sfx/entities/rush_far40"]},
    "doors.sfx.entities.rush_far41":{"category":"master","sounds":["doors/sfx/entities/rush_far41"]},

    "doors.sfx.entities.rush_near1":{"category":"master","sounds":["doors/sfx/entities/rush_near1"]},
    "doors.sfx.entities.rush_near2":{"category":"master","sounds":["doors/sfx/entities/rush_near2"]},
    "doors.sfx.entities.rush_near3":{"category":"master","sounds":["doors/sfx/entities/rush_near3"]},
    "doors.sfx.entities.rush_near4":{"category":"master","sounds":["doors/sfx/entities/rush_near4"]},
    "doors.sfx.entities.rush_near5":{"category":"master","sounds":["doors/sfx/entities/rush_near5"]},
    "doors.sfx.entities.rush_near6":{"category":"master","sounds":["doors/sfx/entities/rush_near6"]},
    "doors.sfx.entities.rush_near7":{"category":"master","sounds":["doors/sfx/entities/rush_near7"]},
    "doors.sfx.entities.rush_near8":{"category":"master","sounds":["doors/sfx/entities/rush_near8"]},
    "doors.sfx.entities.rush_near9":{"category":"master","sounds":["doors/sfx/entities/rush_near9"]},
    "doors.sfx.entities.rush_near10":{"category":"master","sounds":["doors/sfx/entities/rush_near10"]},
    "doors.sfx.entities.rush_near11":{"category":"master","sounds":["doors/sfx/entities/rush_near11"]},
    "doors.sfx.entities.rush_near12":{"category":"master","sounds":["doors/sfx/entities/rush_near12"]},

    "doors.sfx.entities.rush_crucify":{"category":"master","sounds":["doors/sfx/entities/rush_crucify"]},
    "doors.sfx.entities.rush_fakeout_1":{"category":"master","sounds":["doors/sfx/entities/rush_fakeout_1"]},
    "doors.sfx.entities.rush_fakeout_2":{"category":"master","sounds":["doors/sfx/entities/rush_fakeout_2"]},
    "doors.sfx.entities.rush_jumpscare":{"category":"master","sounds":["doors/sfx/entities/rush_jumpscare"]},
    "doors.sfx.entities.rush_kill":{"category":"master","sounds":["doors/sfx/entities/rush_kill"]},
    "doors.sfx.entities.rush_static":{"category":"master","sounds":["doors/sfx/entities/rush_static"]},

    "doors.sfx.entities.ambush_far1":{"category":"master","sounds":["doors/sfx/entities/ambush_far1"]},
    "doors.sfx.entities.ambush_far2":{"category":"master","sounds":["doors/sfx/entities/ambush_far2"]},
    "doors.sfx.entities.ambush_far3":{"category":"master","sounds":["doors/sfx/entities/ambush_far3"]},
    "doors.sfx.entities.ambush_far4":{"category":"master","sounds":["doors/sfx/entities/ambush_far4"]},
    "doors.sfx.entities.ambush_far5":{"category":"master","sounds":["doors/sfx/entities/ambush_far5"]},
    "doors.sfx.entities.ambush_far6":{"category":"master","sounds":["doors/sfx/entities/ambush_far6"]},
    "doors.sfx.entities.ambush_far7":{"category":"master","sounds":["doors/sfx/entities/ambush_far7"]},
    "doors.sfx.entities.ambush_far8":{"category":"master","sounds":["doors/sfx/entities/ambush_far8"]},

    "doors.sfx.entities.ambush_near1":{"category":"master","sounds":["doors/sfx/entities/ambush_near1"]},
    "doors.sfx.entities.ambush_near2":{"category":"master","sounds":["doors/sfx/entities/ambush_near2"]},
    "doors.sfx.entities.ambush_near3":{"category":"master","sounds":["doors/sfx/entities/ambush_near3"]},
    "doors.sfx.entities.ambush_near4":{"category":"master","sounds":["doors/sfx/entities/ambush_near4"]},
    "doors.sfx.entities.ambush_near5":{"category":"master","sounds":["doors/sfx/entities/ambush_near5"]},
    "doors.sfx.entities.ambush_near6":{"category":"master","sounds":["doors/sfx/entities/ambush_near6"]},
    "doors.sfx.entities.ambush_near7":{"category":"master","sounds":["doors/sfx/entities/ambush_near7"]},

    "doors.sfx.entities.ambush_crucify":{"category":"master","sounds":["doors/sfx/entities/ambush_crucify"]},
    "doors.sfx.entities.ambush_jumpscare_1":{"category":"master","sounds":["doors/sfx/entities/ambush_jumpscare_1"]},
    "doors.sfx.entities.ambush_jumpscare_2":{"category":"master","sounds":["doors/sfx/entities/ambush_jumpscare_2"]},

    "doors.sfx.entities.screech_psst":{"category":"master","sounds":["doors/sfx/entities/screech_psst"]},
    "doors.sfx.entities.screech_caught":{"category":"master","sounds":["doors/sfx/entities/screech_caught"]},
    "doors.sfx.entities.screech_crucify":{"category":"master","sounds":["doors/sfx/entities/screech_crucify"]},
    "doors.sfx.entities.screech_bite":{"category":"master","sounds":["doors/sfx/entities/screech_bite"]},
    "doors.sfx.entities.screech_caught_super_hard_mode":{"category":"master","sounds":["doors/sfx/entities/screech_caught_super_hard_mode"]},
    "doors.sfx.entities.screech_explode":{"category":"master","sounds":["doors/sfx/entities/screech_explode"]},

    "doors.sfx.entities.seek_eye_spawn":{"category":"master","sounds":["doors/sfx/entities/seek_eye_spawn"]},
    "doors.sfx.entities.seek_far_ambience":{"category":"master","sounds":["doors/sfx/entities/seek_far_ambience"]},
    "doors.sfx.entities.seek_footsteps_close":{"category":"master","sounds":["doors/sfx/entities/seek_footsteps_close"]},
    "doors.sfx.entities.seek_footsteps_far":{"category":"master","sounds":["doors/sfx/entities/seek_footsteps_far"]},
    "doors.sfx.entities.seek_jumpscare":{"category":"master","sounds":["doors/sfx/entities/seek_jumpscare"]},
    "doors.sfx.entities.seek_kill":{"category":"master","sounds":["doors/sfx/entities/seek_kill"]},
    "doors.sfx.entities.seek_knock":{"category":"master","sounds":["doors/sfx/entities/seek_knock"]},
    "doors.sfx.entities.seek_scream":{"category":"master","sounds":["doors/sfx/entities/seek_scream"]},
    "doors.sfx.entities.seek_footsteps_close1":{"category":"master","sounds":["doors/sfx/entities/seek_footsteps_close1"]},
    "doors.sfx.entities.seek_footsteps_close2":{"category":"master","sounds":["doors/sfx/entities/seek_footsteps_close2"]},
    "doors.sfx.entities.seek_footsteps_close3":{"category":"master","sounds":["doors/sfx/entities/seek_footsteps_close3"]},
    "doors.sfx.entities.seek_footsteps_close4":{"category":"master","sounds":["doors/sfx/entities/seek_footsteps_close4"]},
    "doors.sfx.entities.seek_footsteps_close5":{"category":"master","sounds":["doors/sfx/entities/seek_footsteps_close5"]},
    "doors.sfx.entities.seek_footsteps_close6":{"category":"master","sounds":["doors/sfx/entities/seek_footsteps_close6"]},
    "doors.sfx.entities.seek_footsteps_close7":{"category":"master","sounds":["doors/sfx/entities/seek_footsteps_close7"]},
    "doors.sfx.entities.seek_footsteps_close8":{"category":"master","sounds":["doors/sfx/entities/seek_footsteps_close8"]},
    "doors.sfx.entities.seek_footsteps_close9":{"category":"master","sounds":["doors/sfx/entities/seek_footsteps_close9"]},
    "doors.sfx.entities.seek_footsteps_close10":{"category":"master","sounds":["doors/sfx/entities/seek_footsteps_close10"]},
    "doors.sfx.entities.seek_footsteps_close11":{"category":"master","sounds":["doors/sfx/entities/seek_footsteps_close11"]},
    "doors.sfx.entities.seek_footsteps_close12":{"category":"master","sounds":["doors/sfx/entities/seek_footsteps_close12"]},
    "doors.sfx.entities.seek_footsteps_close13":{"category":"master","sounds":["doors/sfx/entities/seek_footsteps_close13"]},

    "doors.sfx.entities.seek_footsteps_far1":{"category":"master","sounds":["doors/sfx/entities/seek_footsteps_far1"]},
    "doors.sfx.entities.seek_footsteps_far2":{"category":"master","sounds":["doors/sfx/entities/seek_footsteps_far2"]},
    "doors.sfx.entities.seek_footsteps_far3":{"category":"master","sounds":["doors/sfx/entities/seek_footsteps_far3"]},
    "doors.sfx.entities.seek_footsteps_far4":{"category":"master","sounds":["doors/sfx/entities/seek_footsteps_far4"]},
    "doors.sfx.entities.seek_footsteps_far5":{"category":"master","sounds":["doors/sfx/entities/seek_footsteps_far5"]},
    "doors.sfx.entities.seek_footsteps_far6":{"category":"master","sounds":["doors/sfx/entities/seek_footsteps_far6"]},
    "doors.sfx.entities.seek_footsteps_far7":{"category":"master","sounds":["doors/sfx/entities/seek_footsteps_far7"]},
    "doors.sfx.entities.seek_footsteps_far8":{"category":"master","sounds":["doors/sfx/entities/seek_footsteps_far8"]},
    "doors.sfx.entities.seek_footsteps_far9":{"category":"master","sounds":["doors/sfx/entities/seek_footsteps_far9"]},
    "doors.sfx.entities.seek_footsteps_far10":{"category":"master","sounds":["doors/sfx/entities/seek_footsteps_far10"]},
    "doors.sfx.entities.seek_footsteps_far11":{"category":"master","sounds":["doors/sfx/entities/seek_footsteps_far11"]},
    "doors.sfx.entities.seek_footsteps_far12":{"category":"master","sounds":["doors/sfx/entities/seek_footsteps_far12"]},
    "doors.sfx.entities.seek_footsteps_far13":{"category":"master","sounds":["doors/sfx/entities/seek_footsteps_far13"]},
    
    "doors.sfx.entities.figure_kill":{"category":"master","sounds":["doors/sfx/entities/figure_kill"]},
    "doors.sfx.entities.figure_growl_low":{"category":"master","sounds":["doors/sfx/entities/figure_growl_low"]},
    "doors.sfx.entities.figure_growl_high":{"category":"master","sounds":["doors/sfx/entities/figure_growl_high"]},
    "doors.sfx.entities.figure_growl_agro":{"category":"master","sounds":["doors/sfx/entities/figure_growl_agro"]},
    "doors.sfx.entities.figure_grunt_low":{"category":"master","sounds":["doors/sfx/entities/figure_grunt_low"]},
    "doors.sfx.entities.figure_grunt_high":{"category":"master","sounds":["doors/sfx/entities/figure_grunt_high"]},
    "doors.sfx.entities.figure_footstep_1":{"category":"master","sounds":["doors/sfx/entities/figure_footstep_1"]},
    "doors.sfx.entities.figure_footstep_2":{"category":"master","sounds":["doors/sfx/entities/figure_footstep_2"]},
    "doors.sfx.entities.figure_elevator_door_pound":{"category":"master","sounds":["doors/sfx/entities/figure_elevator_door_pound"]},
    "doors.sfx.entities.figure_death_super_hard_mode":{"category":"master","sounds":["doors/sfx/entities/figure_death_super_hard_mode"]},

    "doors.sfx.entities.haste_jumpscare":{"category":"master","sounds":["doors/sfx/entities/haste_jumpscare"]},

    "doors.sfx.entities.halt_whisper_enter":{"category":"master","sounds":["doors/sfx/entities/halt_whisper_enter"]},
    "doors.sfx.entities.halt_whisper":{"category":"master","sounds":["doors/sfx/entities/halt_whisper"]},
    "doors.sfx.entities.halt_whisper_weird":{"category":"master","sounds":["doors/sfx/entities/halt_whisper_weird"]},
    "doors.sfx.entities.halt_jumpscare":{"category":"master","sounds":["doors/sfx/entities/halt_jumpscare"]},
    "doors.sfx.entities.halt_turn":{"category":"master","sounds":["doors/sfx/entities/halt_turn"]},
    "doors.sfx.entities.halt_crucify":{"category":"master","sounds":["doors/sfx/entities/halt_crucify"]},

    "doors.sfx.entities.eyes_spawn":{"category":"master","sounds":["doors/sfx/entities/eyes_spawn"]},
    "doors.sfx.entities.eyes_ambience":{"category":"master","sounds":["doors/sfx/entities/eyes_ambience"]},
    "doors.sfx.entities.eyes_teleport":{"category":"master","sounds":["doors/sfx/entities/eyes_teleport"]},
    "doors.sfx.entities.eyes_attack":{"category":"master","sounds":["doors/sfx/entities/eyes_attack"]},
    "doors.sfx.entities.eyes_repent":{"category":"master","sounds":["doors/sfx/entities/eyes_repent"]},
    "doors.sfx.entities.eyes_crucify":{"category":"master","sounds":["doors/sfx/entities/eyes_crucify"]},

    "doors.sfx.entities.snare_trap":{"category":"master","sounds":["doors/sfx/entities/snare_trap"]},

    "doors.sfx.entities.dupe_growl":{"category":"master","sounds":["doors/sfx/entities/dupe_growl"]},
    "doors.sfx.entities.dupe_jumpscare":{"category":"master","sounds":["doors/sfx/entities/dupe_jumpscare"]},
    "doors.sfx.entities.dupe_crucify":{"category":"master","sounds":["doors/sfx/entities/dupe_crucify"]},

    "doors.sfx.entities.hide_whispers":{"category":"master","sounds":["doors/sfx/entities/hide_whispers"]},
    "doors.sfx.entities.hide_jumpscare":{"category":"master","sounds":["doors/sfx/entities/hide_jumpscare"]},

    "doors.sfx.entities.jack_jumpscare":{"category":"master","sounds":["doors/sfx/entities/jack_jumpscare"]},

    "doors.sfx.entities.shadow_jumpscare":{"category":"master","sounds":["doors/sfx/entities/shadow_jumpscare"]},

    "doors.sfx.entities.timothy_hiss":{"category":"master","sounds":["doors/sfx/entities/timothy_hiss"]},
    "doors.sfx.entities.timothy_jumpscare":{"category":"master","sounds":["doors/sfx/entities/timothy_jumpscare"]},

    "doors.sfx.entities.guiding_light_item_shimmer":{"category":"master","sounds":["doors/sfx/entities/guiding_light_item_shimmer"]},

    "doors.sfx.equipment.lighter_on":{"category":"master","sounds":["doors/sfx/equipment/lighter_on"]},
    "doors.sfx.equipment.lighter_off":{"category":"master","sounds":["doors/sfx/equipment/lighter_off"]},
    "doors.sfx.equipment.crucifix_use_success":{"category":"master","sounds":["doors/sfx/equipment/crucifix_use_success"]},
    "doors.sfx.equipment.crucifix_use_fail":{"category":"master","sounds":["doors/sfx/equipment/crucifix_use_fail"]},
    "doors.sfx.equipment.flashlight_on":{"category":"master","sounds":["doors/sfx/equipment/flashlight_on"]},
    "doors.sfx.equipment.flashlight_off":{"category":"master","sounds":["doors/sfx/equipment/flashlight_off"]},
    "doors.sfx.equipment.flashlight_flick":{"category":"master","sounds":["doors/sfx/equipment/flashlight_flick"]},
    "doors.sfx.equipment.candle_equip":{"category":"master","sounds":["doors/sfx/equipment/candle_equip"]},
    "doors.sfx.equipment.possessed_candle_rift_create":{"category":"master","sounds":["doors/sfx/equipment/possessed_candle_rift_create"]},
    "doors.sfx.equipment.possessed_candle_die":{"category":"master","sounds":["doors/sfx/equipment/possessed_candle_die"]},
    "doors.sfx.equipment.key_pickup":{"category":"master","sounds":["doors/sfx/equipment/key_pickup"]},
    "doors.sfx.equipment.key_use":{"category":"master","sounds":["doors/sfx/equipment/key_use"]},
    "doors.sfx.equipment.alarm_clock_use":{"category":"master","sounds":["doors/sfx/equipment/alarm_clock_use"]},
    "doors.sfx.equipment.alarm_clock_ring":{"category":"master","sounds":["doors/sfx/equipment/alarm_clock_ring"]},
    "doors.sfx.equipment.vitamins_use":{"category":"master","sounds":["doors/sfx/equipment/vitamins_use"]},

    "doors.sfx.equipment.vial_of_starlight_use":{"category":"master","sounds":["doors/sfx/equipment/vial_of_starlight_use"]},
    "doors.sfx.equipment.bottle_of_starlight_use":{"category":"master","sounds":["doors/sfx/equipment/bottle_of_starlight_use"]},
    "doors.sfx.equipment.barrel_of_starlight_use":{"category":"master","sounds":["doors/sfx/equipment/barrel_of_starlight_use"]},
    
    "doors.sfx.doors.hotel_door_open":{"category":"master","sounds":["doors/sfx/doors/hotel_door_open"]},
    "doors.sfx.doors.skeleton_key_door_open":{"category":"master","sounds":["doors/sfx/doors/skeleton_key_door_open"]},
    

    "doors.sfx.player.damage":{"category":"master","sounds":["doors/sfx/player/damage"]},
    "doors.sfx.player.death":{"category":"master","sounds":["doors/sfx/player/death"]},
    "doors.sfx.player.ringing":{"category":"master","sounds":["doors/sfx/player/ringing"]},
    "doors.sfx.player.heartbeat":{"category":"master","sounds":["doors/sfx/player/heartbeat"]},
    "doors.sfx.player.gold_increase":{"category":"master","sounds":["doors/sfx/player/gold_increase"]},
    "doors.sfx.player.gold_decrease":{"category":"master","sounds":["doors/sfx/player/gold_decrease"]},

    "doors.sfx.minecart.hit":{"category":"master","sounds":["doors/sfx/minecart/hit"]},
    "doors.sfx.minecart.lean_center":{"category":"master","sounds":["doors/sfx/minecart/lean_center"]},
    "doors.sfx.minecart.lean_left":{"category":"master","sounds":["doors/sfx/minecart/lean_left"]},
    "doors.sfx.minecart.lean_right":{"category":"master","sounds":["doors/sfx/minecart/lean_right"]},

    "doors.sfx.ambience.fnaf_2_hallway":{"category":"ambient","sounds":["doors/sfx/ambience/fnaf_2_hallway"]},
    
    "doors.sfx.ambience.light_buzz":{"category":"ambient","sounds":["doors/sfx/ambience/light_buzz"]},
    "doors.sfx.ambience.light_buzz_stereo":{"category":"ambient","sounds":["doors/sfx/ambience/light_buzz_stereo"]},

    "doors.sfx.ambience.greenhouse":{"category":"music","sounds":["doors/sfx/ambience/greenhouse"]}
}