{
	"credit": "Made with Blockbench",
	"textures": {
		"0": "block/red_wool",
		"1": "block/spruce_planks",
		"2": "block/stripped_spruce_log",
		"particle": "block/red_wool"
	},
	"elements": [
		{
			"from": [3, 4.2, 1.25],
			"to": [13, 7.2, 11],
			"rotation": {"angle": 0, "axis": "y", "origin": [0, 2.2, 0]},
			"faces": {
				"north": {"uv": [0, 0, 10, 3], "texture": "#0"},
				"east": {"uv": [0, 0, 9.75, 3], "texture": "#0"},
				"south": {"uv": [0, 0, 10, 3], "texture": "#0"},
				"west": {"uv": [0, 0, 9.75, 3], "texture": "#0"},
				"up": {"uv": [0, 0, 10, 9.75], "texture": "#0"},
				"down": {"uv": [0, 0, 10, 9.75], "texture": "#0"}
			}
		},
		{
			"from": [1, 4.2, 10.75],
			"to": [15, 16.2, 11],
			"rotation": {"angle": 0, "axis": "y", "origin": [0, 2.2, 0]},
			"faces": {
				"north": {"uv": [0, 0, 14, 12], "texture": "#0"},
				"east": {"uv": [0, 0, 0.25, 12], "texture": "#0"},
				"south": {"uv": [0, 0, 14, 12], "texture": "#0"},
				"west": {"uv": [0, 0, 0.25, 12], "texture": "#0"},
				"up": {"uv": [0, 0, 14, 0.25], "texture": "#0"},
				"down": {"uv": [0, 0, 14, 0.25], "texture": "#0"}
			}
		},
		{
			"from": [12.95, 2.3, 1.25],
			"to": [14.95, 13.1, 11],
			"rotation": {"angle": 0, "axis": "y", "origin": [9.95, 4.2, 0]},
			"faces": {
				"north": {"uv": [0, 0, 2, 10.8], "texture": "#0"},
				"east": {"uv": [0, 0, 9.75, 10.8], "texture": "#0"},
				"south": {"uv": [0, 0, 2, 10.8], "texture": "#0"},
				"west": {"uv": [0, 0, 9.75, 10.8], "texture": "#0"},
				"up": {"uv": [0, 0, 2, 9.75], "texture": "#0"},
				"down": {"uv": [0, 0, 2, 9.75], "texture": "#0"}
			}
		},
		{
			"from": [1.05, 2.3, 1.25],
			"to": [3.05, 13.1, 11],
			"rotation": {"angle": 0, "axis": "y", "origin": [6.05, 4.2, 0]},
			"faces": {
				"north": {"uv": [3, 0, 5, 10.8], "texture": "#0"},
				"east": {"uv": [5.25, 0, 15, 10.8], "texture": "#0"},
				"south": {"uv": [3, 0, 5, 10.8], "texture": "#0"},
				"west": {"uv": [5.25, 0, 15, 10.8], "texture": "#0"},
				"up": {"uv": [3, 0, 5, 9.75], "texture": "#0"},
				"down": {"uv": [3, 0, 5, 9.75], "texture": "#0"}
			}
		},
		{
			"from": [0, 0, 0],
			"to": [2, 2, 2],
			"faces": {
				"north": {"uv": [0, 0, 2, 2], "texture": "#2"},
				"east": {"uv": [0, 0, 2, 2], "texture": "#2"},
				"south": {"uv": [0, 0, 2, 2], "texture": "#2"},
				"west": {"uv": [0, 0, 2, 2], "texture": "#2"},
				"up": {"uv": [0, 0, 2, 2], "texture": "#2"},
				"down": {"uv": [0, 0, 2, 2], "texture": "#2"}
			}
		},
		{
			"from": [0, 0, 14],
			"to": [2, 2, 16],
			"rotation": {"angle": 0, "axis": "y", "origin": [0, 0, 14]},
			"faces": {
				"north": {"uv": [0, 0, 2, 2], "texture": "#2"},
				"east": {"uv": [0, 0, 2, 2], "texture": "#2"},
				"south": {"uv": [0, 0, 2, 2], "texture": "#2"},
				"west": {"uv": [0, 0, 2, 2], "texture": "#2"},
				"up": {"uv": [0, 0, 2, 2], "texture": "#2"},
				"down": {"uv": [0, 0, 2, 2], "texture": "#2"}
			}
		},
		{
			"from": [0, 2, 0],
			"to": [16, 7, 16],
			"rotation": {"angle": 0, "axis": "y", "origin": [0, 2, 0]},
			"faces": {
				"north": {"uv": [0, 0, 16, 5], "texture": "#2"},
				"east": {"uv": [0, 0, 16, 5], "texture": "#2"},
				"south": {"uv": [0, 0, 16, 5], "texture": "#2"},
				"west": {"uv": [0, 0, 16, 5], "texture": "#2"},
				"up": {"uv": [0, 0, 16, 16], "texture": "#1"},
				"down": {"uv": [0, 0, 16, 16], "texture": "#2"}
			}
		},
		{
			"from": [13, 7, 0],
			"to": [16, 13, 11],
			"rotation": {"angle": 0, "axis": "y", "origin": [0, 7, 0]},
			"faces": {
				"north": {"uv": [0, 0, 3, 6], "texture": "#2"},
				"east": {"uv": [0, 0, 11, 6], "texture": "#2"},
				"south": {"uv": [0, 0, 3, 6], "texture": "#2"},
				"west": {"uv": [0, 0, 11, 6], "texture": "#1"},
				"up": {"uv": [0, 0, 3, 11], "texture": "#2"},
				"down": {"uv": [0, 0, 3, 11], "texture": "#2"}
			}
		},
		{
			"from": [0, 7, 0],
			"to": [3, 13, 11],
			"rotation": {"angle": 0, "axis": "y", "origin": [-13, 7, 0]},
			"faces": {
				"north": {"uv": [0, 0, 3, 6], "texture": "#2"},
				"east": {"uv": [0, 0, 11, 6], "texture": "#1"},
				"south": {"uv": [0, 0, 3, 6], "texture": "#2"},
				"west": {"uv": [0, 0, 11, 6], "texture": "#2"},
				"up": {"uv": [0, 0, 3, 11], "texture": "#2"},
				"down": {"uv": [0, 0, 3, 11], "texture": "#2"}
			}
		},
		{
			"from": [0, 7, 11],
			"to": [16, 16, 16],
			"rotation": {"angle": 0, "axis": "y", "origin": [-13, 7, 0]},
			"faces": {
				"north": {"uv": [0, 0, 16, 9], "texture": "#2"},
				"east": {"uv": [0, 0, 5, 9], "texture": "#2"},
				"south": {"uv": [0, 0, 16, 9], "texture": "#2"},
				"west": {"uv": [0, 0, 5, 9], "texture": "#2"},
				"up": {"uv": [0, 0, 16, 5], "texture": "#2"},
				"down": {"uv": [0, 0, 16, 5], "texture": "#2"}
			}
		},
		{
			"from": [3.575, 10.6, 11.025],
			"to": [12.425, 19.6, 15.975],
			"rotation": {"angle": 0, "axis": "y", "origin": [-13, 10.6, 0]},
			"faces": {
				"north": {"uv": [0, 0, 8.85, 9], "texture": "#2"},
				"east": {"uv": [0, 0, 4.95, 9], "texture": "#2"},
				"south": {"uv": [0, 0, 8.85, 9], "texture": "#2"},
				"west": {"uv": [0, 0, 4.95, 9], "texture": "#2"},
				"up": {"uv": [0, 0, 8.85, 4.95], "texture": "#2"},
				"down": {"uv": [0, 0, 8.85, 4.95], "texture": "#2"}
			}
		},
		{
			"from": [10.1, 16, 11.075],
			"to": [15.2, 23, 15.925],
			"rotation": {"angle": -45, "axis": "z", "origin": [7.15, 18.5, 13.5]},
			"faces": {
				"north": {"uv": [0, 0, 5.1, 7], "texture": "#2"},
				"east": {"uv": [0, 0, 4.85, 7], "texture": "#2"},
				"south": {"uv": [0, 0, 5.1, 7], "texture": "#2"},
				"west": {"uv": [0, 0, 4.85, 7], "texture": "#2"},
				"up": {"uv": [0, 0, 5.1, 4.85], "texture": "#2"},
				"down": {"uv": [0, 0, 5.1, 4.85], "texture": "#2"}
			}
		},
		{
			"from": [1.69619, 11.81802, 11.075],
			"to": [6.79619, 18.81802, 15.925],
			"rotation": {"angle": 45, "axis": "z", "origin": [4.24619, 15.31802, 13.5]},
			"faces": {
				"north": {"uv": [0, 0, 5.1, 7], "texture": "#2"},
				"east": {"uv": [0, 0, 4.85, 7], "texture": "#2"},
				"south": {"uv": [0, 0, 5.1, 7], "texture": "#2"},
				"west": {"uv": [0, 0, 4.85, 7], "texture": "#2"},
				"up": {"uv": [0, 0, 5.1, 4.85], "texture": "#2"},
				"down": {"uv": [0, 0, 5.1, 4.85], "texture": "#2"}
			}
		},
		{
			"from": [14, 0, 0],
			"to": [16, 2, 2],
			"rotation": {"angle": 0, "axis": "y", "origin": [16, 0, 0]},
			"faces": {
				"north": {"uv": [2, 0, 0, 2], "texture": "#2"},
				"east": {"uv": [2, 0, 0, 2], "texture": "#2"},
				"south": {"uv": [2, 0, 0, 2], "texture": "#2"},
				"west": {"uv": [2, 0, 0, 2], "texture": "#2"},
				"up": {"uv": [2, 0, 0, 2], "texture": "#2"},
				"down": {"uv": [2, 0, 0, 2], "texture": "#2"}
			}
		},
		{
			"from": [14, 0, 14],
			"to": [16, 2, 16],
			"rotation": {"angle": 0, "axis": "y", "origin": [16, 0, 14]},
			"faces": {
				"north": {"uv": [2, 0, 0, 2], "texture": "#2"},
				"east": {"uv": [2, 0, 0, 2], "texture": "#2"},
				"south": {"uv": [2, 0, 0, 2], "texture": "#2"},
				"west": {"uv": [2, 0, 0, 2], "texture": "#2"},
				"up": {"uv": [2, 0, 0, 2], "texture": "#2"},
				"down": {"uv": [2, 0, 0, 2], "texture": "#2"}
			}
		}
	],
	"groups": [
		{
			"name": "wool",
			"origin": [0, 2.2, 0],
			"color": 0,
			"children": [0, 1, 2, 3]
		},
		{
			"name": "everything else",
			"origin": [0, 2.2, 0],
			"color": 0,
			"children": [4, 5, 6, 7, 8, 9, 10, 11, 12, 13, 14]
		}
	]
}