{
	"credit": "Made with Blockbench",
	"textures": {
		"0": "block/red_wool",
		"1": "block/spruce_planks",
		"2": "block/stripped_spruce_log",
		"particle": "block/red_wool"
	},
	"elements": [
		{
			"from": [12.5, 4.2, 1.25],
			"to": [21, 7.2, 11],
			"rotation": {"angle": 0, "axis": "y", "origin": [7.5, 2.2, 0]},
			"faces": {
				"north": {"uv": [0, 0, 10, 3], "texture": "#0"},
				"east": {"uv": [0, 0, 9.75, 3], "texture": "#0"},
				"south": {"uv": [0, 0, 10, 3], "texture": "#0"},
				"west": {"uv": [0, 0, 9.75, 3], "texture": "#0"},
				"up": {"uv": [0, 0, 10, 9.75], "texture": "#0"},
				"down": {"uv": [0, 0, 10, 9.75], "texture": "#0"}
			}
		},
		{
			"from": [3.75, 4.2, 1.25],
			"to": [12.25, 7.2, 11],
			"rotation": {"angle": 0, "axis": "y", "origin": [0.55, 2.2, 0]},
			"faces": {
				"north": {"uv": [0, 0, 10, 3], "texture": "#0"},
				"east": {"uv": [0, 0, 9.75, 3], "texture": "#0"},
				"south": {"uv": [0, 0, 10, 3], "texture": "#0"},
				"west": {"uv": [0, 0, 9.75, 3], "texture": "#0"},
				"up": {"uv": [0, 0, 10, 9.75], "texture": "#0"},
				"down": {"uv": [0, 0, 10, 9.75], "texture": "#0"}
			}
		},
		{
			"from": [-5, 4.2, 1.25],
			"to": [3.5, 7.2, 11],
			"rotation": {"angle": 0, "axis": "y", "origin": [-5, 2.2, 0]},
			"faces": {
				"north": {"uv": [0, 0, 10, 3], "texture": "#0"},
				"east": {"uv": [0, 0, 9.75, 3], "texture": "#0"},
				"south": {"uv": [0, 0, 10, 3], "texture": "#0"},
				"west": {"uv": [0, 0, 9.75, 3], "texture": "#0"},
				"up": {"uv": [0, 0, 10, 9.75], "texture": "#0"},
				"down": {"uv": [0, 0, 10, 9.75], "texture": "#0"}
			}
		},
		{
			"from": [-7, 4.2, 10.75],
			"to": [23, 16.2, 11],
			"rotation": {"angle": 0, "axis": "y", "origin": [8, 2.2, 0]},
			"faces": {
				"north": {"uv": [0, 0, 14, 12], "texture": "#0"},
				"east": {"uv": [0, 0, 0.25, 12], "texture": "#0"},
				"south": {"uv": [0, 0, 14, 12], "texture": "#0"},
				"west": {"uv": [0, 0, 0.25, 12], "texture": "#0"},
				"up": {"uv": [0, 0, 14, 0.25], "texture": "#0"},
				"down": {"uv": [0, 0, 14, 0.25], "texture": "#0"}
			}
		},
		{
			"from": [20.95, 2.3, 1.25],
			"to": [22.95, 13.1, 11],
			"rotation": {"angle": 0, "axis": "y", "origin": [17.95, 4.2, 0]},
			"faces": {
				"north": {"uv": [0, 0, 2, 10.8], "texture": "#0"},
				"east": {"uv": [0, 0, 9.75, 10.8], "texture": "#0"},
				"south": {"uv": [0, 0, 2, 10.8], "texture": "#0"},
				"west": {"uv": [0, 0, 9.75, 10.8], "texture": "#0"},
				"up": {"uv": [0, 0, 2, 9.75], "texture": "#0"},
				"down": {"uv": [0, 0, 2, 9.75], "texture": "#0"}
			}
		},
		{
			"from": [-6.95, 2.3, 1.25],
			"to": [-4.95, 13.1, 11],
			"rotation": {"angle": 0, "axis": "y", "origin": [-1.95, 4.2, 0]},
			"faces": {
				"north": {"uv": [3, 0, 5, 10.8], "texture": "#0"},
				"east": {"uv": [5.25, 0, 15, 10.8], "texture": "#0"},
				"south": {"uv": [3, 0, 5, 10.8], "texture": "#0"},
				"west": {"uv": [5.25, 0, 15, 10.8], "texture": "#0"},
				"up": {"uv": [3, 0, 5, 9.75], "texture": "#0"},
				"down": {"uv": [3, 0, 5, 9.75], "texture": "#0"}
			}
		},
		{
			"from": [-8, 0, 0],
			"to": [-6, 2, 2],
			"rotation": {"angle": 0, "axis": "y", "origin": [-8, 0, 0]},
			"faces": {
				"north": {"uv": [0, 0, 2, 2], "texture": "#2"},
				"east": {"uv": [0, 0, 2, 2], "texture": "#2"},
				"south": {"uv": [0, 0, 2, 2], "texture": "#2"},
				"west": {"uv": [0, 0, 2, 2], "texture": "#2"},
				"up": {"uv": [0, 0, 2, 2], "texture": "#2"},
				"down": {"uv": [0, 0, 2, 2], "texture": "#2"}
			}
		},
		{
			"from": [-8, 0, 14],
			"to": [-6, 2, 16],
			"rotation": {"angle": 0, "axis": "y", "origin": [-8, 0, 14]},
			"faces": {
				"north": {"uv": [0, 0, 2, 2], "texture": "#2"},
				"east": {"uv": [0, 0, 2, 2], "texture": "#2"},
				"south": {"uv": [0, 0, 2, 2], "texture": "#2"},
				"west": {"uv": [0, 0, 2, 2], "texture": "#2"},
				"up": {"uv": [0, 0, 2, 2], "texture": "#2"},
				"down": {"uv": [0, 0, 2, 2], "texture": "#2"}
			}
		},
		{
			"from": [-8, 2, 0],
			"to": [24, 7, 16],
			"rotation": {"angle": 0, "axis": "y", "origin": [8, 2, 0]},
			"faces": {
				"north": {"uv": [0, 0, 16, 5], "texture": "#2"},
				"east": {"uv": [0, 0, 16, 5], "texture": "#2"},
				"south": {"uv": [0, 0, 16, 5], "texture": "#2"},
				"west": {"uv": [0, 0, 16, 5], "texture": "#2"},
				"up": {"uv": [0, 0, 16, 16], "texture": "#1"},
				"down": {"uv": [0, 0, 16, 16], "texture": "#2"}
			}
		},
		{
			"from": [21, 7, 0],
			"to": [24, 13, 11],
			"rotation": {"angle": 0, "axis": "y", "origin": [8, 7, 0]},
			"faces": {
				"north": {"uv": [0, 0, 3, 6], "texture": "#2"},
				"east": {"uv": [0, 0, 11, 6], "texture": "#2"},
				"south": {"uv": [0, 0, 3, 6], "texture": "#2"},
				"west": {"uv": [0, 0, 11, 6], "texture": "#1"},
				"up": {"uv": [0, 0, 3, 11], "texture": "#2"},
				"down": {"uv": [0, 0, 3, 11], "texture": "#2"}
			}
		},
		{
			"from": [-8, 7, 0],
			"to": [-5, 13, 11],
			"rotation": {"angle": 0, "axis": "y", "origin": [-21, 7, 0]},
			"faces": {
				"north": {"uv": [0, 0, 3, 6], "texture": "#2"},
				"east": {"uv": [0, 0, 11, 6], "texture": "#1"},
				"south": {"uv": [0, 0, 3, 6], "texture": "#2"},
				"west": {"uv": [0, 0, 11, 6], "texture": "#2"},
				"up": {"uv": [0, 0, 3, 11], "texture": "#2"},
				"down": {"uv": [0, 0, 3, 11], "texture": "#2"}
			}
		},
		{
			"from": [-8, 7, 11],
			"to": [24, 16, 16],
			"rotation": {"angle": 0, "axis": "y", "origin": [-5, 7, 0]},
			"faces": {
				"north": {"uv": [0, 0, 16, 9], "texture": "#2"},
				"east": {"uv": [0, 0, 5, 9], "texture": "#2"},
				"south": {"uv": [0, 0, 16, 9], "texture": "#2"},
				"west": {"uv": [0, 0, 5, 9], "texture": "#2"},
				"up": {"uv": [0, 0, 16, 5], "texture": "#2"},
				"down": {"uv": [0, 0, 16, 5], "texture": "#2"}
			}
		},
		{
			"from": [-4.425, 10.6, 11.025],
			"to": [20.425, 19.6, 15.975],
			"rotation": {"angle": 0, "axis": "y", "origin": [-5, 10.6, 0]},
			"faces": {
				"north": {"uv": [0, 0, 8.85, 9], "texture": "#2"},
				"east": {"uv": [0, 0, 4.95, 9], "texture": "#2"},
				"south": {"uv": [0, 0, 8.85, 9], "texture": "#2"},
				"west": {"uv": [0, 0, 4.95, 9], "texture": "#2"},
				"up": {"uv": [0, 0, 8.85, 4.95], "texture": "#2"},
				"down": {"uv": [0, 0, 8.85, 4.95], "texture": "#2"}
			}
		},
		{
			"from": [18.1, 16, 11.075],
			"to": [23.2, 23, 15.925],
			"rotation": {"angle": -45, "axis": "z", "origin": [15.15, 18.5, 13.5]},
			"faces": {
				"north": {"uv": [0, 0, 5.1, 7], "texture": "#2"},
				"east": {"uv": [0, 0, 4.85, 7], "texture": "#2"},
				"south": {"uv": [0, 0, 5.1, 7], "texture": "#2"},
				"west": {"uv": [0, 0, 4.85, 7], "texture": "#2"},
				"up": {"uv": [0, 0, 5.1, 4.85], "texture": "#2"},
				"down": {"uv": [0, 0, 5.1, 4.85], "texture": "#2"}
			}
		},
		{
			"from": [-6.30381, 11.81802, 11.075],
			"to": [-1.20381, 18.81802, 15.925],
			"rotation": {"angle": 45, "axis": "z", "origin": [-3.75381, 15.31802, 13.5]},
			"faces": {
				"north": {"uv": [0, 0, 5.1, 7], "texture": "#2"},
				"east": {"uv": [0, 0, 4.85, 7], "texture": "#2"},
				"south": {"uv": [0, 0, 5.1, 7], "texture": "#2"},
				"west": {"uv": [0, 0, 4.85, 7], "texture": "#2"},
				"up": {"uv": [0, 0, 5.1, 4.85], "texture": "#2"},
				"down": {"uv": [0, 0, 5.1, 4.85], "texture": "#2"}
			}
		},
		{
			"from": [22, 0, 0],
			"to": [24, 2, 2],
			"rotation": {"angle": 0, "axis": "y", "origin": [24, 0, 0]},
			"faces": {
				"north": {"uv": [2, 0, 0, 2], "texture": "#2"},
				"east": {"uv": [2, 0, 0, 2], "texture": "#2"},
				"south": {"uv": [2, 0, 0, 2], "texture": "#2"},
				"west": {"uv": [2, 0, 0, 2], "texture": "#2"},
				"up": {"uv": [2, 0, 0, 2], "texture": "#2"},
				"down": {"uv": [2, 0, 0, 2], "texture": "#2"}
			}
		},
		{
			"from": [22, 0, 14],
			"to": [24, 2, 16],
			"rotation": {"angle": 0, "axis": "y", "origin": [24, 0, 14]},
			"faces": {
				"north": {"uv": [2, 0, 0, 2], "texture": "#2"},
				"east": {"uv": [2, 0, 0, 2], "texture": "#2"},
				"south": {"uv": [2, 0, 0, 2], "texture": "#2"},
				"west": {"uv": [2, 0, 0, 2], "texture": "#2"},
				"up": {"uv": [2, 0, 0, 2], "texture": "#2"},
				"down": {"uv": [2, 0, 0, 2], "texture": "#2"}
			}
		}
	],
	"groups": [
		{
			"name": "wool",
			"origin": [0, 2.2, 0],
			"color": 0,
			"children": [0, 1, 2, 3, 4, 5]
		},
		{
			"name": "everything else",
			"origin": [0, 2.2, 0],
			"color": 0,
			"children": [6, 7, 8, 9, 10, 11, 12, 13, 14, 15, 16]
		}
	]
}