{
	"credit": "Made with Blockbench",
	"textures": {
		"0": "block/spruce_planks",
		"1": "block/spruce_log",
		"2": "block/stripped_spruce_log",
		"particle": "block/spruce_planks"
	},
	"elements": [
		{
			"from": [0, 14, 0],
			"to": [16, 16, 16],
			"rotation": {"angle": 0, "axis": "y", "origin": [-16, 14, -16]},
			"faces": {
				"north": {"uv": [0, 0, 16, 2], "texture": "#0"},
				"east": {"uv": [0, 0, 16, 2], "texture": "#0"},
				"south": {"uv": [0, 0, 16, 2], "texture": "#0"},
				"west": {"uv": [0, 0, 16, 2], "texture": "#0"},
				"up": {"uv": [0, 0, 16, 16], "texture": "#0"},
				"down": {"uv": [0, 0, 16, 16], "texture": "#0"}
			}
		},
		{
			"from": [16, 14, 0],
			"to": [32, 16, 16],
			"rotation": {"angle": 0, "axis": "y", "origin": [0, 14, -16]},
			"faces": {
				"north": {"uv": [0, 0, 16, 2], "texture": "#0"},
				"east": {"uv": [0, 0, 16, 2], "texture": "#0"},
				"south": {"uv": [0, 0, 16, 2], "texture": "#0"},
				"west": {"uv": [0, 0, 16, 2], "texture": "#0"},
				"up": {"uv": [0, 0, 16, 16], "texture": "#0"},
				"down": {"uv": [0, 0, 16, 16], "texture": "#0"}
			}
		},
		{
			"from": [28, 0, 2],
			"to": [30, 14, 4],
			"rotation": {"angle": 0, "axis": "y", "origin": [-2, 0, -14]},
			"faces": {
				"north": {"uv": [0, 0, 4, 16], "texture": "#1"},
				"east": {"uv": [0, 0, 4, 16], "texture": "#1"},
				"south": {"uv": [0, 0, 4, 16], "texture": "#1"},
				"west": {"uv": [0, 0, 4, 16], "texture": "#1"},
				"up": {"uv": [0, 0, 3, 3], "texture": "#1"},
				"down": {"uv": [0, 0, 3, 3], "texture": "#1"}
			}
		},
		{
			"from": [28.5, 7, 4],
			"to": [29.5, 8, 12],
			"rotation": {"angle": 0, "axis": "x", "origin": [28.5, 8, 12.5]},
			"faces": {
				"north": {"uv": [0, 0, 3, 3], "rotation": 180, "texture": "#2"},
				"east": {"uv": [0, 0, 4, 16], "rotation": 270, "texture": "#2"},
				"south": {"uv": [0, 0, 3, 3], "texture": "#2"},
				"west": {"uv": [0, 0, 4, 16], "rotation": 90, "texture": "#2"},
				"up": {"uv": [0, 0, 4, 16], "rotation": 180, "texture": "#2"},
				"down": {"uv": [0, 0, 4, 16], "texture": "#2"}
			}
		},
		{
			"from": [28, 0, 12],
			"to": [30, 14, 14],
			"rotation": {"angle": 0, "axis": "y", "origin": [-2, 0, -5]},
			"faces": {
				"north": {"uv": [0, 0, 4, 16], "texture": "#1"},
				"east": {"uv": [0, 0, 4, 16], "texture": "#1"},
				"south": {"uv": [0, 0, 4, 16], "texture": "#1"},
				"west": {"uv": [0, 0, 4, 16], "texture": "#1"},
				"up": {"uv": [0, 0, 3, 3], "texture": "#1"},
				"down": {"uv": [0, 0, 3, 3], "texture": "#1"}
			}
		},
		{
			"from": [2, 0, 12],
			"to": [4, 14, 14],
			"rotation": {"angle": 0, "axis": "y", "origin": [-28, 0, -5]},
			"faces": {
				"north": {"uv": [0, 0, 4, 16], "texture": "#1"},
				"east": {"uv": [0, 0, 4, 16], "texture": "#1"},
				"south": {"uv": [0, 0, 4, 16], "texture": "#1"},
				"west": {"uv": [0, 0, 4, 16], "texture": "#1"},
				"up": {"uv": [0, 0, 3, 3], "texture": "#1"},
				"down": {"uv": [0, 0, 3, 3], "texture": "#1"}
			}
		},
		{
			"from": [2.5, 7, 4],
			"to": [3.5, 8, 12],
			"rotation": {"angle": 0, "axis": "x", "origin": [2.5, 8, 12.5]},
			"faces": {
				"north": {"uv": [0, 0, 3, 3], "rotation": 180, "texture": "#2"},
				"east": {"uv": [0, 0, 4, 16], "rotation": 270, "texture": "#2"},
				"south": {"uv": [0, 0, 3, 3], "texture": "#2"},
				"west": {"uv": [0, 0, 4, 16], "rotation": 90, "texture": "#2"},
				"up": {"uv": [0, 0, 4, 16], "rotation": 180, "texture": "#2"},
				"down": {"uv": [0, 0, 4, 16], "texture": "#2"}
			}
		},
		{
			"from": [4, 13, 2.5],
			"to": [28, 14, 3.5],
			"rotation": {"angle": 0, "axis": "y", "origin": [16.5, 14, 3.5]},
			"faces": {
				"north": {"uv": [0, 0, 4, 16], "rotation": 270, "texture": "#2"},
				"east": {"uv": [0, 0, 3, 3], "texture": "#2"},
				"south": {"uv": [0, 0, 4, 16], "rotation": 90, "texture": "#2"},
				"west": {"uv": [0, 0, 3, 3], "rotation": 180, "texture": "#2"},
				"up": {"uv": [0, 0, 4, 16], "rotation": 90, "texture": "#2"},
				"down": {"uv": [0, 0, 4, 16], "rotation": 90, "texture": "#2"}
			}
		},
		{
			"from": [4, 13, 12.5],
			"to": [28, 14, 13.5],
			"rotation": {"angle": 0, "axis": "y", "origin": [16.5, 14, 13.5]},
			"faces": {
				"north": {"uv": [0, 0, 4, 16], "rotation": 270, "texture": "#2"},
				"east": {"uv": [0, 0, 3, 3], "texture": "#2"},
				"south": {"uv": [0, 0, 4, 16], "rotation": 90, "texture": "#2"},
				"west": {"uv": [0, 0, 3, 3], "rotation": 180, "texture": "#2"},
				"up": {"uv": [0, 0, 4, 16], "rotation": 90, "texture": "#2"},
				"down": {"uv": [0, 0, 4, 16], "rotation": 90, "texture": "#2"}
			}
		},
		{
			"from": [2, 0, 2],
			"to": [4, 14, 4],
			"rotation": {"angle": 0, "axis": "y", "origin": [-28, 0, -14]},
			"faces": {
				"north": {"uv": [0, 0, 4, 16], "texture": "#1"},
				"east": {"uv": [0, 0, 4, 16], "texture": "#1"},
				"south": {"uv": [0, 0, 4, 16], "texture": "#1"},
				"west": {"uv": [0, 0, 4, 16], "texture": "#1"},
				"up": {"uv": [0, 0, 3, 3], "texture": "#1"},
				"down": {"uv": [0, 0, 3, 3], "texture": "#1"}
			}
		}
	]
}