{
	"credit": "Made with Blockbench",
	"texture_size": [128, 128],
	"textures": {
		"0": "item/doors/decor/ceiling_electrical_light",
		"particle": "item/doors/decor/ceiling_electrical_light"
	},
	"elements": [
		{
			"from": [-8, -16, 5.5],
			"to": [24, -15, 7.5],
			"rotation": {"angle": 0, "axis": "y", "origin": [0, -16, 5.5]},
			"faces": {
				"north": {"uv": [2, 3, 6, 3.125], "texture": "#0"},
				"east": {"uv": [4, 0.875, 4.25, 1], "texture": "#0"},
				"south": {"uv": [2, 3.125, 6, 3.25], "texture": "#0"},
				"west": {"uv": [4, 1, 4.25, 1.125], "texture": "#0"},
				"up": {"uv": [6, 2.25, 2, 2], "texture": "#0"},
				"down": {"uv": [6, 2.25, 2, 2.5], "texture": "#0"}
			}
		},
		{
			"from": [-8, -16, 8.5],
			"to": [24, -15, 10.5],
			"rotation": {"angle": 0, "axis": "y", "origin": [0, -16, 8.5]},
			"faces": {
				"north": {"uv": [2, 3.25, 6, 3.375], "texture": "#0"},
				"east": {"uv": [4, 1.125, 4.25, 1.25], "texture": "#0"},
				"south": {"uv": [2, 3.375, 6, 3.5], "texture": "#0"},
				"west": {"uv": [4, 1.25, 4.25, 1.375], "texture": "#0"},
				"up": {"uv": [6, 2.75, 2, 2.5], "texture": "#0"},
				"down": {"uv": [6, 2.75, 2, 3], "texture": "#0"}
			}
		},
		{
			"from": [-8.35, -15, 5.15],
			"to": [24.35, -12, 10.85],
			"rotation": {"angle": 0, "axis": "y", "origin": [0, -14, 8.5]},
			"faces": {
				"north": {"uv": [4, 1.625, 8.0875, 2], "texture": "#0"},
				"east": {"uv": [2.75, 4.125, 3.4625, 4.5], "texture": "#0"},
				"south": {"uv": [4, 3.5, 8.0875, 3.875], "texture": "#0"},
				"west": {"uv": [2, 4.25, 2.7125, 4.625], "texture": "#0"},
				"up": {"uv": [7.8375, 4.7125, 3.75, 4], "texture": "#0"},
				"down": {"uv": [8.3375, 0.875, 4.25, 1.5875], "texture": "#0"}
			}
		},
		{
			"from": [20.25, -12, 7.25],
			"to": [21.75, 32, 8.75],
			"rotation": {"angle": 0, "axis": "y", "origin": [13.5, -12, 8.5]},
			"faces": {
				"north": {"uv": [0, 2, 0.25, 7.5], "texture": "#0"},
				"east": {"uv": [0.25, 2, 0.5, 7.5], "texture": "#0"},
				"south": {"uv": [0.5, 2, 0.75, 7.5], "texture": "#0"},
				"west": {"uv": [0.75, 2, 1, 7.5], "texture": "#0"},
				"up": {"uv": [3, 4.125, 2.75, 3.875], "texture": "#0"},
				"down": {"uv": [3.25, 3.875, 3, 4.125], "texture": "#0"}
			}
		},
		{
			"from": [19.75, -12, 6.75],
			"to": [22.25, -11, 9.25],
			"rotation": {"angle": 0, "axis": "y", "origin": [13.5, -12, 8.5]},
			"faces": {
				"north": {"uv": [3.75, 3.875, 4.125, 4], "texture": "#0"},
				"east": {"uv": [4, 0, 4.375, 0.125], "texture": "#0"},
				"south": {"uv": [4, 0.125, 4.375, 0.25], "texture": "#0"},
				"west": {"uv": [4, 0.25, 4.375, 0.375], "texture": "#0"},
				"up": {"uv": [3.625, 3.875, 3.25, 3.5], "texture": "#0"},
				"down": {"uv": [4, 3.5, 3.625, 3.875], "texture": "#0"}
			}
		},
		{
			"from": [-6.25, -12, 6.75],
			"to": [-3.75, -11, 9.25],
			"rotation": {"angle": 0, "axis": "y", "origin": [-12.5, -12, 8.5]},
			"faces": {
				"north": {"uv": [4, 0.375, 4.375, 0.5], "texture": "#0"},
				"east": {"uv": [4, 0.5, 4.375, 0.625], "texture": "#0"},
				"south": {"uv": [4, 0.625, 4.375, 0.75], "texture": "#0"},
				"west": {"uv": [4, 0.75, 4.375, 0.875], "texture": "#0"},
				"up": {"uv": [2.375, 4.25, 2, 3.875], "texture": "#0"},
				"down": {"uv": [2.75, 3.875, 2.375, 4.25], "texture": "#0"}
			}
		},
		{
			"from": [-5.75, -12, 7.25],
			"to": [-4.25, 32, 8.75],
			"rotation": {"angle": 0, "axis": "y", "origin": [-12.5, -12, 8.5]},
			"faces": {
				"north": {"uv": [1, 2, 1.25, 7.5], "texture": "#0"},
				"east": {"uv": [1.25, 2, 1.5, 7.5], "texture": "#0"},
				"south": {"uv": [1.5, 2, 1.75, 7.5], "texture": "#0"},
				"west": {"uv": [1.75, 2, 2, 7.5], "texture": "#0"},
				"up": {"uv": [3.5, 4.125, 3.25, 3.875], "texture": "#0"},
				"down": {"uv": [3.75, 3.875, 3.5, 4.125], "texture": "#0"}
			}
		}
	],
	"groups": [
		{
			"name": "root",
			"origin": [8, 8, 8],
			"color": 0,
			"children": [0, 1, 2, 3, 4, 5, 6]
		}
	]
}