{
	"credit": "Made with Blockbench",
	"texture_size": [64, 64],
	"textures": {
		"0": "item/doors/decor/chandelier_light",
		"particle": "item/doors/decor/chandelier_light"
	},
	"elements": [
		{
			"from": [6.9, -13, 0],
			"to": [9.1, -11, 5],
			"rotation": {"angle": -22.5, "axis": "x", "origin": [7, -11, 5]},
			"faces": {
				"north": {"uv": [3.5, 8.25, 4, 8.75], "texture": "#0"},
				"east": {"uv": [7.5, 4.5, 8.75, 5], "texture": "#0"},
				"south": {"uv": [4, 8.25, 4.5, 8.75], "texture": "#0"},
				"west": {"uv": [7.5, 5, 8.75, 5.5], "texture": "#0"},
				"up": {"uv": [2, 5.75, 1.5, 4.5], "texture": "#0"},
				"down": {"uv": [1.25, 7.5, 0.75, 8.75], "texture": "#0"}
			}
		},
		{
			"from": [6.9, -15.5, -6.5],
			"to": [9.1, -13.5, -3.5],
			"rotation": {"angle": 45, "axis": "x", "origin": [7, -13.5, -3.5]},
			"faces": {
				"north": {"uv": [4.5, 8.25, 5, 8.75], "texture": "#0"},
				"east": {"uv": [8, 5.5, 8.75, 6], "texture": "#0"},
				"south": {"uv": [5, 8.25, 5.5, 8.75], "texture": "#0"},
				"west": {"uv": [8, 6, 8.75, 6.5], "texture": "#0"},
				"up": {"uv": [8.5, 8.5, 8, 7.75], "texture": "#0"},
				"down": {"uv": [0.5, 8.25, 0, 9], "texture": "#0"}
			}
		},
		{
			"from": [7, -14.75, -5],
			"to": [9, -12.75, 1],
			"rotation": {"angle": 0, "axis": "x", "origin": [7, -12.75, 1]},
			"faces": {
				"north": {"uv": [5.5, 8.25, 6, 8.75], "texture": "#0"},
				"east": {"uv": [0, 3, 1.5, 3.5], "texture": "#0"},
				"south": {"uv": [6, 8.25, 6.5, 8.75], "texture": "#0"},
				"west": {"uv": [0, 3.5, 1.5, 4], "texture": "#0"},
				"up": {"uv": [2, 4.5, 1.5, 3], "texture": "#0"},
				"down": {"uv": [4, 0.75, 3.5, 2.25], "texture": "#0"}
			}
		},
		{
			"from": [4.5, -15.25, 0],
			"to": [10, -13.25, 2],
			"rotation": {"angle": 22.5, "axis": "y", "origin": [8, -13.25, 6]},
			"faces": {
				"north": {"uv": [0, 4, 1.5, 4.5], "texture": "#0"},
				"east": {"uv": [7, 8.25, 7.5, 8.75], "texture": "#0"},
				"south": {"uv": [0, 4.5, 1.5, 5], "texture": "#0"},
				"west": {"uv": [7.5, 8.25, 8, 8.75], "texture": "#0"},
				"up": {"uv": [4, 5, 2.5, 4.5], "texture": "#0"},
				"down": {"uv": [1.5, 5, 0, 5.5], "texture": "#0"}
			}
		},
		{
			"from": [7, -12.75, -7],
			"to": [9, -10.75, -5],
			"rotation": {"angle": 0, "axis": "x", "origin": [7, -10.75, -5]},
			"faces": {
				"north": {"uv": [8.5, 7.75, 9, 8.25], "texture": "#0"},
				"east": {"uv": [8, 8.5, 8.5, 9], "texture": "#0"},
				"south": {"uv": [8.5, 8.25, 9, 8.75], "texture": "#0"},
				"west": {"uv": [0.5, 8.75, 1, 9.25], "texture": "#0"},
				"up": {"uv": [2, 9.25, 1.5, 8.75], "texture": "#0"},
				"down": {"uv": [9.25, 1.5, 8.75, 2], "texture": "#0"}
			}
		},
		{
			"from": [-1.5, -13.25, -5],
			"to": [8.5, -10.75, -2.5],
			"rotation": {"angle": 22.5, "axis": "y", "origin": [2.5, -11, -4.75]},
			"faces": {
				"north": {"uv": [2.5, 0, 5, 0.75], "texture": "#0"},
				"east": {"uv": [3.5, 2.25, 4.25, 3], "texture": "#0"},
				"south": {"uv": [2.5, 3, 5, 3.75], "texture": "#0"},
				"west": {"uv": [3.5, 6, 4.25, 6.75], "texture": "#0"},
				"up": {"uv": [5, 4.5, 2.5, 3.75], "texture": "#0"},
				"down": {"uv": [9.75, 7, 7.25, 7.75], "texture": "#0"}
			}
		},
		{
			"from": [6, -10.75, -8],
			"to": [10, -8.75, -4],
			"rotation": {"angle": 0, "axis": "x", "origin": [7, -8.75, -4]},
			"faces": {
				"north": {"uv": [4, 4.5, 5, 5], "texture": "#0"},
				"east": {"uv": [5, 3.5, 6, 4], "texture": "#0"},
				"south": {"uv": [4.75, 6.75, 5.75, 7.25], "texture": "#0"},
				"west": {"uv": [7.75, 1.5, 8.75, 2], "texture": "#0"},
				"up": {"uv": [3.5, 1.75, 2.5, 0.75], "texture": "#0"},
				"down": {"uv": [3.5, 1.75, 2.5, 2.75], "texture": "#0"}
			}
		},
		{
			"from": [10, -8.75, -9],
			"to": [11, -6.75, -3],
			"rotation": {"angle": 0, "axis": "x", "origin": [7, -5.75, -4]},
			"faces": {
				"north": {"uv": [2, 4.5, 2.25, 5], "texture": "#0"},
				"east": {"uv": [2.5, 5, 4, 5.5], "texture": "#0"},
				"south": {"uv": [5, 0, 5.25, 0.5], "texture": "#0"},
				"west": {"uv": [5, 3, 6.5, 3.5], "texture": "#0"},
				"up": {"uv": [2.25, 4.5, 2, 3], "texture": "#0"},
				"down": {"uv": [4.25, 0.75, 4, 2.25], "texture": "#0"}
			}
		},
		{
			"from": [6, -8.75, -9],
			"to": [10, -6.75, -8],
			"rotation": {"angle": 0, "axis": "x", "origin": [6, -5.75, -4]},
			"faces": {
				"north": {"uv": [7.75, 2, 8.75, 2.5], "texture": "#0"},
				"east": {"uv": [2, 5, 2.25, 5.5], "texture": "#0"},
				"south": {"uv": [2.5, 7.75, 3.5, 8.25], "texture": "#0"},
				"west": {"uv": [0, 7, 0.25, 7.5], "texture": "#0"},
				"up": {"uv": [3.5, 3, 2.5, 2.75], "texture": "#0"},
				"down": {"uv": [5.25, 0.75, 4.25, 1], "texture": "#0"}
			}
		},
		{
			"from": [5, -8.75, -9],
			"to": [6, -6.75, -3],
			"rotation": {"angle": 0, "axis": "x", "origin": [2, -5.75, -4]},
			"faces": {
				"north": {"uv": [7.25, 6.5, 7.5, 7], "texture": "#0"},
				"east": {"uv": [2.5, 5.5, 4, 6], "texture": "#0"},
				"south": {"uv": [0, 7.5, 0.25, 8], "texture": "#0"},
				"west": {"uv": [7.5, 3, 9, 3.5], "texture": "#0"},
				"up": {"uv": [0.25, 7, 0, 5.5], "texture": "#0"},
				"down": {"uv": [1.5, 7.75, 1.25, 9.25], "texture": "#0"}
			}
		},
		{
			"from": [6, -8.75, -4],
			"to": [10, -6.75, -3],
			"rotation": {"angle": 0, "axis": "x", "origin": [6, -5.75, 1]},
			"faces": {
				"north": {"uv": [7.75, 2.5, 8.75, 3], "texture": "#0"},
				"east": {"uv": [3.5, 7.75, 3.75, 8.25], "texture": "#0"},
				"south": {"uv": [7, 7.75, 8, 8.25], "texture": "#0"},
				"west": {"uv": [6.25, 7.75, 6.5, 8.25], "texture": "#0"},
				"up": {"uv": [1.25, 5.75, 0.25, 5.5], "texture": "#0"},
				"down": {"uv": [8.75, 3.5, 7.75, 3.75], "texture": "#0"}
			}
		},
		{
			"from": [7, -12.5, 6],
			"to": [9, -7.5, 8],
			"rotation": {"angle": 22.5, "axis": "x", "origin": [7, -7.5, 6]},
			"faces": {
				"north": {"uv": [1.5, 7.5, 2, 8.75], "texture": "#0"},
				"east": {"uv": [2, 7.5, 2.5, 8.75], "texture": "#0"},
				"south": {"uv": [7.5, 5.5, 8, 6.75], "texture": "#0"},
				"west": {"uv": [6.5, 7.5, 7, 8.75], "texture": "#0"},
				"up": {"uv": [2.5, 9.25, 2, 8.75], "texture": "#0"},
				"down": {"uv": [9.25, 2, 8.75, 2.5], "texture": "#0"}
			}
		},
		{
			"from": [7.1, -12.5, -10],
			"to": [8.9, -10.5, -7],
			"rotation": {"angle": -22.5, "axis": "x", "origin": [7, -10.5, -7]},
			"faces": {
				"north": {"uv": [8.75, 2.5, 9.25, 3], "texture": "#0"},
				"east": {"uv": [8.25, 0.5, 9, 1], "texture": "#0"},
				"south": {"uv": [3.5, 8.75, 4, 9.25], "texture": "#0"},
				"west": {"uv": [8.25, 1, 9, 1.5], "texture": "#0"},
				"up": {"uv": [3, 9, 2.5, 8.25], "texture": "#0"},
				"down": {"uv": [3.5, 8.25, 3, 9], "texture": "#0"}
			}
		},
		{
			"from": [7.6, -13.75, -8.5],
			"to": [8.4, -11.75, -7.5],
			"rotation": {"angle": 45, "axis": "x", "origin": [7, -10.75, -9]},
			"faces": {
				"north": {"uv": [0.5, 8.25, 0.75, 8.75], "texture": "#0"},
				"east": {"uv": [1, 8.75, 1.25, 9.25], "texture": "#0"},
				"south": {"uv": [4, 8.75, 4.25, 9.25], "texture": "#0"},
				"west": {"uv": [4.25, 8.75, 4.5, 9.25], "texture": "#0"},
				"up": {"uv": [5.25, 0.75, 5, 0.5], "texture": "#0"},
				"down": {"uv": [1.5, 5.5, 1.25, 5.75], "texture": "#0"}
			}
		}
	],
	"display": {},
	"groups": [
		{
			"name": "light_neck",
			"origin": [8, 8, 8],
			"color": 0,
			"children": [
				0,
				1,
				2,
				3,
				4,
				5,
				{
					"name": "light",
					"origin": [6, -6.75, 1],
					"color": 0,
					"children": [6, 7, 8, 9, 10]
				},
				11,
				12,
				13
			]
		}
	]
}