{
	"credit": "Made with Blockbench",
	"texture_size": [32, 32],
	"textures": {
		"0": "item/doors/decor/chandelier_base",
		"particle": "item/doors/decor/chandelier_base"
	},
	"elements": [
		{
			"from": [6, -11, 6],
			"to": [10, -7, 10],
			"rotation": {"angle": 0, "axis": "y", "origin": [6, -11, 8]},
			"faces": {
				"north": {"uv": [2, 5.5, 4, 7.5], "texture": "#0"},
				"east": {"uv": [4, 5.5, 6, 7.5], "texture": "#0"},
				"south": {"uv": [6, 0, 8, 2], "texture": "#0"},
				"west": {"uv": [6, 2, 8, 4], "texture": "#0"},
				"up": {"uv": [8, 6, 6, 4], "texture": "#0"},
				"down": {"uv": [8, 6, 6, 8], "texture": "#0"}
			}
		},
		{
			"from": [7, -7, 7],
			"to": [9, 4, 9],
			"rotation": {"angle": 0, "axis": "y", "origin": [6, -14, 8]},
			"faces": {
				"north": {"uv": [2, 0, 3, 5.5], "texture": "#0"},
				"east": {"uv": [3, 0, 4, 5.5], "texture": "#0"},
				"south": {"uv": [4, 0, 5, 5.5], "texture": "#0"},
				"west": {"uv": [5, 0, 6, 5.5], "texture": "#0"},
				"up": {"uv": [3, 10.5, 2, 9.5], "texture": "#0"},
				"down": {"uv": [4, 9.5, 3, 10.5], "texture": "#0"}
			}
		},
		{
			"from": [6.75, -2.5, 6.75],
			"to": [9.25, 0.5, 9.25],
			"rotation": {"angle": 0, "axis": "y", "origin": [6, -3.5, 8]},
			"faces": {
				"north": {"uv": [8, 4, 9.5, 5.5], "texture": "#0"},
				"east": {"uv": [5, 8, 6.5, 9.5], "texture": "#0"},
				"south": {"uv": [8, 5.5, 9.5, 7], "texture": "#0"},
				"west": {"uv": [6.5, 8, 8, 9.5], "texture": "#0"},
				"up": {"uv": [9.5, 8.5, 8, 7], "texture": "#0"},
				"down": {"uv": [9.5, 8.5, 8, 10], "texture": "#0"}
			}
		},
		{
			"from": [6.75, 4, 6.75],
			"to": [9.25, 8, 9.25],
			"rotation": {"angle": 0, "axis": "y", "origin": [6, 4, 8]},
			"faces": {
				"north": {"uv": [2, 7.5, 3.5, 9.5], "texture": "#0"},
				"east": {"uv": [3.5, 7.5, 5, 9.5], "texture": "#0"},
				"south": {"uv": [8, 0, 9.5, 2], "texture": "#0"},
				"west": {"uv": [8, 2, 9.5, 4], "texture": "#0"},
				"up": {"uv": [11, 1.5, 9.5, 0], "texture": "#0"},
				"down": {"uv": [11, 1.5, 9.5, 3], "texture": "#0"}
			}
		},
		{
			"from": [7.5, 8, 7.5],
			"to": [8.5, 32, 8.5],
			"rotation": {"angle": 0, "axis": "y", "origin": [7, 8, 7]},
			"faces": {
				"north": {"uv": [0, 0, 0.5, 12], "texture": "#0"},
				"east": {"uv": [0.5, 0, 1, 12], "texture": "#0"},
				"south": {"uv": [1, 0, 1.5, 12], "texture": "#0"},
				"west": {"uv": [1.5, 0, 2, 12], "texture": "#0"},
				"up": {"uv": [5.5, 8, 5, 7.5], "texture": "#0"},
				"down": {"uv": [6, 7.5, 5.5, 8], "texture": "#0"}
			}
		}
	],
	"display": {},
	"groups": [
		{
			"name": "base",
			"origin": [7, 8, 7],
			"color": 0,
			"children": [0, 1, 2, 3, 4]
		}
	]
}