{
	"credit": "Made with Blockbench",
	"textures": {
		"0": "item/doors/decor/common_chair",
		"particle": "item/doors/decor/common_chair"
	},
	"elements": [
		{
			"from": [3.75, 0, 4],
			"to": [4.75, 7, 5],
			"rotation": {"angle": 0, "axis": "y", "origin": [3.75, 0, 4]},
			"faces": {
				"north": {"uv": [0, 0, 1, 7], "texture": "#0"},
				"east": {"uv": [0, 0, 1, 7], "texture": "#0"},
				"south": {"uv": [0, 0, 1, 7], "texture": "#0"},
				"west": {"uv": [0, 0, 1, 7], "texture": "#0"},
				"up": {"uv": [0, 0, 1, 1], "texture": "#0"},
				"down": {"uv": [0, 0, 1, 1], "texture": "#0"}
			}
		},
		{
			"from": [11.25, 0, 4],
			"to": [12.25, 7, 5],
			"rotation": {"angle": 0, "axis": "y", "origin": [10.25, 0, 4]},
			"faces": {
				"north": {"uv": [0, 0, 1, 7], "texture": "#0"},
				"east": {"uv": [0, 0, 1, 7], "texture": "#0"},
				"south": {"uv": [0, 0, 1, 7], "texture": "#0"},
				"west": {"uv": [0, 0, 1, 7], "texture": "#0"},
				"up": {"uv": [0, 0, 1, 1], "texture": "#0"},
				"down": {"uv": [0, 0, 1, 1], "texture": "#0"}
			}
		},
		{
			"from": [3.25, 8, 3.5],
			"to": [12.75, 9, 13.5],
			"rotation": {"angle": 0, "axis": "y", "origin": [2.75, 8, 3]},
			"faces": {
				"north": {"uv": [0, 0, 9.5, 1], "texture": "#0"},
				"east": {"uv": [0, 0, 10, 1], "texture": "#0"},
				"south": {"uv": [0, 0, 9.5, 1], "texture": "#0"},
				"west": {"uv": [0, 0, 10, 1], "texture": "#0"},
				"up": {"uv": [0, 0, 9.5, 10], "texture": "#0"},
				"down": {"uv": [0, 0, 9.5, 10], "texture": "#0"}
			}
		},
		{
			"from": [3.75, 12.25, 13.25],
			"to": [12.25, 13.25, 13.75],
			"rotation": {"angle": 0, "axis": "y", "origin": [2.75, 12.25, 2.75]},
			"faces": {
				"north": {"uv": [0, 0, 8.5, 1], "texture": "#0"},
				"east": {"uv": [0, 0, 0.5, 1], "texture": "#0"},
				"south": {"uv": [0, 0, 8.5, 1], "texture": "#0"},
				"west": {"uv": [0, 0, 0.5, 1], "texture": "#0"},
				"up": {"uv": [0, 0, 8.5, 0.5], "texture": "#0"},
				"down": {"uv": [0, 0, 8.5, 0.5], "texture": "#0"}
			}
		},
		{
			"from": [5.75, 13.25, 13.25],
			"to": [6.75, 18, 13.75],
			"rotation": {"angle": 0, "axis": "z", "origin": [6.75, 12.25, 2.75]},
			"faces": {
				"north": {"uv": [0, 0, 4.75, 1], "rotation": 90, "texture": "#0"},
				"east": {"uv": [0, 0, 4.75, 0.5], "rotation": 270, "texture": "#0"},
				"south": {"uv": [0, 0, 4.75, 1], "rotation": 270, "texture": "#0"},
				"west": {"uv": [0, 0, 4.75, 0.5], "rotation": 270, "texture": "#0"},
				"up": {"uv": [0, 0, 0.5, 1], "rotation": 270, "texture": "#0"},
				"down": {"uv": [0, 0, 0.5, 1], "rotation": 270, "texture": "#0"}
			}
		},
		{
			"from": [9.25, 13.25, 13.25],
			"to": [10.25, 18, 13.75],
			"rotation": {"angle": 0, "axis": "z", "origin": [10.25, 12.25, 2.75]},
			"faces": {
				"north": {"uv": [0, 0, 4.75, 1], "rotation": 90, "texture": "#0"},
				"east": {"uv": [0, 0, 4.75, 0.5], "rotation": 270, "texture": "#0"},
				"south": {"uv": [0, 0, 4.75, 1], "rotation": 270, "texture": "#0"},
				"west": {"uv": [0, 0, 4.75, 0.5], "rotation": 270, "texture": "#0"},
				"up": {"uv": [0, 0, 0.5, 1], "rotation": 270, "texture": "#0"},
				"down": {"uv": [0, 0, 0.5, 1], "rotation": 270, "texture": "#0"}
			}
		},
		{
			"from": [3.75, 7, 4],
			"to": [12.25, 8, 13],
			"rotation": {"angle": 0, "axis": "y", "origin": [2.75, 7, 3]},
			"faces": {
				"north": {"uv": [0, 0, 8.5, 1], "texture": "#0"},
				"east": {"uv": [0, 0, 9, 1], "texture": "#0"},
				"south": {"uv": [0, 0, 8.5, 1], "texture": "#0"},
				"west": {"uv": [0, 0, 9, 1], "texture": "#0"},
				"up": {"uv": [0, 0, 8.5, 9], "texture": "#0"},
				"down": {"uv": [0, 0, 8.5, 9], "texture": "#0"}
			}
		},
		{
			"from": [12.25, 0, 13],
			"to": [13.25, 19, 14],
			"rotation": {"angle": 0, "axis": "y", "origin": [6.25, 9, 13]},
			"faces": {
				"north": {"uv": [0, 0, 1, 16], "texture": "#0"},
				"east": {"uv": [0, 0, 1, 16], "texture": "#0"},
				"south": {"uv": [0, 0, 1, 16], "texture": "#0"},
				"west": {"uv": [0, 0, 1, 16], "texture": "#0"},
				"up": {"uv": [0, 0, 1, 1], "texture": "#0"},
				"down": {"uv": [0, 0, 1, 1], "texture": "#0"}
			}
		},
		{
			"from": [2.75, 0, 13],
			"to": [3.75, 19, 14],
			"rotation": {"angle": 0, "axis": "y", "origin": [-3.25, 9, 13]},
			"faces": {
				"north": {"uv": [0, 0, 1, 16], "texture": "#0"},
				"east": {"uv": [0, 0, 1, 16], "texture": "#0"},
				"south": {"uv": [0, 0, 1, 16], "texture": "#0"},
				"west": {"uv": [0, 0, 1, 16], "texture": "#0"},
				"up": {"uv": [0, 0, 1, 1], "texture": "#0"},
				"down": {"uv": [0, 0, 1, 1], "texture": "#0"}
			}
		},
		{
			"from": [3.75, 17.75, 13],
			"to": [12.25, 18.75, 14],
			"rotation": {"angle": 0, "axis": "z", "origin": [3.75, 24.75, 13]},
			"faces": {
				"north": {"uv": [0, 0, 1, 8.5], "rotation": 270, "texture": "#0"},
				"east": {"uv": [0, 0, 1, 1], "rotation": 90, "texture": "#0"},
				"south": {"uv": [0, 0, 1, 8.5], "rotation": 90, "texture": "#0"},
				"west": {"uv": [0, 0, 1, 1], "rotation": 90, "texture": "#0"},
				"up": {"uv": [0, 0, 1, 8.5], "rotation": 90, "texture": "#0"},
				"down": {"uv": [0, 0, 1, 8.5], "rotation": 90, "texture": "#0"}
			}
		}
	],
	"display": {
		"thirdperson_righthand": {
			"rotation": [90, 0, 0],
			"translation": [-6, -1, -4]
		},
		"thirdperson_lefthand": {
			"rotation": [90, 0, 0],
			"translation": [-6, -1, -4]
		},
		"firstperson_righthand": {
			"translation": [-1, 3, 0.75],
			"scale": [0.5, 0.5, 0.5]
		},
		"firstperson_lefthand": {
			"translation": [-1, 3, 0.75],
			"scale": [0.5, 0.5, 0.5]
		},
		"ground": {
			"translation": [0, 8.5, 0],
			"scale": [1.5, 1.5, 1.5]
		},
		"gui": {
			"rotation": [24.5, -135, 0],
			"translation": [0.5, -1.5, 0]
		},
		"head": {
			"translation": [0, 14.5, -1]
		},
		"fixed": {
			"translation": [0, -1.5, -6]
		}
	}
}