{
	"credit": "Made with Blockbench",
	"textures": {
		"0": "item/doors/decor/curtain",
		"particle": "item/doors/decor/curtain"
	},
	"elements": [
		{
			"from": [8, 0, 11.5],
			"to": [9, 18, 12.5],
			"rotation": {"angle": 0, "axis": "y", "origin": [8, -4, 11.5]},
			"faces": {
				"north": {"uv": [0, 0, 1, 16], "texture": "#0"},
				"east": {"uv": [7, 0, 8, 16], "texture": "#0"},
				"south": {"uv": [7, 0, 8, 16], "texture": "#0"},
				"west": {"uv": [7, 0, 8, 16], "texture": "#0"},
				"up": {"uv": [0, 0, 1, 1], "texture": "#0"},
				"down": {"uv": [0, 0, 1, 1], "texture": "#0"}
			}
		},
		{
			"from": [7, 1, 10.5],
			"to": [9, 18, 11.5],
			"rotation": {"angle": 0, "axis": "y", "origin": [7, -4, 9.5]},
			"faces": {
				"north": {"uv": [0, 0, 2, 16], "texture": "#0"},
				"east": {"uv": [3, 0, 4, 16], "texture": "#0"},
				"south": {"uv": [4, 0, 6, 16], "texture": "#0"},
				"west": {"uv": [3, 0, 4, 16], "texture": "#0"},
				"up": {"uv": [0, 0, 2, 1], "texture": "#0"},
				"down": {"uv": [0, 0, 2, 1], "texture": "#0"}
			}
		},
		{
			"from": [8, 1.2, 10.3],
			"to": [10.0001, 4.2, 11.3],
			"rotation": {"angle": -22.5, "axis": "x", "origin": [9, 2, 10.5]},
			"faces": {
				"north": {"uv": [12, 6, 14.0001, 9], "texture": "#0"},
				"east": {"uv": [2, 1, 3, 4], "texture": "#0"},
				"south": {"uv": [0, 0, 2.0001, 3], "texture": "#0"},
				"west": {"uv": [0, 0, 1, 3], "texture": "#0"},
				"up": {"uv": [0, 0, 2.0001, 1], "texture": "#0"},
				"down": {"uv": [0, 0, 2.0001, 1], "texture": "#0"}
			}
		},
		{
			"from": [6.9, 3.2, 8.3],
			"to": [9.1001, 8.2, 10.3],
			"rotation": {"angle": -22.5, "axis": "x", "origin": [8, 6, 8.5]},
			"faces": {
				"north": {"uv": [3, 2, 5.2001, 7], "texture": "#0"},
				"east": {"uv": [2, 0, 4, 5], "texture": "#0"},
				"south": {"uv": [0, 3, 2.2001, 8], "texture": "#0"},
				"west": {"uv": [7, 4, 9, 9], "texture": "#0"},
				"up": {"uv": [6.2001, 2, 4, 0], "texture": "#0"},
				"down": {"uv": [6.2001, 2, 4, 4], "texture": "#0"}
			}
		},
		{
			"from": [7.9, 10.2, 6.3],
			"to": [10.1001, 15.2, 8.3],
			"rotation": {"angle": -22.5, "axis": "x", "origin": [9, 13, 6.5]},
			"faces": {
				"north": {"uv": [3, 1, 5.2001, 6], "texture": "#0"},
				"east": {"uv": [2, 3, 4, 8], "texture": "#0"},
				"south": {"uv": [0, 3, 2.2001, 8], "texture": "#0"},
				"west": {"uv": [8, 9, 10, 14], "texture": "#0"},
				"up": {"uv": [6.2001, 2, 4, 0], "texture": "#0"},
				"down": {"uv": [6.2001, 2, 4, 4], "texture": "#0"}
			}
		},
		{
			"from": [8, 5.2, 9.3],
			"to": [10.0001, 8.2, 10.3],
			"rotation": {"angle": -22.5, "axis": "x", "origin": [9, 6, 9.5]},
			"faces": {
				"north": {"uv": [1, 0, 3.0001, 3], "texture": "#0"},
				"east": {"uv": [1, 0, 2, 3], "texture": "#0"},
				"south": {"uv": [1, 0, 3.0001, 3], "texture": "#0"},
				"west": {"uv": [1, 0, 2, 3], "texture": "#0"},
				"up": {"uv": [1, 0, 3.0001, 1], "texture": "#0"},
				"down": {"uv": [1, 0, 3.0001, 1], "texture": "#0"}
			}
		},
		{
			"from": [8, 4, 9.5],
			"to": [10, 18, 10.5],
			"rotation": {"angle": 0, "axis": "y", "origin": [8, -4, 8.5]},
			"faces": {
				"north": {"uv": [5, 2, 7, 16], "texture": "#0"},
				"east": {"uv": [10, 0, 11, 14], "texture": "#0"},
				"south": {"uv": [0, 0, 2, 14], "texture": "#0"},
				"west": {"uv": [5, 0, 6, 14], "texture": "#0"},
				"up": {"uv": [0, 0, 2, 1], "texture": "#0"},
				"down": {"uv": [0, 0, 2, 1], "texture": "#0"}
			}
		},
		{
			"from": [7, 8, 8.5],
			"to": [9, 18, 9.5],
			"rotation": {"angle": 0, "axis": "y", "origin": [7, -2, 7.5]},
			"faces": {
				"north": {"uv": [0, 0, 2, 10], "texture": "#0"},
				"east": {"uv": [10, 0, 11, 10], "texture": "#0"},
				"south": {"uv": [10, 0, 12, 10], "texture": "#0"},
				"west": {"uv": [1, 0, 2, 10], "texture": "#0"},
				"up": {"uv": [0, 0, 2, 1], "texture": "#0"},
				"down": {"uv": [0, 0, 2, 1], "texture": "#0"}
			}
		},
		{
			"from": [7, 8, 7.5],
			"to": [9, 18, 8.5],
			"rotation": {"angle": 0, "axis": "y", "origin": [7, -2, 6.5]},
			"faces": {
				"north": {"uv": [10, 3, 12, 13], "texture": "#0"},
				"east": {"uv": [15, 6, 16, 16], "texture": "#0"},
				"south": {"uv": [0, 0, 2, 10], "texture": "#0"},
				"west": {"uv": [1, 0, 2, 10], "texture": "#0"},
				"up": {"uv": [0, 0, 2, 1], "texture": "#0"},
				"down": {"uv": [0, 0, 2, 1], "texture": "#0"}
			}
		},
		{
			"from": [8, 13, 6.5],
			"to": [10, 18, 7.5],
			"rotation": {"angle": 0, "axis": "y", "origin": [8, -2, 5.5]},
			"faces": {
				"north": {"uv": [10, 3, 12, 8], "texture": "#0"},
				"east": {"uv": [11, 0, 12, 5], "texture": "#0"},
				"south": {"uv": [0, 0, 2, 5], "texture": "#0"},
				"west": {"uv": [1, 0, 2, 5], "texture": "#0"},
				"up": {"uv": [0, 0, 2, 1], "texture": "#0"},
				"down": {"uv": [0, 0, 2, 1], "texture": "#0"}
			}
		},
		{
			"from": [8, 15, 5.5],
			"to": [10, 18, 6.5],
			"rotation": {"angle": 0, "axis": "y", "origin": [8, -2, 4.5]},
			"faces": {
				"north": {"uv": [10, 3, 12, 6], "texture": "#0"},
				"east": {"uv": [10, 4, 11, 7], "texture": "#0"},
				"south": {"uv": [0, 0, 2, 3], "texture": "#0"},
				"west": {"uv": [1, 0, 2, 3], "texture": "#0"},
				"up": {"uv": [0, 0, 2, 1], "texture": "#0"},
				"down": {"uv": [0, 0, 2, 1], "texture": "#0"}
			}
		},
		{
			"from": [7, 17, 3.5],
			"to": [9, 18, 4.5],
			"rotation": {"angle": 0, "axis": "y", "origin": [7, -2, 2.5]},
			"faces": {
				"north": {"uv": [10, 3, 12, 4], "texture": "#0"},
				"east": {"uv": [12, 0, 13, 1], "texture": "#0"},
				"south": {"uv": [0, 0, 2, 1], "texture": "#0"},
				"west": {"uv": [1, 0, 2, 1], "texture": "#0"},
				"up": {"uv": [0, 0, 2, 1], "texture": "#0"},
				"down": {"uv": [0, 0, 2, 1], "texture": "#0"}
			}
		},
		{
			"from": [7, 15, 4.5],
			"to": [9, 18, 5.5],
			"rotation": {"angle": 0, "axis": "y", "origin": [7, -2, 3.5]},
			"faces": {
				"north": {"uv": [10, 3, 12, 6], "texture": "#0"},
				"east": {"uv": [13, 0, 14, 3], "texture": "#0"},
				"south": {"uv": [10, 5, 12, 8], "texture": "#0"},
				"west": {"uv": [1, 0, 2, 3], "texture": "#0"},
				"up": {"uv": [0, 0, 2, 1], "texture": "#0"},
				"down": {"uv": [0, 0, 2, 1], "texture": "#0"}
			}
		}
	]
}