{
	"credit": "Made with Blockbench",
	"texture_size": [32, 32],
	"textures": {
		"0": "item/doors/decor/desk_lamp",
		"particle": "item/doors/decor/desk_lamp"
	},
	"elements": [
		{
			"from": [5, 0, 5],
			"to": [11, 1, 11],
			"rotation": {"angle": 0, "axis": "y", "origin": [7, 0, 7]},
			"faces": {
				"north": {"uv": [0, 7.5, 3, 8], "texture": "#0"},
				"east": {"uv": [5, 7.5, 8, 8], "texture": "#0"},
				"south": {"uv": [0, 8, 3, 8.5], "texture": "#0"},
				"west": {"uv": [3, 8, 6, 8.5], "texture": "#0"},
				"up": {"uv": [3, 3, 0, 0], "texture": "#0"},
				"down": {"uv": [3, 3, 0, 6], "texture": "#0"}
			}
		},
		{
			"from": [7, 1, 7],
			"to": [9, 2, 9],
			"rotation": {"angle": 0, "axis": "y", "origin": [7, 1, 7]},
			"faces": {
				"north": {"uv": [9.5, 7.5, 10.5, 8], "texture": "#0"},
				"east": {"uv": [10, 1.5, 11, 2], "texture": "#0"},
				"south": {"uv": [10, 3, 11, 3.5], "texture": "#0"},
				"west": {"uv": [10, 3.5, 11, 4], "texture": "#0"},
				"up": {"uv": [2.5, 9.5, 1.5, 8.5], "texture": "#0"},
				"down": {"uv": [3.5, 8.5, 2.5, 9.5], "texture": "#0"}
			}
		},
		{
			"from": [7.5, 7, 7.5],
			"to": [8.5, 7.5, 8.5],
			"rotation": {"angle": 0, "axis": "y", "origin": [7, 7, 7]},
			"faces": {
				"north": {"uv": [10.5, 1, 11, 1.5], "texture": "#0"},
				"east": {"uv": [10.5, 2.5, 11, 3], "texture": "#0"},
				"south": {"uv": [10.5, 5.5, 11, 6], "texture": "#0"},
				"west": {"uv": [10.5, 6.5, 11, 7], "texture": "#0"},
				"up": {"uv": [11, 7.5, 10.5, 7], "texture": "#0"},
				"down": {"uv": [8, 10.5, 7.5, 11], "texture": "#0"}
			}
		},
		{
			"from": [7.75, 7.5, 7.75],
			"to": [8.25, 12.5, 8.25],
			"rotation": {"angle": 0, "axis": "y", "origin": [7, 8, 7]},
			"faces": {
				"north": {"uv": [0, 8.5, 0.5, 11], "texture": "#0"},
				"east": {"uv": [8.5, 0, 9, 2.5], "texture": "#0"},
				"south": {"uv": [0.5, 8.5, 1, 11], "texture": "#0"},
				"west": {"uv": [1, 8.5, 1.5, 11], "texture": "#0"},
				"up": {"uv": [11, 8, 10.5, 7.5], "texture": "#0"},
				"down": {"uv": [8.5, 10.5, 8, 11], "texture": "#0"}
			}
		},
		{
			"from": [6.5, 2, 6.5],
			"to": [9.5, 4, 9.5],
			"rotation": {"angle": 0, "axis": "y", "origin": [7, 2, 7]},
			"faces": {
				"north": {"uv": [6, 8, 7.5, 9], "texture": "#0"},
				"east": {"uv": [8, 6, 9.5, 7], "texture": "#0"},
				"south": {"uv": [8, 7, 9.5, 8], "texture": "#0"},
				"west": {"uv": [7.5, 8, 9, 9], "texture": "#0"},
				"up": {"uv": [1.5, 7.5, 0, 6], "texture": "#0"},
				"down": {"uv": [3, 6, 1.5, 7.5], "texture": "#0"}
			}
		},
		{
			"from": [6.5, 6, 6.5],
			"to": [9.5, 7, 9.5],
			"rotation": {"angle": 0, "axis": "y", "origin": [7, 6, 7]},
			"faces": {
				"north": {"uv": [9, 5.5, 10.5, 6], "texture": "#0"},
				"east": {"uv": [9, 8, 10.5, 8.5], "texture": "#0"},
				"south": {"uv": [9, 8.5, 10.5, 9], "texture": "#0"},
				"west": {"uv": [9, 9, 10.5, 9.5], "texture": "#0"},
				"up": {"uv": [6.5, 7.5, 5, 6], "texture": "#0"},
				"down": {"uv": [8, 6, 6.5, 7.5], "texture": "#0"}
			}
		},
		{
			"from": [6, 4, 6],
			"to": [10, 6, 10],
			"rotation": {"angle": 0, "axis": "y", "origin": [7, 4, 7]},
			"faces": {
				"north": {"uv": [3, 7, 5, 8], "texture": "#0"},
				"east": {"uv": [7, 3, 9, 4], "texture": "#0"},
				"south": {"uv": [7, 4, 9, 5], "texture": "#0"},
				"west": {"uv": [7, 5, 9, 6], "texture": "#0"},
				"up": {"uv": [5, 2, 3, 0], "texture": "#0"},
				"down": {"uv": [5, 2, 3, 4], "texture": "#0"}
			}
		},
		{
			"from": [6.2, 8.5, 5],
			"to": [9.8, 11.5, 6],
			"rotation": {"angle": 22.5, "axis": "x", "origin": [7, 8.5, 5]},
			"faces": {
				"north": {"uv": [3, 4, 5, 5.5], "texture": "#0"},
				"east": {"uv": [5, 9, 5.5, 10.5], "texture": "#0"},
				"south": {"uv": [5, 0, 7, 1.5], "texture": "#0"},
				"west": {"uv": [1.5, 9.5, 2, 11], "texture": "#0"},
				"up": {"uv": [10.5, 3, 8.5, 2.5], "texture": "#0"},
				"down": {"uv": [5.5, 8.5, 3.5, 9], "texture": "#0"}
			}
		},
		{
			"from": [6.9, 11, 6.1],
			"to": [9, 13, 7.1],
			"rotation": {"angle": 22.5, "axis": "x", "origin": [7.9, 11, 6.1]},
			"faces": {
				"north": {"uv": [9, 0, 10, 1], "texture": "#0"},
				"east": {"uv": [4, 10, 4.5, 11], "texture": "#0"},
				"south": {"uv": [9, 1, 10, 2], "texture": "#0"},
				"west": {"uv": [10, 4.5, 10.5, 5.5], "texture": "#0"},
				"up": {"uv": [7, 10.5, 6, 10], "texture": "#0"},
				"down": {"uv": [11, 6, 10, 6.5], "texture": "#0"}
			}
		},
		{
			"from": [6.9, 11, 8.9],
			"to": [9, 13, 9.9],
			"rotation": {"angle": -22.5, "axis": "x", "origin": [7.9, 11, 9.9]},
			"faces": {
				"north": {"uv": [9, 3, 10, 4], "texture": "#0"},
				"east": {"uv": [10, 6.5, 10.5, 7.5], "texture": "#0"},
				"south": {"uv": [3.5, 9, 4.5, 10], "texture": "#0"},
				"west": {"uv": [7, 10, 7.5, 11], "texture": "#0"},
				"up": {"uv": [8.5, 10.5, 7.5, 10], "texture": "#0"},
				"down": {"uv": [11, 9.5, 10, 10], "texture": "#0"}
			}
		},
		{
			"from": [6.2, 8.5, 10],
			"to": [9.8, 11.5, 11],
			"rotation": {"angle": -22.5, "axis": "x", "origin": [7, 8.5, 11]},
			"faces": {
				"north": {"uv": [5, 1.5, 7, 3], "texture": "#0"},
				"east": {"uv": [2, 9.5, 2.5, 11], "texture": "#0"},
				"south": {"uv": [5, 3, 7, 4.5], "texture": "#0"},
				"west": {"uv": [2.5, 9.5, 3, 11], "texture": "#0"},
				"up": {"uv": [11, 2.5, 9, 2], "texture": "#0"},
				"down": {"uv": [11, 4, 9, 4.5], "texture": "#0"}
			}
		},
		{
			"from": [10, 8.5, 6.2],
			"to": [11, 11.5, 9.8],
			"rotation": {"angle": 22.5, "axis": "z", "origin": [11, 8.5, 8]},
			"faces": {
				"north": {"uv": [3, 9.5, 3.5, 11], "texture": "#0"},
				"east": {"uv": [5, 4.5, 7, 6], "texture": "#0"},
				"south": {"uv": [9.5, 6, 10, 7.5], "texture": "#0"},
				"west": {"uv": [3, 5.5, 5, 7], "texture": "#0"},
				"up": {"uv": [6, 10.5, 5.5, 8.5], "texture": "#0"},
				"down": {"uv": [5, 9, 4.5, 11], "texture": "#0"}
			}
		},
		{
			"from": [6.1, 11, 6.95],
			"to": [7.1, 13, 9.05],
			"rotation": {"angle": -22.5, "axis": "z", "origin": [6.1, 11, 8]},
			"faces": {
				"north": {"uv": [8.5, 10, 9, 11], "texture": "#0"},
				"east": {"uv": [9, 4.5, 10, 5.5], "texture": "#0"},
				"south": {"uv": [10, 10, 10.5, 11], "texture": "#0"},
				"west": {"uv": [6, 9, 7, 10], "texture": "#0"},
				"up": {"uv": [11, 1, 10.5, 0], "texture": "#0"},
				"down": {"uv": [11, 4.5, 10.5, 5.5], "texture": "#0"}
			}
		},
		{
			"from": [8.9, 11, 6.95],
			"to": [9.9, 13, 9.05],
			"rotation": {"angle": 22.5, "axis": "z", "origin": [9.9, 11, 8]},
			"faces": {
				"north": {"uv": [5, 10.5, 5.5, 11.5], "texture": "#0"},
				"east": {"uv": [7, 9, 8, 10], "texture": "#0"},
				"south": {"uv": [5.5, 10.5, 6, 11.5], "texture": "#0"},
				"west": {"uv": [8, 9, 9, 10], "texture": "#0"},
				"up": {"uv": [6.5, 11.5, 6, 10.5], "texture": "#0"},
				"down": {"uv": [7, 10.5, 6.5, 11.5], "texture": "#0"}
			}
		},
		{
			"from": [5, 8.5, 6.2],
			"to": [6, 11.5, 9.6],
			"rotation": {"angle": -22.5, "axis": "z", "origin": [5, 8.5, 8]},
			"faces": {
				"north": {"uv": [9, 9.5, 9.5, 11], "texture": "#0"},
				"east": {"uv": [7, 0, 8.5, 1.5], "texture": "#0"},
				"south": {"uv": [9.5, 9.5, 10, 11], "texture": "#0"},
				"west": {"uv": [7, 1.5, 8.5, 3], "texture": "#0"},
				"up": {"uv": [10.5, 1.5, 10, 0], "texture": "#0"},
				"down": {"uv": [4, 10, 3.5, 11.5], "texture": "#0"}
			}
		}
	],
	"groups": [
		{
			"name": "root",
			"origin": [8, 8, 8],
			"color": 0,
			"children": [0, 1, 2, 3, 4, 5, 6, 7, 8, 9, 10, 11, 12, 13, 14]
		}
	]
}