{
	"credit": "Made with Blockbench",
	"textures": {
		"0": "block/spruce_log",
		"2": "block/stripped_spruce_log",
		"particle": "block/spruce_log"
	},
	"elements": [
		{
			"from": [-7.95, 0.05, 7.05],
			"to": [7.95, 15.95, 8.95],
			"rotation": {"angle": 0, "axis": "y", "origin": [-8, 16, 7]},
			"faces": {
				"north": {"uv": [0, 0, 15.9, 15.9], "rotation": 270, "texture": "#0"},
				"east": {"uv": [0, 0, 15.9, 1.9], "rotation": 90, "texture": "#0"},
				"south": {"uv": [0, 0, 15.9, 15.9], "rotation": 90, "texture": "#0"},
				"west": {"uv": [0, 0, 15.9, 1.9], "rotation": 90, "texture": "#0"},
				"up": {"uv": [0, 0, 1.9, 15.9], "rotation": 90, "texture": "#0"},
				"down": {"uv": [0, 0, 1.9, 15.9], "rotation": 90, "texture": "#0"}
			}
		},
		{
			"from": [-7.95, 16, 7.05],
			"to": [7.95, 31.9, 8.95],
			"rotation": {"angle": 0, "axis": "y", "origin": [-8, 32, 7]},
			"faces": {
				"north": {"uv": [0, 0, 15.9, 15.9], "rotation": 270, "texture": "#0"},
				"east": {"uv": [0, 0, 15.9, 1.9], "rotation": 90, "texture": "#0"},
				"south": {"uv": [0, 0, 15.9, 15.9], "rotation": 90, "texture": "#0"},
				"west": {"uv": [0, 0, 15.9, 1.9], "rotation": 90, "texture": "#0"},
				"up": {"uv": [0, 0, 1.9, 15.9], "rotation": 90, "texture": "#0"},
				"down": {"uv": [0, 0, 1.9, 15.9], "rotation": 90, "texture": "#0"}
			}
		},
		{
			"from": [-8, 0, 7],
			"to": [8, 3, 9],
			"rotation": {"angle": 0, "axis": "y", "origin": [-8, 13, 7]},
			"faces": {
				"north": {"uv": [0, 0, 3, 16], "rotation": 270, "texture": "#2"},
				"east": {"uv": [0, 0, 3, 2], "rotation": 90, "texture": "#2"},
				"south": {"uv": [0, 0, 3, 16], "rotation": 90, "texture": "#2"},
				"west": {"uv": [0, 0, 3, 2], "rotation": 90, "texture": "#2"},
				"up": {"uv": [0, 0, 2, 16], "rotation": 90, "texture": "#2"},
				"down": {"uv": [0, 0, 2, 16], "rotation": 90, "texture": "#2"}
			}
		},
		{
			"from": [-8, 29, 7],
			"to": [8, 32, 9],
			"rotation": {"angle": 0, "axis": "y", "origin": [-8, 42, 7]},
			"faces": {
				"north": {"uv": [0, 0, 3, 16], "rotation": 270, "texture": "#2"},
				"east": {"uv": [0, 0, 3, 2], "rotation": 90, "texture": "#2"},
				"south": {"uv": [0, 0, 3, 16], "rotation": 90, "texture": "#2"},
				"west": {"uv": [0, 0, 3, 2], "rotation": 90, "texture": "#2"},
				"up": {"uv": [0, 0, 2, 16], "rotation": 90, "texture": "#2"},
				"down": {"uv": [0, 0, 2, 16], "rotation": 90, "texture": "#2"}
			}
		},
		{
			"from": [5, 3, 7],
			"to": [8, 29, 9],
			"rotation": {"angle": 0, "axis": "y", "origin": [-8, 42, 7]},
			"faces": {
				"north": {"uv": [0, 0, 16, 3], "rotation": 270, "texture": "#2"},
				"east": {"uv": [0, 0, 16, 2], "rotation": 90, "texture": "#2"},
				"south": {"uv": [0, 0, 16, 3], "rotation": 90, "texture": "#2"},
				"west": {"uv": [0, 0, 16, 2], "rotation": 90, "texture": "#2"},
				"up": {"uv": [0, 0, 2, 3], "rotation": 90, "texture": "#2"},
				"down": {"uv": [0, 0, 2, 3], "rotation": 90, "texture": "#2"}
			}
		},
		{
			"from": [1.5, 15, 7],
			"to": [5, 18, 9],
			"rotation": {"angle": 0, "axis": "y", "origin": [-14, 42, 7]},
			"faces": {
				"north": {"uv": [0, 0, 3, 3.5], "rotation": 270, "texture": "#2"},
				"east": {"uv": [0, 0, 3, 2], "rotation": 90, "texture": "#2"},
				"south": {"uv": [0, 0, 3, 3.5], "rotation": 90, "texture": "#2"},
				"west": {"uv": [0, 0, 3, 2], "rotation": 90, "texture": "#2"},
				"up": {"uv": [0, 0, 2, 3.5], "rotation": 90, "texture": "#2"},
				"down": {"uv": [0, 0, 2, 3.5], "rotation": 90, "texture": "#2"}
			}
		},
		{
			"from": [-3, 12, 7],
			"to": [3, 15, 9],
			"rotation": {"angle": 0, "axis": "y", "origin": [-16, 39, 7]},
			"faces": {
				"north": {"uv": [0, 0, 3, 6], "rotation": 270, "texture": "#2"},
				"east": {"uv": [0, 0, 3, 2], "rotation": 90, "texture": "#2"},
				"south": {"uv": [0, 0, 3, 6], "rotation": 90, "texture": "#2"},
				"west": {"uv": [0, 0, 3, 2], "rotation": 90, "texture": "#2"},
				"up": {"uv": [0, 0, 2, 6], "rotation": 90, "texture": "#2"},
				"down": {"uv": [0, 0, 2, 6], "rotation": 90, "texture": "#2"}
			}
		},
		{
			"from": [-3, 18, 7],
			"to": [3, 21, 9],
			"rotation": {"angle": 0, "axis": "y", "origin": [-16, 45, 7]},
			"faces": {
				"north": {"uv": [0, 0, 3, 6], "rotation": 270, "texture": "#2"},
				"east": {"uv": [0, 0, 3, 2], "rotation": 90, "texture": "#2"},
				"south": {"uv": [0, 0, 3, 6], "rotation": 90, "texture": "#2"},
				"west": {"uv": [0, 0, 3, 2], "rotation": 90, "texture": "#2"},
				"up": {"uv": [0, 0, 2, 6], "rotation": 90, "texture": "#2"},
				"down": {"uv": [0, 0, 2, 6], "rotation": 90, "texture": "#2"}
			}
		},
		{
			"from": [-8, 3, 7],
			"to": [-5, 29, 9],
			"rotation": {"angle": 0, "axis": "y", "origin": [-20, 42, 7]},
			"faces": {
				"north": {"uv": [0, 0, 16, 3], "rotation": 270, "texture": "#2"},
				"east": {"uv": [0, 0, 16, 2], "rotation": 90, "texture": "#2"},
				"south": {"uv": [0, 0, 16, 3], "rotation": 90, "texture": "#2"},
				"west": {"uv": [0, 0, 16, 2], "rotation": 90, "texture": "#2"},
				"up": {"uv": [0, 0, 2, 3], "rotation": 90, "texture": "#2"},
				"down": {"uv": [0, 0, 2, 3], "rotation": 90, "texture": "#2"}
			}
		},
		{
			"from": [-5, 15, 7],
			"to": [-1.5, 18, 9],
			"rotation": {"angle": 0, "axis": "y", "origin": [14, 42, 7]},
			"faces": {
				"north": {"uv": [0, 3.5, 3, 7], "rotation": 270, "texture": "#2"},
				"east": {"uv": [0, 2, 3, 4], "rotation": 90, "texture": "#2"},
				"south": {"uv": [0, 3.5, 3, 7], "rotation": 90, "texture": "#2"},
				"west": {"uv": [0, 2, 3, 4], "rotation": 90, "texture": "#2"},
				"up": {"uv": [0, 3.5, 2, 7], "rotation": 90, "texture": "#2"},
				"down": {"uv": [0, 3.5, 2, 7], "rotation": 90, "texture": "#2"}
			}
		},
		{
			"from": [-7.25, 14, 6.7],
			"to": [-6, 19, 7],
			"rotation": {"angle": 0, "axis": "y", "origin": [-8, 15.5, 5]},
			"faces": {
				"north": {"uv": [0, 0, 1.25, 5], "texture": "#0"},
				"east": {"uv": [0, 0, 0.3, 5], "texture": "#0"},
				"south": {"uv": [0, 0, 1.25, 5], "texture": "#0"},
				"west": {"uv": [0, 0, 0.3, 5], "texture": "#0"},
				"up": {"uv": [0, 0, 1.25, 0.3], "texture": "#0"},
				"down": {"uv": [0, 0, 1.25, 0.3], "texture": "#0"}
			}
		},
		{
			"from": [-7, 14.5, 5.7],
			"to": [-6.25, 18.5, 6],
			"rotation": {"angle": 0, "axis": "y", "origin": [-8, 15.5, 4]},
			"faces": {
				"north": {"uv": [0, 0, 0.75, 4], "texture": "#2"},
				"east": {"uv": [0, 0, 0.3, 4], "texture": "#2"},
				"south": {"uv": [0, 0, 0.75, 4], "texture": "#2"},
				"west": {"uv": [0, 0, 0.3, 4], "texture": "#2"},
				"up": {"uv": [0, 0, 0.75, 0.3], "texture": "#2"},
				"down": {"uv": [0, 0, 0.75, 0.3], "texture": "#2"}
			}
		},
		{
			"from": [-7, 14.5, 6],
			"to": [-6.25, 14.75, 6.7],
			"rotation": {"angle": 0, "axis": "y", "origin": [-8, 15.5, 4.05]},
			"faces": {
				"north": {"uv": [0, 0, 0.75, 0.25], "texture": "#2"},
				"east": {"uv": [0, 0, 0.7, 0.25], "texture": "#2"},
				"south": {"uv": [0, 0, 0.75, 0.25], "texture": "#2"},
				"west": {"uv": [0, 0, 0.7, 0.25], "texture": "#2"},
				"up": {"uv": [0, 0, 0.75, 0.7], "texture": "#2"},
				"down": {"uv": [0, 0, 0.75, 0.7], "texture": "#2"}
			}
		},
		{
			"from": [-7, 18.25, 6],
			"to": [-6.25, 18.5, 6.7],
			"rotation": {"angle": 0, "axis": "y", "origin": [-8, 19.25, 4.05]},
			"faces": {
				"north": {"uv": [0, 0, 0.75, 0.25], "texture": "#2"},
				"east": {"uv": [0, 0, 0.7, 0.25], "texture": "#2"},
				"south": {"uv": [0, 0, 0.75, 0.25], "texture": "#2"},
				"west": {"uv": [0, 0, 0.7, 0.25], "texture": "#2"},
				"up": {"uv": [0, 0, 0.75, 0.7], "texture": "#2"},
				"down": {"uv": [0, 0, 0.75, 0.7], "texture": "#2"}
			}
		}
	],
	"groups": [
		{
			"name": "door",
			"origin": [0, 16, -1],
			"color": 0,
			"children": [0, 1, 2, 3, 4, 5, 6, 7, 8, 9]
		},
		{
			"name": "handle",
			"origin": [8, 8, 8],
			"color": 0,
			"children": [10, 11, 12, 13]
		}
	]
}