{
	"credit": "Made with Blockbench",
	"textures": {
		"0": "block/spruce_log",
		"2": "block/stripped_spruce_log",
		"particle": "block/spruce_log"
	},
	"elements": [
		{
			"from": [8.05, 0.05, 7.05],
			"to": [23.95, 15.95, 8.95],
			"rotation": {"angle": 0, "axis": "y", "origin": [8, 16, 7]},
			"faces": {
				"north": {"uv": [0, 0, 15.9, 15.9], "rotation": 270, "texture": "#0"},
				"east": {"uv": [0, 0, 15.9, 1.9], "rotation": 90, "texture": "#0"},
				"south": {"uv": [0, 0, 15.9, 15.9], "rotation": 90, "texture": "#0"},
				"west": {"uv": [0, 0, 15.9, 1.9], "rotation": 90, "texture": "#0"},
				"up": {"uv": [0, 0, 1.9, 15.9], "rotation": 90, "texture": "#0"},
				"down": {"uv": [0, 0, 1.9, 15.9], "rotation": 90, "texture": "#0"}
			}
		},
		{
			"from": [8.05, 16, 7.05],
			"to": [23.95, 31.9, 8.95],
			"rotation": {"angle": 0, "axis": "y", "origin": [8, 32, 7]},
			"faces": {
				"north": {"uv": [0, 0, 15.9, 15.9], "rotation": 270, "texture": "#0"},
				"east": {"uv": [0, 0, 15.9, 1.9], "rotation": 90, "texture": "#0"},
				"south": {"uv": [0, 0, 15.9, 15.9], "rotation": 90, "texture": "#0"},
				"west": {"uv": [0, 0, 15.9, 1.9], "rotation": 90, "texture": "#0"},
				"up": {"uv": [0, 0, 1.9, 15.9], "rotation": 90, "texture": "#0"},
				"down": {"uv": [0, 0, 1.9, 15.9], "rotation": 90, "texture": "#0"}
			}
		},
		{
			"from": [8, 0, 7],
			"to": [24, 3, 9],
			"rotation": {"angle": 0, "axis": "y", "origin": [8, 13, 7]},
			"faces": {
				"north": {"uv": [0, 0, 3, 16], "rotation": 270, "texture": "#2"},
				"east": {"uv": [0, 0, 3, 2], "rotation": 90, "texture": "#2"},
				"south": {"uv": [0, 0, 3, 16], "rotation": 90, "texture": "#2"},
				"west": {"uv": [0, 0, 3, 2], "rotation": 90, "texture": "#2"},
				"up": {"uv": [0, 0, 2, 16], "rotation": 90, "texture": "#2"},
				"down": {"uv": [0, 0, 2, 16], "rotation": 90, "texture": "#2"}
			}
		},
		{
			"from": [8, 29, 7],
			"to": [24, 32, 9],
			"rotation": {"angle": 0, "axis": "y", "origin": [8, 42, 7]},
			"faces": {
				"north": {"uv": [0, 0, 3, 16], "rotation": 270, "texture": "#2"},
				"east": {"uv": [0, 0, 3, 2], "rotation": 90, "texture": "#2"},
				"south": {"uv": [0, 0, 3, 16], "rotation": 90, "texture": "#2"},
				"west": {"uv": [0, 0, 3, 2], "rotation": 90, "texture": "#2"},
				"up": {"uv": [0, 0, 2, 16], "rotation": 90, "texture": "#2"},
				"down": {"uv": [0, 0, 2, 16], "rotation": 90, "texture": "#2"}
			}
		},
		{
			"from": [21, 3, 7],
			"to": [24, 29, 9],
			"rotation": {"angle": 0, "axis": "y", "origin": [8, 42, 7]},
			"faces": {
				"north": {"uv": [0, 0, 16, 3], "rotation": 270, "texture": "#2"},
				"east": {"uv": [0, 0, 16, 2], "rotation": 90, "texture": "#2"},
				"south": {"uv": [0, 0, 16, 3], "rotation": 90, "texture": "#2"},
				"west": {"uv": [0, 0, 16, 2], "rotation": 90, "texture": "#2"},
				"up": {"uv": [0, 0, 2, 3], "rotation": 90, "texture": "#2"},
				"down": {"uv": [0, 0, 2, 3], "rotation": 90, "texture": "#2"}
			}
		},
		{
			"from": [17.5, 15, 7],
			"to": [21, 18, 9],
			"rotation": {"angle": 0, "axis": "y", "origin": [2, 42, 7]},
			"faces": {
				"north": {"uv": [0, 0, 3, 3.5], "rotation": 270, "texture": "#2"},
				"east": {"uv": [0, 0, 3, 2], "rotation": 90, "texture": "#2"},
				"south": {"uv": [0, 0, 3, 3.5], "rotation": 90, "texture": "#2"},
				"west": {"uv": [0, 0, 3, 2], "rotation": 90, "texture": "#2"},
				"up": {"uv": [0, 0, 2, 3.5], "rotation": 90, "texture": "#2"},
				"down": {"uv": [0, 0, 2, 3.5], "rotation": 90, "texture": "#2"}
			}
		},
		{
			"from": [13, 12, 7],
			"to": [19, 15, 9],
			"rotation": {"angle": 0, "axis": "y", "origin": [0, 39, 7]},
			"faces": {
				"north": {"uv": [0, 0, 3, 6], "rotation": 270, "texture": "#2"},
				"east": {"uv": [0, 0, 3, 2], "rotation": 90, "texture": "#2"},
				"south": {"uv": [0, 0, 3, 6], "rotation": 90, "texture": "#2"},
				"west": {"uv": [0, 0, 3, 2], "rotation": 90, "texture": "#2"},
				"up": {"uv": [0, 0, 2, 6], "rotation": 90, "texture": "#2"},
				"down": {"uv": [0, 0, 2, 6], "rotation": 90, "texture": "#2"}
			}
		},
		{
			"from": [13, 18, 7],
			"to": [19, 21, 9],
			"rotation": {"angle": 0, "axis": "y", "origin": [0, 45, 7]},
			"faces": {
				"north": {"uv": [0, 0, 3, 6], "rotation": 270, "texture": "#2"},
				"east": {"uv": [0, 0, 3, 2], "rotation": 90, "texture": "#2"},
				"south": {"uv": [0, 0, 3, 6], "rotation": 90, "texture": "#2"},
				"west": {"uv": [0, 0, 3, 2], "rotation": 90, "texture": "#2"},
				"up": {"uv": [0, 0, 2, 6], "rotation": 90, "texture": "#2"},
				"down": {"uv": [0, 0, 2, 6], "rotation": 90, "texture": "#2"}
			}
		},
		{
			"from": [8, 3, 7],
			"to": [11, 29, 9],
			"rotation": {"angle": 0, "axis": "y", "origin": [-4, 42, 7]},
			"faces": {
				"north": {"uv": [0, 0, 16, 3], "rotation": 270, "texture": "#2"},
				"east": {"uv": [0, 0, 16, 2], "rotation": 90, "texture": "#2"},
				"south": {"uv": [0, 0, 16, 3], "rotation": 90, "texture": "#2"},
				"west": {"uv": [0, 0, 16, 2], "rotation": 90, "texture": "#2"},
				"up": {"uv": [0, 0, 2, 3], "rotation": 90, "texture": "#2"},
				"down": {"uv": [0, 0, 2, 3], "rotation": 90, "texture": "#2"}
			}
		},
		{
			"from": [11, 15, 7],
			"to": [14.5, 18, 9],
			"rotation": {"angle": 0, "axis": "y", "origin": [30, 42, 7]},
			"faces": {
				"north": {"uv": [0, 3.5, 3, 7], "rotation": 270, "texture": "#2"},
				"east": {"uv": [0, 2, 3, 4], "rotation": 90, "texture": "#2"},
				"south": {"uv": [0, 3.5, 3, 7], "rotation": 90, "texture": "#2"},
				"west": {"uv": [0, 2, 3, 4], "rotation": 90, "texture": "#2"},
				"up": {"uv": [0, 3.5, 2, 7], "rotation": 90, "texture": "#2"},
				"down": {"uv": [0, 3.5, 2, 7], "rotation": 90, "texture": "#2"}
			}
		},
		{
			"from": [22, 14, 6.7],
			"to": [23.25, 19, 7],
			"rotation": {"angle": 0, "axis": "y", "origin": [21.25, 15.5, 5]},
			"faces": {
				"north": {"uv": [0, 0, 1.25, 5], "texture": "#0"},
				"east": {"uv": [0, 0, 0.3, 5], "texture": "#0"},
				"south": {"uv": [0, 0, 1.25, 5], "texture": "#0"},
				"west": {"uv": [0, 0, 0.3, 5], "texture": "#0"},
				"up": {"uv": [0, 0, 1.25, 0.3], "texture": "#0"},
				"down": {"uv": [0, 0, 1.25, 0.3], "texture": "#0"}
			}
		},
		{
			"from": [22.25, 14.5, 5.7],
			"to": [23, 18.5, 6],
			"rotation": {"angle": 0, "axis": "y", "origin": [21.25, 15.5, 4]},
			"faces": {
				"north": {"uv": [0, 0, 0.75, 4], "texture": "#2"},
				"east": {"uv": [0, 0, 0.3, 4], "texture": "#2"},
				"south": {"uv": [0, 0, 0.75, 4], "texture": "#2"},
				"west": {"uv": [0, 0, 0.3, 4], "texture": "#2"},
				"up": {"uv": [0, 0, 0.75, 0.3], "texture": "#2"},
				"down": {"uv": [0, 0, 0.75, 0.3], "texture": "#2"}
			}
		},
		{
			"from": [22.25, 14.5, 6],
			"to": [23, 14.75, 6.7],
			"rotation": {"angle": 0, "axis": "y", "origin": [21.25, 15.5, 4.05]},
			"faces": {
				"north": {"uv": [0, 0, 0.75, 0.25], "texture": "#2"},
				"east": {"uv": [0, 0, 0.7, 0.25], "texture": "#2"},
				"south": {"uv": [0, 0, 0.75, 0.25], "texture": "#2"},
				"west": {"uv": [0, 0, 0.7, 0.25], "texture": "#2"},
				"up": {"uv": [0, 0, 0.75, 0.7], "texture": "#2"},
				"down": {"uv": [0, 0, 0.75, 0.7], "texture": "#2"}
			}
		},
		{
			"from": [22.25, 18.25, 6],
			"to": [23, 18.5, 6.7],
			"rotation": {"angle": 0, "axis": "y", "origin": [21.25, 19.25, 4.05]},
			"faces": {
				"north": {"uv": [0, 0, 0.75, 0.25], "texture": "#2"},
				"east": {"uv": [0, 0, 0.7, 0.25], "texture": "#2"},
				"south": {"uv": [0, 0, 0.75, 0.25], "texture": "#2"},
				"west": {"uv": [0, 0, 0.7, 0.25], "texture": "#2"},
				"up": {"uv": [0, 0, 0.75, 0.7], "texture": "#2"},
				"down": {"uv": [0, 0, 0.75, 0.7], "texture": "#2"}
			}
		}
	],
	"groups": [
		{
			"name": "door",
			"origin": [0, 16, -1],
			"color": 0,
			"children": [0, 1, 2, 3, 4, 5, 6, 7, 8, 9]
		},
		{
			"name": "handle",
			"origin": [8, 8, 8],
			"color": 0,
			"children": [10, 11, 12, 13]
		}
	]
}