{
	"credit": "Made with Blockbench",
	"textures": {
		"0": "item/doors/decor/torch_holder",
		"1": "block/white_concrete",
		"2": "block/black_concrete",
		"particle": "torch_holder"
	},
	"elements": [
		{
			"name": "base",
			"from": [4.75, 6.3, 14.4],
			"to": [11.25, 9.7, 15.5],
			"rotation": {"angle": 0, "axis": "y", "origin": [7, 7, 13.5]},
			"faces": {
				"north": {"uv": [0, 0, 6.5, 3.4], "texture": "#2"},
				"east": {"uv": [0, 0, 1.1, 3.4], "texture": "#2"},
				"south": {"uv": [0, 0, 6.5, 3.4], "texture": "#2"},
				"west": {"uv": [0, 0, 1.1, 3.4], "texture": "#2"},
				"up": {"uv": [0, 0, 6.5, 1.1], "texture": "#2"},
				"down": {"uv": [0, 0, 6.5, 1.1], "texture": "#2"}
			}
		},
		{
			"name": "base",
			"from": [3.5, 5.3, 14.9],
			"to": [12.5, 10.7, 16],
			"rotation": {"angle": 0, "axis": "y", "origin": [7, 7, 14]},
			"faces": {
				"north": {"uv": [0, 0, 9, 5.4], "texture": "#2"},
				"east": {"uv": [0, 0, 1.1, 5.4], "texture": "#2"},
				"south": {"uv": [0, 0, 9, 5.4], "texture": "#2"},
				"west": {"uv": [0, 0, 1.1, 5.4], "texture": "#2"},
				"up": {"uv": [0, 0, 9, 1.1], "texture": "#2"},
				"down": {"uv": [0, 0, 9, 1.1], "texture": "#2"}
			}
		},
		{
			"from": [8, 6, 9],
			"to": [8, 11, 14],
			"rotation": {"angle": -45, "axis": "y", "origin": [8, 8, 16]},
			"faces": {
				"north": {"uv": [0, 0, 0, 5], "texture": "#missing"},
				"east": {"uv": [16, 0, 0, 16], "texture": "#0"},
				"south": {"uv": [0, 0, 0, 5], "texture": "#missing"},
				"west": {"uv": [0, 0, 16, 16], "texture": "#0"},
				"up": {"uv": [0, 0, 0, 5], "texture": "#missing"},
				"down": {"uv": [0, 0, 0, 5], "texture": "#missing"}
			}
		},
		{
			"from": [8, 6, 9],
			"to": [8, 11, 14],
			"rotation": {"angle": 45, "axis": "y", "origin": [8, 8, 16]},
			"faces": {
				"north": {"uv": [0, 0, 0, 5], "texture": "#missing"},
				"east": {"uv": [16, 0, 0, 16], "texture": "#0"},
				"south": {"uv": [0, 0, 0, 5], "texture": "#missing"},
				"west": {"uv": [0, 0, 16, 16], "texture": "#0"},
				"up": {"uv": [0, 0, 0, 5], "texture": "#missing"},
				"down": {"uv": [0, 0, 0, 5], "texture": "#missing"}
			}
		},
		{
			"from": [6, 12.25, 7.5],
			"to": [10.5, 13.75, 12],
			"rotation": {"angle": 45, "axis": "y", "origin": [8, 12, 16]},
			"faces": {
				"north": {"uv": [0, 0, 4.5, 1.5], "texture": "#1"},
				"east": {"uv": [0, 0, 4.5, 1.5], "texture": "#1"},
				"south": {"uv": [0, 0, 4.5, 1.5], "texture": "#1"},
				"west": {"uv": [0, 0, 4.5, 1.5], "texture": "#1"},
				"up": {"uv": [0, 0, 4.5, 4.5], "texture": "#1"},
				"down": {"uv": [0, 0, 4.5, 4.5], "texture": "#1"}
			}
		},
		{
			"from": [6.425, 10.75, 7.95],
			"to": [9.925, 12.25, 11.45],
			"rotation": {"angle": 45, "axis": "y", "origin": [7.925, 10.5, 15.7]},
			"faces": {
				"north": {"uv": [0, 0, 3.5, 1.5], "texture": "#1"},
				"east": {"uv": [0, 0, 3.5, 1.5], "texture": "#1"},
				"south": {"uv": [0, 0, 3.5, 1.5], "texture": "#1"},
				"west": {"uv": [0, 0, 3.5, 1.5], "texture": "#1"},
				"up": {"uv": [0, 0, 3.5, 3.5], "texture": "#1"},
				"down": {"uv": [0, 0, 3.5, 3.5], "texture": "#1"}
			}
		},
		{
			"from": [6, 12.25, 7.5],
			"to": [10.5, 13.75, 12],
			"rotation": {"angle": -45, "axis": "y", "origin": [8, 12, 16]},
			"faces": {
				"north": {"uv": [0, 0, 4.5, 1.5], "texture": "#1"},
				"east": {"uv": [0, 0, 4.5, 1.5], "texture": "#1"},
				"south": {"uv": [0, 0, 4.5, 1.5], "texture": "#1"},
				"west": {"uv": [0, 0, 4.5, 1.5], "texture": "#1"},
				"up": {"uv": [0, 0, 4.5, 4.5], "texture": "#1"},
				"down": {"uv": [0, 0, 4.5, 4.5], "texture": "#1"}
			}
		},
		{
			"from": [6.425, 10.75, 7.95],
			"to": [9.925, 12.25, 11.45],
			"rotation": {"angle": -45, "axis": "y", "origin": [7.925, 10.5, 15.7]},
			"faces": {
				"north": {"uv": [0, 0, 3.5, 1.5], "texture": "#1"},
				"east": {"uv": [0, 0, 3.5, 1.5], "texture": "#1"},
				"south": {"uv": [0, 0, 3.5, 1.5], "texture": "#1"},
				"west": {"uv": [0, 0, 3.5, 1.5], "texture": "#1"},
				"up": {"uv": [0, 0, 3.5, 3.5], "texture": "#1"},
				"down": {"uv": [0, 0, 3.5, 3.5], "texture": "#1"}
			}
		}
	],
	"groups": [
		{
			"name": "group",
			"origin": [7, 7, 14],
			"color": 0,
			"children": [0, 1]
		},
		2,
		3,
		{
			"name": "top",
			"origin": [0, 0, 0],
			"color": 0,
			"children": [4, 5, 6, 7]
		}
	]
}