{
	"credit": "Made with Blockbench",
	"texture_size": [128, 128],
	"textures": {
		"0": "item/doors/decor/elevator_door_grate",
		"particle": "item/doors/decor/elevator_door_grate"
	},
	"elements": [
		{
			"from": [12, -7, 7.9],
			"to": [13, 23, 8.1],
			"rotation": {"angle": 0, "axis": "y", "origin": [11.45, -8, 7]},
			"faces": {
				"north": {"uv": [1.25, 1.25, 1.375, 5], "texture": "#0"},
				"east": {"uv": [1, 1.375, 1.025, 5.125], "texture": "#0"},
				"south": {"uv": [1.375, 1, 1.5, 4.75], "texture": "#0"},
				"west": {"uv": [1.125, 1.375, 1.15, 5.125], "texture": "#0"},
				"up": {"uv": [2.375, 2.65, 2.25, 2.625], "texture": "#0"},
				"down": {"uv": [2.5, 2.625, 2.375, 2.65], "texture": "#0"}
			}
		},
		{
			"from": [6, -7, 7.9],
			"to": [7, 23, 8.1],
			"rotation": {"angle": 0, "axis": "y", "origin": [7.5, -8, 7]},
			"faces": {
				"north": {"uv": [1.5, 1, 1.625, 4.75], "texture": "#0"},
				"east": {"uv": [1.625, 1, 1.65, 4.75], "texture": "#0"},
				"south": {"uv": [1.75, 1, 1.875, 4.75], "texture": "#0"},
				"west": {"uv": [1.875, 1, 1.9, 4.75], "texture": "#0"},
				"up": {"uv": [2.625, 2.65, 2.5, 2.625], "texture": "#0"},
				"down": {"uv": [2.75, 2.625, 2.625, 2.65], "texture": "#0"}
			}
		},
		{
			"from": [9, -7, 7.9],
			"to": [10, 23, 8.1],
			"rotation": {"angle": 0, "axis": "y", "origin": [10.5, -8, 7]},
			"faces": {
				"north": {"uv": [1.5, 1, 1.625, 4.75], "texture": "#0"},
				"east": {"uv": [1.625, 1, 1.65, 4.75], "texture": "#0"},
				"south": {"uv": [1.75, 1, 1.875, 4.75], "texture": "#0"},
				"west": {"uv": [1.875, 1, 1.9, 4.75], "texture": "#0"},
				"up": {"uv": [2.625, 2.65, 2.5, 2.625], "texture": "#0"},
				"down": {"uv": [2.75, 2.625, 2.625, 2.65], "texture": "#0"}
			}
		},
		{
			"from": [15, -7, 7.9],
			"to": [16, 23, 8.1],
			"rotation": {"angle": 0, "axis": "y", "origin": [16.5, -8, 7]},
			"faces": {
				"north": {"uv": [1.5, 1, 1.625, 4.75], "texture": "#0"},
				"east": {"uv": [1.625, 1, 1.65, 4.75], "texture": "#0"},
				"south": {"uv": [1.75, 1, 1.875, 4.75], "texture": "#0"},
				"west": {"uv": [1.875, 1, 1.9, 4.75], "texture": "#0"},
				"up": {"uv": [2.625, 2.65, 2.5, 2.625], "texture": "#0"},
				"down": {"uv": [2.75, 2.625, 2.625, 2.65], "texture": "#0"}
			}
		},
		{
			"from": [15.1, -7, 7.925],
			"to": [16.1, -2.5, 8],
			"rotation": {"angle": 45, "axis": "z", "origin": [15.6, -7, 8]},
			"faces": {
				"north": {"uv": [1.5, 1, 1.625, 1.5625], "texture": "#0"},
				"east": {"uv": [1.625, 1, 1.63438, 1.5625], "texture": "#0"},
				"south": {"uv": [1.75, 1, 1.875, 1.5625], "texture": "#0"},
				"west": {"uv": [1.875, 1, 1.88438, 1.5625], "texture": "#0"},
				"up": {"uv": [2.625, 2.63438, 2.5, 2.625], "texture": "#0"},
				"down": {"uv": [2.75, 2.625, 2.625, 2.63438], "texture": "#0"}
			}
		},
		{
			"from": [12.1, -7, 7.925],
			"to": [13.1, -2.5, 8],
			"rotation": {"angle": 45, "axis": "z", "origin": [12.6, -7, 8]},
			"faces": {
				"north": {"uv": [1.5, 1, 1.625, 1.5625], "texture": "#0"},
				"east": {"uv": [1.625, 1, 1.63438, 1.5625], "texture": "#0"},
				"south": {"uv": [1.75, 1, 1.875, 1.5625], "texture": "#0"},
				"west": {"uv": [1.875, 1, 1.88438, 1.5625], "texture": "#0"},
				"up": {"uv": [2.625, 2.63438, 2.5, 2.625], "texture": "#0"},
				"down": {"uv": [2.75, 2.625, 2.625, 2.63438], "texture": "#0"}
			}
		},
		{
			"from": [9.1, -7, 7.925],
			"to": [10.1, -2.5, 8],
			"rotation": {"angle": 45, "axis": "z", "origin": [9.6, -7, 8]},
			"faces": {
				"north": {"uv": [1.5, 1, 1.625, 1.5625], "texture": "#0"},
				"east": {"uv": [1.625, 1, 1.63438, 1.5625], "texture": "#0"},
				"south": {"uv": [1.75, 1, 1.875, 1.5625], "texture": "#0"},
				"west": {"uv": [1.875, 1, 1.88438, 1.5625], "texture": "#0"},
				"up": {"uv": [2.625, 2.63438, 2.5, 2.625], "texture": "#0"},
				"down": {"uv": [2.75, 2.625, 2.625, 2.63438], "texture": "#0"}
			}
		},
		{
			"from": [6.1, -7, 7.925],
			"to": [7.1, -2.5, 8],
			"rotation": {"angle": 45, "axis": "z", "origin": [6.6, -7, 8]},
			"faces": {
				"north": {"uv": [1.5, 1, 1.625, 1.5625], "texture": "#0"},
				"east": {"uv": [1.625, 1, 1.63438, 1.5625], "texture": "#0"},
				"south": {"uv": [1.75, 1, 1.875, 1.5625], "texture": "#0"},
				"west": {"uv": [1.875, 1, 1.88438, 1.5625], "texture": "#0"},
				"up": {"uv": [2.625, 2.63438, 2.5, 2.625], "texture": "#0"},
				"down": {"uv": [2.75, 2.625, 2.625, 2.63438], "texture": "#0"}
			}
		},
		{
			"from": [3.1, -7, 7.925],
			"to": [4.1, -2.5, 8],
			"rotation": {"angle": 45, "axis": "z", "origin": [3.6, -7, 8]},
			"faces": {
				"north": {"uv": [1.5, 1, 1.625, 1.5625], "texture": "#0"},
				"east": {"uv": [1.625, 1, 1.63438, 1.5625], "texture": "#0"},
				"south": {"uv": [1.75, 1, 1.875, 1.5625], "texture": "#0"},
				"west": {"uv": [1.875, 1, 1.88438, 1.5625], "texture": "#0"},
				"up": {"uv": [2.625, 2.63438, 2.5, 2.625], "texture": "#0"},
				"down": {"uv": [2.75, 2.625, 2.625, 2.63438], "texture": "#0"}
			}
		},
		{
			"from": [15.1, -4.25, 7.925],
			"to": [16.1, 0.25, 8],
			"rotation": {"angle": 45, "axis": "z", "origin": [15.6, -4.25, 8]},
			"faces": {
				"north": {"uv": [1.5, 1, 1.625, 1.5625], "texture": "#0"},
				"east": {"uv": [1.625, 1, 1.63438, 1.5625], "texture": "#0"},
				"south": {"uv": [1.75, 1, 1.875, 1.5625], "texture": "#0"},
				"west": {"uv": [1.875, 1, 1.88438, 1.5625], "texture": "#0"},
				"up": {"uv": [2.625, 2.63438, 2.5, 2.625], "texture": "#0"},
				"down": {"uv": [2.75, 2.625, 2.625, 2.63438], "texture": "#0"}
			}
		},
		{
			"from": [12.1, -4.25, 7.925],
			"to": [13.1, 0.25, 8],
			"rotation": {"angle": 45, "axis": "z", "origin": [12.6, -4.25, 8]},
			"faces": {
				"north": {"uv": [1.5, 1, 1.625, 1.5625], "texture": "#0"},
				"east": {"uv": [1.625, 1, 1.63438, 1.5625], "texture": "#0"},
				"south": {"uv": [1.75, 1, 1.875, 1.5625], "texture": "#0"},
				"west": {"uv": [1.875, 1, 1.88438, 1.5625], "texture": "#0"},
				"up": {"uv": [2.625, 2.63438, 2.5, 2.625], "texture": "#0"},
				"down": {"uv": [2.75, 2.625, 2.625, 2.63438], "texture": "#0"}
			}
		},
		{
			"from": [9.1, -4.25, 7.925],
			"to": [10.1, 0.25, 8],
			"rotation": {"angle": 45, "axis": "z", "origin": [9.6, -4.25, 8]},
			"faces": {
				"north": {"uv": [1.5, 1, 1.625, 1.5625], "texture": "#0"},
				"east": {"uv": [1.625, 1, 1.63438, 1.5625], "texture": "#0"},
				"south": {"uv": [1.75, 1, 1.875, 1.5625], "texture": "#0"},
				"west": {"uv": [1.875, 1, 1.88438, 1.5625], "texture": "#0"},
				"up": {"uv": [2.625, 2.63438, 2.5, 2.625], "texture": "#0"},
				"down": {"uv": [2.75, 2.625, 2.625, 2.63438], "texture": "#0"}
			}
		},
		{
			"from": [6.1, -4.25, 7.925],
			"to": [7.1, 0.25, 8],
			"rotation": {"angle": 45, "axis": "z", "origin": [6.6, -4.25, 8]},
			"faces": {
				"north": {"uv": [1.5, 1, 1.625, 1.5625], "texture": "#0"},
				"east": {"uv": [1.625, 1, 1.63438, 1.5625], "texture": "#0"},
				"south": {"uv": [1.75, 1, 1.875, 1.5625], "texture": "#0"},
				"west": {"uv": [1.875, 1, 1.88438, 1.5625], "texture": "#0"},
				"up": {"uv": [2.625, 2.63438, 2.5, 2.625], "texture": "#0"},
				"down": {"uv": [2.75, 2.625, 2.625, 2.63438], "texture": "#0"}
			}
		},
		{
			"from": [3.1, -4.25, 7.925],
			"to": [4.1, 0.25, 8],
			"rotation": {"angle": 45, "axis": "z", "origin": [3.6, -4.25, 8]},
			"faces": {
				"north": {"uv": [1.5, 1, 1.625, 1.5625], "texture": "#0"},
				"east": {"uv": [1.625, 1, 1.63438, 1.5625], "texture": "#0"},
				"south": {"uv": [1.75, 1, 1.875, 1.5625], "texture": "#0"},
				"west": {"uv": [1.875, 1, 1.88438, 1.5625], "texture": "#0"},
				"up": {"uv": [2.625, 2.63438, 2.5, 2.625], "texture": "#0"},
				"down": {"uv": [2.75, 2.625, 2.625, 2.63438], "texture": "#0"}
			}
		},
		{
			"from": [15.1, -1.5, 7.925],
			"to": [16.1, 3, 8],
			"rotation": {"angle": 45, "axis": "z", "origin": [15.6, -1.5, 8]},
			"faces": {
				"north": {"uv": [1.5, 1, 1.625, 1.5625], "texture": "#0"},
				"east": {"uv": [1.625, 1, 1.63438, 1.5625], "texture": "#0"},
				"south": {"uv": [1.75, 1, 1.875, 1.5625], "texture": "#0"},
				"west": {"uv": [1.875, 1, 1.88438, 1.5625], "texture": "#0"},
				"up": {"uv": [2.625, 2.63438, 2.5, 2.625], "texture": "#0"},
				"down": {"uv": [2.75, 2.625, 2.625, 2.63438], "texture": "#0"}
			}
		},
		{
			"from": [12.1, -1.5, 7.925],
			"to": [13.1, 3, 8],
			"rotation": {"angle": 45, "axis": "z", "origin": [12.6, -1.5, 8]},
			"faces": {
				"north": {"uv": [1.5, 1, 1.625, 1.5625], "texture": "#0"},
				"east": {"uv": [1.625, 1, 1.63438, 1.5625], "texture": "#0"},
				"south": {"uv": [1.75, 1, 1.875, 1.5625], "texture": "#0"},
				"west": {"uv": [1.875, 1, 1.88438, 1.5625], "texture": "#0"},
				"up": {"uv": [2.625, 2.63438, 2.5, 2.625], "texture": "#0"},
				"down": {"uv": [2.75, 2.625, 2.625, 2.63438], "texture": "#0"}
			}
		},
		{
			"from": [9.1, -1.5, 7.925],
			"to": [10.1, 3, 8],
			"rotation": {"angle": 45, "axis": "z", "origin": [9.6, -1.5, 8]},
			"faces": {
				"north": {"uv": [1.5, 1, 1.625, 1.5625], "texture": "#0"},
				"east": {"uv": [1.625, 1, 1.63438, 1.5625], "texture": "#0"},
				"south": {"uv": [1.75, 1, 1.875, 1.5625], "texture": "#0"},
				"west": {"uv": [1.875, 1, 1.88438, 1.5625], "texture": "#0"},
				"up": {"uv": [2.625, 2.63438, 2.5, 2.625], "texture": "#0"},
				"down": {"uv": [2.75, 2.625, 2.625, 2.63438], "texture": "#0"}
			}
		},
		{
			"from": [6.1, -1.5, 7.925],
			"to": [7.1, 3, 8],
			"rotation": {"angle": 45, "axis": "z", "origin": [6.6, -1.5, 8]},
			"faces": {
				"north": {"uv": [1.5, 1, 1.625, 1.5625], "texture": "#0"},
				"east": {"uv": [1.625, 1, 1.63438, 1.5625], "texture": "#0"},
				"south": {"uv": [1.75, 1, 1.875, 1.5625], "texture": "#0"},
				"west": {"uv": [1.875, 1, 1.88438, 1.5625], "texture": "#0"},
				"up": {"uv": [2.625, 2.63438, 2.5, 2.625], "texture": "#0"},
				"down": {"uv": [2.75, 2.625, 2.625, 2.63438], "texture": "#0"}
			}
		},
		{
			"from": [3.1, -1.5, 7.925],
			"to": [4.1, 3, 8],
			"rotation": {"angle": 45, "axis": "z", "origin": [3.6, -1.5, 8]},
			"faces": {
				"north": {"uv": [1.5, 1, 1.625, 1.5625], "texture": "#0"},
				"east": {"uv": [1.625, 1, 1.63438, 1.5625], "texture": "#0"},
				"south": {"uv": [1.75, 1, 1.875, 1.5625], "texture": "#0"},
				"west": {"uv": [1.875, 1, 1.88438, 1.5625], "texture": "#0"},
				"up": {"uv": [2.625, 2.63438, 2.5, 2.625], "texture": "#0"},
				"down": {"uv": [2.75, 2.625, 2.625, 2.63438], "texture": "#0"}
			}
		},
		{
			"from": [-0.1, -7, 7.9375],
			"to": [0.9, -2.5, 7.9875],
			"rotation": {"angle": -45, "axis": "z", "origin": [0.4, -7, 8]},
			"faces": {
				"north": {"uv": [1.25, 1.25, 1.375, 1.8125], "texture": "#0"},
				"east": {"uv": [1, 1.375, 1.00625, 1.9375], "texture": "#0"},
				"south": {"uv": [1.375, 1, 1.5, 1.5625], "texture": "#0"},
				"west": {"uv": [1.125, 1.375, 1.13125, 1.9375], "texture": "#0"},
				"up": {"uv": [2.375, 2.63125, 2.25, 2.625], "texture": "#0"},
				"down": {"uv": [2.5, 2.625, 2.375, 2.63125], "texture": "#0"}
			}
		},
		{
			"from": [2.9, -7, 7.9375],
			"to": [3.9, -2.5, 7.9875],
			"rotation": {"angle": -45, "axis": "z", "origin": [3.4, -7, 8]},
			"faces": {
				"north": {"uv": [1.25, 1.25, 1.375, 1.8125], "texture": "#0"},
				"east": {"uv": [1, 1.375, 1.00625, 1.9375], "texture": "#0"},
				"south": {"uv": [1.375, 1, 1.5, 1.5625], "texture": "#0"},
				"west": {"uv": [1.125, 1.375, 1.13125, 1.9375], "texture": "#0"},
				"up": {"uv": [2.375, 2.63125, 2.25, 2.625], "texture": "#0"},
				"down": {"uv": [2.5, 2.625, 2.375, 2.63125], "texture": "#0"}
			}
		},
		{
			"from": [5.9, -7, 7.9375],
			"to": [6.9, -2.5, 7.9875],
			"rotation": {"angle": -45, "axis": "z", "origin": [6.4, -7, 8]},
			"faces": {
				"north": {"uv": [1.25, 1.25, 1.375, 1.8125], "texture": "#0"},
				"east": {"uv": [1, 1.375, 1.00625, 1.9375], "texture": "#0"},
				"south": {"uv": [1.375, 1, 1.5, 1.5625], "texture": "#0"},
				"west": {"uv": [1.125, 1.375, 1.13125, 1.9375], "texture": "#0"},
				"up": {"uv": [2.375, 2.63125, 2.25, 2.625], "texture": "#0"},
				"down": {"uv": [2.5, 2.625, 2.375, 2.63125], "texture": "#0"}
			}
		},
		{
			"from": [8.9, -7, 7.9375],
			"to": [9.9, -2.5, 7.9875],
			"rotation": {"angle": -45, "axis": "z", "origin": [9.4, -7, 8]},
			"faces": {
				"north": {"uv": [1.25, 1.25, 1.375, 1.8125], "texture": "#0"},
				"east": {"uv": [1, 1.375, 1.00625, 1.9375], "texture": "#0"},
				"south": {"uv": [1.375, 1, 1.5, 1.5625], "texture": "#0"},
				"west": {"uv": [1.125, 1.375, 1.13125, 1.9375], "texture": "#0"},
				"up": {"uv": [2.375, 2.63125, 2.25, 2.625], "texture": "#0"},
				"down": {"uv": [2.5, 2.625, 2.375, 2.63125], "texture": "#0"}
			}
		},
		{
			"from": [11.9, -7, 7.9375],
			"to": [12.9, -2.5, 7.9875],
			"rotation": {"angle": -45, "axis": "z", "origin": [12.4, -7, 8]},
			"faces": {
				"north": {"uv": [1.25, 1.25, 1.375, 1.8125], "texture": "#0"},
				"east": {"uv": [1, 1.375, 1.00625, 1.9375], "texture": "#0"},
				"south": {"uv": [1.375, 1, 1.5, 1.5625], "texture": "#0"},
				"west": {"uv": [1.125, 1.375, 1.13125, 1.9375], "texture": "#0"},
				"up": {"uv": [2.375, 2.63125, 2.25, 2.625], "texture": "#0"},
				"down": {"uv": [2.5, 2.625, 2.375, 2.63125], "texture": "#0"}
			}
		},
		{
			"from": [11.9, -4.25, 7.9375],
			"to": [12.9, 0.25, 7.9875],
			"rotation": {"angle": -45, "axis": "z", "origin": [12.4, -4.25, 8]},
			"faces": {
				"north": {"uv": [1.25, 1.25, 1.375, 1.8125], "texture": "#0"},
				"east": {"uv": [1, 1.375, 1.00625, 1.9375], "texture": "#0"},
				"south": {"uv": [1.375, 1, 1.5, 1.5625], "texture": "#0"},
				"west": {"uv": [1.125, 1.375, 1.13125, 1.9375], "texture": "#0"},
				"up": {"uv": [2.375, 2.63125, 2.25, 2.625], "texture": "#0"},
				"down": {"uv": [2.5, 2.625, 2.375, 2.63125], "texture": "#0"}
			}
		},
		{
			"from": [8.9, -4.25, 7.9375],
			"to": [9.9, 0.25, 7.9875],
			"rotation": {"angle": -45, "axis": "z", "origin": [9.4, -4.25, 8]},
			"faces": {
				"north": {"uv": [1.25, 1.25, 1.375, 1.8125], "texture": "#0"},
				"east": {"uv": [1, 1.375, 1.00625, 1.9375], "texture": "#0"},
				"south": {"uv": [1.375, 1, 1.5, 1.5625], "texture": "#0"},
				"west": {"uv": [1.125, 1.375, 1.13125, 1.9375], "texture": "#0"},
				"up": {"uv": [2.375, 2.63125, 2.25, 2.625], "texture": "#0"},
				"down": {"uv": [2.5, 2.625, 2.375, 2.63125], "texture": "#0"}
			}
		},
		{
			"from": [5.9, -4.25, 7.9375],
			"to": [6.9, 0.25, 7.9875],
			"rotation": {"angle": -45, "axis": "z", "origin": [6.4, -4.25, 8]},
			"faces": {
				"north": {"uv": [1.25, 1.25, 1.375, 1.8125], "texture": "#0"},
				"east": {"uv": [1, 1.375, 1.00625, 1.9375], "texture": "#0"},
				"south": {"uv": [1.375, 1, 1.5, 1.5625], "texture": "#0"},
				"west": {"uv": [1.125, 1.375, 1.13125, 1.9375], "texture": "#0"},
				"up": {"uv": [2.375, 2.63125, 2.25, 2.625], "texture": "#0"},
				"down": {"uv": [2.5, 2.625, 2.375, 2.63125], "texture": "#0"}
			}
		},
		{
			"from": [2.9, -4.25, 7.9375],
			"to": [3.9, 0.25, 7.9875],
			"rotation": {"angle": -45, "axis": "z", "origin": [3.4, -4.25, 8]},
			"faces": {
				"north": {"uv": [1.25, 1.25, 1.375, 1.8125], "texture": "#0"},
				"east": {"uv": [1, 1.375, 1.00625, 1.9375], "texture": "#0"},
				"south": {"uv": [1.375, 1, 1.5, 1.5625], "texture": "#0"},
				"west": {"uv": [1.125, 1.375, 1.13125, 1.9375], "texture": "#0"},
				"up": {"uv": [2.375, 2.63125, 2.25, 2.625], "texture": "#0"},
				"down": {"uv": [2.5, 2.625, 2.375, 2.63125], "texture": "#0"}
			}
		},
		{
			"from": [-0.1, -4.25, 7.9375],
			"to": [0.9, 0.25, 7.9875],
			"rotation": {"angle": -45, "axis": "z", "origin": [0.4, -4.25, 8]},
			"faces": {
				"north": {"uv": [1.25, 1.25, 1.375, 1.8125], "texture": "#0"},
				"east": {"uv": [1, 1.375, 1.00625, 1.9375], "texture": "#0"},
				"south": {"uv": [1.375, 1, 1.5, 1.5625], "texture": "#0"},
				"west": {"uv": [1.125, 1.375, 1.13125, 1.9375], "texture": "#0"},
				"up": {"uv": [2.375, 2.63125, 2.25, 2.625], "texture": "#0"},
				"down": {"uv": [2.5, 2.625, 2.375, 2.63125], "texture": "#0"}
			}
		},
		{
			"from": [11.9, -1.5, 7.9375],
			"to": [12.9, 3, 7.9875],
			"rotation": {"angle": -45, "axis": "z", "origin": [12.4, -1.5, 8]},
			"faces": {
				"north": {"uv": [1.25, 1.25, 1.375, 1.8125], "texture": "#0"},
				"east": {"uv": [1, 1.375, 1.00625, 1.9375], "texture": "#0"},
				"south": {"uv": [1.375, 1, 1.5, 1.5625], "texture": "#0"},
				"west": {"uv": [1.125, 1.375, 1.13125, 1.9375], "texture": "#0"},
				"up": {"uv": [2.375, 2.63125, 2.25, 2.625], "texture": "#0"},
				"down": {"uv": [2.5, 2.625, 2.375, 2.63125], "texture": "#0"}
			}
		},
		{
			"from": [8.9, -1.5, 7.9375],
			"to": [9.9, 3, 7.9875],
			"rotation": {"angle": -45, "axis": "z", "origin": [9.4, -1.5, 8]},
			"faces": {
				"north": {"uv": [1.25, 1.25, 1.375, 1.8125], "texture": "#0"},
				"east": {"uv": [1, 1.375, 1.00625, 1.9375], "texture": "#0"},
				"south": {"uv": [1.375, 1, 1.5, 1.5625], "texture": "#0"},
				"west": {"uv": [1.125, 1.375, 1.13125, 1.9375], "texture": "#0"},
				"up": {"uv": [2.375, 2.63125, 2.25, 2.625], "texture": "#0"},
				"down": {"uv": [2.5, 2.625, 2.375, 2.63125], "texture": "#0"}
			}
		},
		{
			"from": [5.9, -1.5, 7.9375],
			"to": [6.9, 3, 7.9875],
			"rotation": {"angle": -45, "axis": "z", "origin": [6.4, -1.5, 8]},
			"faces": {
				"north": {"uv": [1.25, 1.25, 1.375, 1.8125], "texture": "#0"},
				"east": {"uv": [1, 1.375, 1.00625, 1.9375], "texture": "#0"},
				"south": {"uv": [1.375, 1, 1.5, 1.5625], "texture": "#0"},
				"west": {"uv": [1.125, 1.375, 1.13125, 1.9375], "texture": "#0"},
				"up": {"uv": [2.375, 2.63125, 2.25, 2.625], "texture": "#0"},
				"down": {"uv": [2.5, 2.625, 2.375, 2.63125], "texture": "#0"}
			}
		},
		{
			"from": [2.9, -1.5, 7.9375],
			"to": [3.9, 3, 7.9875],
			"rotation": {"angle": -45, "axis": "z", "origin": [3.4, -1.5, 8]},
			"faces": {
				"north": {"uv": [1.25, 1.25, 1.375, 1.8125], "texture": "#0"},
				"east": {"uv": [1, 1.375, 1.00625, 1.9375], "texture": "#0"},
				"south": {"uv": [1.375, 1, 1.5, 1.5625], "texture": "#0"},
				"west": {"uv": [1.125, 1.375, 1.13125, 1.9375], "texture": "#0"},
				"up": {"uv": [2.375, 2.63125, 2.25, 2.625], "texture": "#0"},
				"down": {"uv": [2.5, 2.625, 2.375, 2.63125], "texture": "#0"}
			}
		},
		{
			"from": [-0.1, -1.5, 7.9375],
			"to": [0.9, 3, 7.9875],
			"rotation": {"angle": -45, "axis": "z", "origin": [0.4, -1.5, 8]},
			"faces": {
				"north": {"uv": [1.25, 1.25, 1.375, 1.8125], "texture": "#0"},
				"east": {"uv": [1, 1.375, 1.00625, 1.9375], "texture": "#0"},
				"south": {"uv": [1.375, 1, 1.5, 1.5625], "texture": "#0"},
				"west": {"uv": [1.125, 1.375, 1.13125, 1.9375], "texture": "#0"},
				"up": {"uv": [2.375, 2.63125, 2.25, 2.625], "texture": "#0"},
				"down": {"uv": [2.5, 2.625, 2.375, 2.63125], "texture": "#0"}
			}
		},
		{
			"from": [15.1, 18.5, 7.925],
			"to": [16.1, 23, 8],
			"rotation": {"angle": -45, "axis": "z", "origin": [15.6, 23, 8]},
			"faces": {
				"north": {"uv": [2, 2, 2.125, 2.5625], "texture": "#0"},
				"east": {"uv": [2.125, 2, 2.13438, 2.5625], "texture": "#0"},
				"south": {"uv": [2.25, 2, 2.375, 2.5625], "texture": "#0"},
				"west": {"uv": [2.375, 2, 2.38438, 2.5625], "texture": "#0"},
				"up": {"uv": [2.875, 2.00938, 2.75, 2], "texture": "#0"},
				"down": {"uv": [2.875, 2.125, 2.75, 2.13438], "texture": "#0"}
			}
		},
		{
			"from": [12.1, 18.5, 7.925],
			"to": [13.1, 23, 8],
			"rotation": {"angle": -45, "axis": "z", "origin": [12.6, 23, 8]},
			"faces": {
				"north": {"uv": [2, 2, 2.125, 2.5625], "texture": "#0"},
				"east": {"uv": [2.125, 2, 2.13438, 2.5625], "texture": "#0"},
				"south": {"uv": [2.25, 2, 2.375, 2.5625], "texture": "#0"},
				"west": {"uv": [2.375, 2, 2.38438, 2.5625], "texture": "#0"},
				"up": {"uv": [2.875, 2.00938, 2.75, 2], "texture": "#0"},
				"down": {"uv": [2.875, 2.125, 2.75, 2.13438], "texture": "#0"}
			}
		},
		{
			"from": [9.1, 18.5, 7.925],
			"to": [10.1, 23, 8],
			"rotation": {"angle": -45, "axis": "z", "origin": [9.6, 23, 8]},
			"faces": {
				"north": {"uv": [2, 2, 2.125, 2.5625], "texture": "#0"},
				"east": {"uv": [2.125, 2, 2.13438, 2.5625], "texture": "#0"},
				"south": {"uv": [2.25, 2, 2.375, 2.5625], "texture": "#0"},
				"west": {"uv": [2.375, 2, 2.38438, 2.5625], "texture": "#0"},
				"up": {"uv": [2.875, 2.00938, 2.75, 2], "texture": "#0"},
				"down": {"uv": [2.875, 2.125, 2.75, 2.13438], "texture": "#0"}
			}
		},
		{
			"from": [6.1, 18.5, 7.925],
			"to": [7.1, 23, 8],
			"rotation": {"angle": -45, "axis": "z", "origin": [6.6, 23, 8]},
			"faces": {
				"north": {"uv": [2, 2, 2.125, 2.5625], "texture": "#0"},
				"east": {"uv": [2.125, 2, 2.13438, 2.5625], "texture": "#0"},
				"south": {"uv": [2.25, 2, 2.375, 2.5625], "texture": "#0"},
				"west": {"uv": [2.375, 2, 2.38438, 2.5625], "texture": "#0"},
				"up": {"uv": [2.875, 2.00938, 2.75, 2], "texture": "#0"},
				"down": {"uv": [2.875, 2.125, 2.75, 2.13438], "texture": "#0"}
			}
		},
		{
			"from": [3.1, 18.5, 7.925],
			"to": [4.1, 23, 8],
			"rotation": {"angle": -45, "axis": "z", "origin": [3.6, 23, 8]},
			"faces": {
				"north": {"uv": [2, 2, 2.125, 2.5625], "texture": "#0"},
				"east": {"uv": [2.125, 2, 2.13438, 2.5625], "texture": "#0"},
				"south": {"uv": [2.25, 2, 2.375, 2.5625], "texture": "#0"},
				"west": {"uv": [2.375, 2, 2.38438, 2.5625], "texture": "#0"},
				"up": {"uv": [2.875, 2.00938, 2.75, 2], "texture": "#0"},
				"down": {"uv": [2.875, 2.125, 2.75, 2.13438], "texture": "#0"}
			}
		},
		{
			"from": [3.1, 15.75, 7.925],
			"to": [4.1, 20.25, 8],
			"rotation": {"angle": -45, "axis": "z", "origin": [3.6, 20.25, 8]},
			"faces": {
				"north": {"uv": [2, 2, 2.125, 2.5625], "texture": "#0"},
				"east": {"uv": [2.125, 2, 2.13438, 2.5625], "texture": "#0"},
				"south": {"uv": [2.25, 2, 2.375, 2.5625], "texture": "#0"},
				"west": {"uv": [2.375, 2, 2.38438, 2.5625], "texture": "#0"},
				"up": {"uv": [2.875, 2.00938, 2.75, 2], "texture": "#0"},
				"down": {"uv": [2.875, 2.125, 2.75, 2.13438], "texture": "#0"}
			}
		},
		{
			"from": [6.1, 15.75, 7.925],
			"to": [7.1, 20.25, 8],
			"rotation": {"angle": -45, "axis": "z", "origin": [6.6, 20.25, 8]},
			"faces": {
				"north": {"uv": [2, 2, 2.125, 2.5625], "texture": "#0"},
				"east": {"uv": [2.125, 2, 2.13438, 2.5625], "texture": "#0"},
				"south": {"uv": [2.25, 2, 2.375, 2.5625], "texture": "#0"},
				"west": {"uv": [2.375, 2, 2.38438, 2.5625], "texture": "#0"},
				"up": {"uv": [2.875, 2.00938, 2.75, 2], "texture": "#0"},
				"down": {"uv": [2.875, 2.125, 2.75, 2.13438], "texture": "#0"}
			}
		},
		{
			"from": [9.1, 15.75, 7.925],
			"to": [10.1, 20.25, 8],
			"rotation": {"angle": -45, "axis": "z", "origin": [9.6, 20.25, 8]},
			"faces": {
				"north": {"uv": [2, 2, 2.125, 2.5625], "texture": "#0"},
				"east": {"uv": [2.125, 2, 2.13438, 2.5625], "texture": "#0"},
				"south": {"uv": [2.25, 2, 2.375, 2.5625], "texture": "#0"},
				"west": {"uv": [2.375, 2, 2.38438, 2.5625], "texture": "#0"},
				"up": {"uv": [2.875, 2.00938, 2.75, 2], "texture": "#0"},
				"down": {"uv": [2.875, 2.125, 2.75, 2.13438], "texture": "#0"}
			}
		},
		{
			"from": [12.1, 15.75, 7.925],
			"to": [13.1, 20.25, 8],
			"rotation": {"angle": -45, "axis": "z", "origin": [12.6, 20.25, 8]},
			"faces": {
				"north": {"uv": [2, 2, 2.125, 2.5625], "texture": "#0"},
				"east": {"uv": [2.125, 2, 2.13438, 2.5625], "texture": "#0"},
				"south": {"uv": [2.25, 2, 2.375, 2.5625], "texture": "#0"},
				"west": {"uv": [2.375, 2, 2.38438, 2.5625], "texture": "#0"},
				"up": {"uv": [2.875, 2.00938, 2.75, 2], "texture": "#0"},
				"down": {"uv": [2.875, 2.125, 2.75, 2.13438], "texture": "#0"}
			}
		},
		{
			"from": [15.1, 15.75, 7.925],
			"to": [16.1, 20.25, 8],
			"rotation": {"angle": -45, "axis": "z", "origin": [15.6, 20.25, 8]},
			"faces": {
				"north": {"uv": [2, 2, 2.125, 2.5625], "texture": "#0"},
				"east": {"uv": [2.125, 2, 2.13438, 2.5625], "texture": "#0"},
				"south": {"uv": [2.25, 2, 2.375, 2.5625], "texture": "#0"},
				"west": {"uv": [2.375, 2, 2.38438, 2.5625], "texture": "#0"},
				"up": {"uv": [2.875, 2.00938, 2.75, 2], "texture": "#0"},
				"down": {"uv": [2.875, 2.125, 2.75, 2.13438], "texture": "#0"}
			}
		},
		{
			"from": [3.1, 13, 7.925],
			"to": [4.1, 17.5, 8],
			"rotation": {"angle": -45, "axis": "z", "origin": [3.6, 17.5, 8]},
			"faces": {
				"north": {"uv": [2, 2, 2.125, 2.5625], "texture": "#0"},
				"east": {"uv": [2.125, 2, 2.13438, 2.5625], "texture": "#0"},
				"south": {"uv": [2.25, 2, 2.375, 2.5625], "texture": "#0"},
				"west": {"uv": [2.375, 2, 2.38438, 2.5625], "texture": "#0"},
				"up": {"uv": [2.875, 2.00938, 2.75, 2], "texture": "#0"},
				"down": {"uv": [2.875, 2.125, 2.75, 2.13438], "texture": "#0"}
			}
		},
		{
			"from": [6.1, 13, 7.925],
			"to": [7.1, 17.5, 8],
			"rotation": {"angle": -45, "axis": "z", "origin": [6.6, 17.5, 8]},
			"faces": {
				"north": {"uv": [2, 2, 2.125, 2.5625], "texture": "#0"},
				"east": {"uv": [2.125, 2, 2.13438, 2.5625], "texture": "#0"},
				"south": {"uv": [2.25, 2, 2.375, 2.5625], "texture": "#0"},
				"west": {"uv": [2.375, 2, 2.38438, 2.5625], "texture": "#0"},
				"up": {"uv": [2.875, 2.00938, 2.75, 2], "texture": "#0"},
				"down": {"uv": [2.875, 2.125, 2.75, 2.13438], "texture": "#0"}
			}
		},
		{
			"from": [9.1, 13, 7.925],
			"to": [10.1, 17.5, 8],
			"rotation": {"angle": -45, "axis": "z", "origin": [9.6, 17.5, 8]},
			"faces": {
				"north": {"uv": [2, 2, 2.125, 2.5625], "texture": "#0"},
				"east": {"uv": [2.125, 2, 2.13438, 2.5625], "texture": "#0"},
				"south": {"uv": [2.25, 2, 2.375, 2.5625], "texture": "#0"},
				"west": {"uv": [2.375, 2, 2.38438, 2.5625], "texture": "#0"},
				"up": {"uv": [2.875, 2.00938, 2.75, 2], "texture": "#0"},
				"down": {"uv": [2.875, 2.125, 2.75, 2.13438], "texture": "#0"}
			}
		},
		{
			"from": [12.1, 13, 7.925],
			"to": [13.1, 17.5, 8],
			"rotation": {"angle": -45, "axis": "z", "origin": [12.6, 17.5, 8]},
			"faces": {
				"north": {"uv": [2, 2, 2.125, 2.5625], "texture": "#0"},
				"east": {"uv": [2.125, 2, 2.13438, 2.5625], "texture": "#0"},
				"south": {"uv": [2.25, 2, 2.375, 2.5625], "texture": "#0"},
				"west": {"uv": [2.375, 2, 2.38438, 2.5625], "texture": "#0"},
				"up": {"uv": [2.875, 2.00938, 2.75, 2], "texture": "#0"},
				"down": {"uv": [2.875, 2.125, 2.75, 2.13438], "texture": "#0"}
			}
		},
		{
			"from": [15.1, 13, 7.925],
			"to": [16.1, 17.5, 8],
			"rotation": {"angle": -45, "axis": "z", "origin": [15.6, 17.5, 8]},
			"faces": {
				"north": {"uv": [2, 2, 2.125, 2.5625], "texture": "#0"},
				"east": {"uv": [2.125, 2, 2.13438, 2.5625], "texture": "#0"},
				"south": {"uv": [2.25, 2, 2.375, 2.5625], "texture": "#0"},
				"west": {"uv": [2.375, 2, 2.38438, 2.5625], "texture": "#0"},
				"up": {"uv": [2.875, 2.00938, 2.75, 2], "texture": "#0"},
				"down": {"uv": [2.875, 2.125, 2.75, 2.13438], "texture": "#0"}
			}
		},
		{
			"from": [-0.1, 13, 7.9375],
			"to": [0.9, 17.5, 7.9875],
			"rotation": {"angle": 45, "axis": "z", "origin": [0.4, 17.5, 8]},
			"faces": {
				"north": {"uv": [2.5, 2, 2.625, 2.5625], "texture": "#0"},
				"east": {"uv": [2, 2.625, 2.00625, 3.1875], "texture": "#0"},
				"south": {"uv": [2.625, 2, 2.75, 2.5625], "texture": "#0"},
				"west": {"uv": [2.125, 2.625, 2.13125, 3.1875], "texture": "#0"},
				"up": {"uv": [2.375, 2.75625, 2.25, 2.75], "texture": "#0"},
				"down": {"uv": [2.875, 2.25, 2.75, 2.25625], "texture": "#0"}
			}
		},
		{
			"from": [2.9, 13, 7.9375],
			"to": [3.9, 17.5, 7.9875],
			"rotation": {"angle": 45, "axis": "z", "origin": [3.4, 17.5, 8]},
			"faces": {
				"north": {"uv": [2.5, 2, 2.625, 2.5625], "texture": "#0"},
				"east": {"uv": [2, 2.625, 2.00625, 3.1875], "texture": "#0"},
				"south": {"uv": [2.625, 2, 2.75, 2.5625], "texture": "#0"},
				"west": {"uv": [2.125, 2.625, 2.13125, 3.1875], "texture": "#0"},
				"up": {"uv": [2.375, 2.75625, 2.25, 2.75], "texture": "#0"},
				"down": {"uv": [2.875, 2.25, 2.75, 2.25625], "texture": "#0"}
			}
		},
		{
			"from": [5.9, 13, 7.9375],
			"to": [6.9, 17.5, 7.9875],
			"rotation": {"angle": 45, "axis": "z", "origin": [6.4, 17.5, 8]},
			"faces": {
				"north": {"uv": [0, 0, 0.125, 0.5625], "texture": "#0"},
				"east": {"uv": [0.125, 0, 0.13125, 0.5625], "texture": "#0"},
				"south": {"uv": [0.25, 0, 0.375, 0.5625], "texture": "#0"},
				"west": {"uv": [0.375, 0, 0.38125, 0.5625], "texture": "#0"},
				"up": {"uv": [0.625, 0.00625, 0.5, 0], "texture": "#0"},
				"down": {"uv": [0.625, 0.125, 0.5, 0.13125], "texture": "#0"}
			}
		},
		{
			"from": [8.9, 13, 7.9375],
			"to": [9.9, 17.5, 7.9875],
			"rotation": {"angle": 45, "axis": "z", "origin": [9.4, 17.5, 8]},
			"faces": {
				"north": {"uv": [2.5, 2, 2.625, 2.5625], "texture": "#0"},
				"east": {"uv": [2, 2.625, 2.00625, 3.1875], "texture": "#0"},
				"south": {"uv": [2.625, 2, 2.75, 2.5625], "texture": "#0"},
				"west": {"uv": [2.125, 2.625, 2.13125, 3.1875], "texture": "#0"},
				"up": {"uv": [2.375, 2.75625, 2.25, 2.75], "texture": "#0"},
				"down": {"uv": [2.875, 2.25, 2.75, 2.25625], "texture": "#0"}
			}
		},
		{
			"from": [11.9, 13, 7.9375],
			"to": [12.9, 17.5, 7.9875],
			"rotation": {"angle": 45, "axis": "z", "origin": [12.4, 17.5, 8]},
			"faces": {
				"north": {"uv": [2.5, 2, 2.625, 2.5625], "texture": "#0"},
				"east": {"uv": [2, 2.625, 2.00625, 3.1875], "texture": "#0"},
				"south": {"uv": [2.625, 2, 2.75, 2.5625], "texture": "#0"},
				"west": {"uv": [2.125, 2.625, 2.13125, 3.1875], "texture": "#0"},
				"up": {"uv": [2.375, 2.75625, 2.25, 2.75], "texture": "#0"},
				"down": {"uv": [2.875, 2.25, 2.75, 2.25625], "texture": "#0"}
			}
		},
		{
			"from": [-0.1, 15.75, 7.9375],
			"to": [0.9, 20.25, 7.9875],
			"rotation": {"angle": 45, "axis": "z", "origin": [0.4, 20.25, 8]},
			"faces": {
				"north": {"uv": [2.5, 2, 2.625, 2.5625], "texture": "#0"},
				"east": {"uv": [2, 2.625, 2.00625, 3.1875], "texture": "#0"},
				"south": {"uv": [2.625, 2, 2.75, 2.5625], "texture": "#0"},
				"west": {"uv": [2.125, 2.625, 2.13125, 3.1875], "texture": "#0"},
				"up": {"uv": [2.375, 2.75625, 2.25, 2.75], "texture": "#0"},
				"down": {"uv": [2.875, 2.25, 2.75, 2.25625], "texture": "#0"}
			}
		},
		{
			"from": [2.9, 15.75, 7.9375],
			"to": [3.9, 20.25, 7.9875],
			"rotation": {"angle": 45, "axis": "z", "origin": [3.4, 20.25, 8]},
			"faces": {
				"north": {"uv": [2.5, 2, 2.625, 2.5625], "texture": "#0"},
				"east": {"uv": [2, 2.625, 2.00625, 3.1875], "texture": "#0"},
				"south": {"uv": [2.625, 2, 2.75, 2.5625], "texture": "#0"},
				"west": {"uv": [2.125, 2.625, 2.13125, 3.1875], "texture": "#0"},
				"up": {"uv": [2.375, 2.75625, 2.25, 2.75], "texture": "#0"},
				"down": {"uv": [2.875, 2.25, 2.75, 2.25625], "texture": "#0"}
			}
		},
		{
			"from": [5.9, 15.75, 7.9375],
			"to": [6.9, 20.25, 7.9875],
			"rotation": {"angle": 45, "axis": "z", "origin": [6.4, 20.25, 8]},
			"faces": {
				"north": {"uv": [2.5, 2, 2.625, 2.5625], "texture": "#0"},
				"east": {"uv": [2, 2.625, 2.00625, 3.1875], "texture": "#0"},
				"south": {"uv": [2.625, 2, 2.75, 2.5625], "texture": "#0"},
				"west": {"uv": [2.125, 2.625, 2.13125, 3.1875], "texture": "#0"},
				"up": {"uv": [2.375, 2.75625, 2.25, 2.75], "texture": "#0"},
				"down": {"uv": [2.875, 2.25, 2.75, 2.25625], "texture": "#0"}
			}
		},
		{
			"from": [8.9, 15.75, 7.9375],
			"to": [9.9, 20.25, 7.9875],
			"rotation": {"angle": 45, "axis": "z", "origin": [9.4, 20.25, 8]},
			"faces": {
				"north": {"uv": [2.5, 2, 2.625, 2.5625], "texture": "#0"},
				"east": {"uv": [2, 2.625, 2.00625, 3.1875], "texture": "#0"},
				"south": {"uv": [2.625, 2, 2.75, 2.5625], "texture": "#0"},
				"west": {"uv": [2.125, 2.625, 2.13125, 3.1875], "texture": "#0"},
				"up": {"uv": [2.375, 2.75625, 2.25, 2.75], "texture": "#0"},
				"down": {"uv": [2.875, 2.25, 2.75, 2.25625], "texture": "#0"}
			}
		},
		{
			"from": [11.9, 15.75, 7.9375],
			"to": [12.9, 20.25, 7.9875],
			"rotation": {"angle": 45, "axis": "z", "origin": [12.4, 20.25, 8]},
			"faces": {
				"north": {"uv": [2.5, 2, 2.625, 2.5625], "texture": "#0"},
				"east": {"uv": [2, 2.625, 2.00625, 3.1875], "texture": "#0"},
				"south": {"uv": [2.625, 2, 2.75, 2.5625], "texture": "#0"},
				"west": {"uv": [2.125, 2.625, 2.13125, 3.1875], "texture": "#0"},
				"up": {"uv": [2.375, 2.75625, 2.25, 2.75], "texture": "#0"},
				"down": {"uv": [2.875, 2.25, 2.75, 2.25625], "texture": "#0"}
			}
		},
		{
			"from": [11.9, 18.5, 7.9375],
			"to": [12.9, 23, 7.9875],
			"rotation": {"angle": 45, "axis": "z", "origin": [12.4, 23, 8]},
			"faces": {
				"north": {"uv": [2.5, 2, 2.625, 2.5625], "texture": "#0"},
				"east": {"uv": [2, 2.625, 2.00625, 3.1875], "texture": "#0"},
				"south": {"uv": [2.625, 2, 2.75, 2.5625], "texture": "#0"},
				"west": {"uv": [2.125, 2.625, 2.13125, 3.1875], "texture": "#0"},
				"up": {"uv": [2.375, 2.75625, 2.25, 2.75], "texture": "#0"},
				"down": {"uv": [2.875, 2.25, 2.75, 2.25625], "texture": "#0"}
			}
		},
		{
			"from": [8.9, 18.5, 7.9375],
			"to": [9.9, 23, 7.9875],
			"rotation": {"angle": 45, "axis": "z", "origin": [9.4, 23, 8]},
			"faces": {
				"north": {"uv": [2.5, 2, 2.625, 2.5625], "texture": "#0"},
				"east": {"uv": [2, 2.625, 2.00625, 3.1875], "texture": "#0"},
				"south": {"uv": [2.625, 2, 2.75, 2.5625], "texture": "#0"},
				"west": {"uv": [2.125, 2.625, 2.13125, 3.1875], "texture": "#0"},
				"up": {"uv": [2.375, 2.75625, 2.25, 2.75], "texture": "#0"},
				"down": {"uv": [2.875, 2.25, 2.75, 2.25625], "texture": "#0"}
			}
		},
		{
			"from": [5.9, 18.5, 7.9375],
			"to": [6.9, 23, 7.9875],
			"rotation": {"angle": 45, "axis": "z", "origin": [6.4, 23, 8]},
			"faces": {
				"north": {"uv": [2.5, 2, 2.625, 2.5625], "texture": "#0"},
				"east": {"uv": [2, 2.625, 2.00625, 3.1875], "texture": "#0"},
				"south": {"uv": [2.625, 2, 2.75, 2.5625], "texture": "#0"},
				"west": {"uv": [2.125, 2.625, 2.13125, 3.1875], "texture": "#0"},
				"up": {"uv": [2.375, 2.75625, 2.25, 2.75], "texture": "#0"},
				"down": {"uv": [2.875, 2.25, 2.75, 2.25625], "texture": "#0"}
			}
		},
		{
			"from": [2.9, 18.5, 7.9375],
			"to": [3.9, 23, 7.9875],
			"rotation": {"angle": 45, "axis": "z", "origin": [3.4, 23, 8]},
			"faces": {
				"north": {"uv": [2.5, 2, 2.625, 2.5625], "texture": "#0"},
				"east": {"uv": [2, 2.625, 2.00625, 3.1875], "texture": "#0"},
				"south": {"uv": [2.625, 2, 2.75, 2.5625], "texture": "#0"},
				"west": {"uv": [2.125, 2.625, 2.13125, 3.1875], "texture": "#0"},
				"up": {"uv": [2.375, 2.75625, 2.25, 2.75], "texture": "#0"},
				"down": {"uv": [2.875, 2.25, 2.75, 2.25625], "texture": "#0"}
			}
		},
		{
			"from": [-0.1, 18.5, 7.9375],
			"to": [0.9, 23, 7.9875],
			"rotation": {"angle": 45, "axis": "z", "origin": [0.4, 23, 8]},
			"faces": {
				"north": {"uv": [2.5, 2, 2.625, 2.5625], "texture": "#0"},
				"east": {"uv": [2, 2.625, 2.00625, 3.1875], "texture": "#0"},
				"south": {"uv": [2.625, 2, 2.75, 2.5625], "texture": "#0"},
				"west": {"uv": [2.125, 2.625, 2.13125, 3.1875], "texture": "#0"},
				"up": {"uv": [2.375, 2.75625, 2.25, 2.75], "texture": "#0"},
				"down": {"uv": [2.875, 2.25, 2.75, 2.25625], "texture": "#0"}
			}
		},
		{
			"from": [3, -7, 7.9],
			"to": [4, 23, 8.1],
			"rotation": {"angle": 0, "axis": "y", "origin": [2.55, -8, 7]},
			"faces": {
				"north": {"uv": [1.25, 1.25, 1.375, 5], "texture": "#0"},
				"east": {"uv": [1, 1.375, 1.025, 5.125], "texture": "#0"},
				"south": {"uv": [1.375, 1, 1.5, 4.75], "texture": "#0"},
				"west": {"uv": [1.125, 1.375, 1.15, 5.125], "texture": "#0"},
				"up": {"uv": [2.375, 2.65, 2.25, 2.625], "texture": "#0"},
				"down": {"uv": [2.5, 2.625, 2.375, 2.65], "texture": "#0"}
			}
		},
		{
			"from": [0, -7, 7.9],
			"to": [1, 23, 8.1],
			"rotation": {"angle": 0, "axis": "y", "origin": [-0.45, -8, 7]},
			"faces": {
				"north": {"uv": [1.25, 1.25, 1.375, 5], "texture": "#0"},
				"east": {"uv": [1, 1.375, 1.025, 5.125], "texture": "#0"},
				"south": {"uv": [1.375, 1, 1.5, 4.75], "texture": "#0"},
				"west": {"uv": [1.125, 1.375, 1.15, 5.125], "texture": "#0"},
				"up": {"uv": [2.375, 2.65, 2.25, 2.625], "texture": "#0"},
				"down": {"uv": [2.5, 2.625, 2.375, 2.65], "texture": "#0"}
			}
		},
		{
			"from": [-0.5, 23, 7.5],
			"to": [16.5, 24, 8.5],
			"rotation": {"angle": 0, "axis": "y", "origin": [14, -8, 7]},
			"faces": {
				"north": {"uv": [2, 1, 4.125, 1.125], "texture": "#0"},
				"east": {"uv": [2.375, 2.75, 2.5, 2.875], "texture": "#0"},
				"south": {"uv": [2, 1.125, 4.125, 1.25], "texture": "#0"},
				"west": {"uv": [2.75, 2.375, 2.875, 2.5], "texture": "#0"},
				"up": {"uv": [4.125, 1.375, 2, 1.25], "texture": "#0"},
				"down": {"uv": [4.125, 1.375, 2, 1.5], "texture": "#0"}
			}
		},
		{
			"from": [-0.5, -8, 7.5],
			"to": [16.5, -7, 8.5],
			"rotation": {"angle": 0, "axis": "y", "origin": [14, -38, 7]},
			"faces": {
				"north": {"uv": [2, 1.5, 4.125, 1.625], "texture": "#0"},
				"east": {"uv": [2.5, 2.75, 2.625, 2.875], "texture": "#0"},
				"south": {"uv": [2, 1.625, 4.125, 1.75], "texture": "#0"},
				"west": {"uv": [2.75, 2.5, 2.875, 2.625], "texture": "#0"},
				"up": {"uv": [4.125, 1.875, 2, 1.75], "texture": "#0"},
				"down": {"uv": [4.125, 1.875, 2, 2], "texture": "#0"}
			}
		}
	],
	"display": {},
	"groups": [
		{
			"name": "root",
			"origin": [8, 8, 8],
			"color": 0,
			"children": [
				0,
				1,
				2,
				3,
				4,
				5,
				6,
				7,
				8,
				9,
				10,
				11,
				12,
				13,
				14,
				15,
				16,
				17,
				18,
				19,
				20,
				21,
				22,
				23,
				24,
				25,
				26,
				27,
				28,
				29,
				30,
				31,
				32,
				33,
				34,
				35,
				36,
				37,
				38,
				39,
				40,
				41,
				42,
				43,
				44,
				45,
				46,
				47,
				48,
				49,
				50,
				51,
				52,
				53,
				54,
				55,
				56,
				57,
				58,
				59,
				60,
				61,
				62,
				63,
				64,
				65,
				66,
				67
			]
		}
	]
}