{
	"credit": "Made with Blockbench",
	"texture_size": [32, 32],
	"textures": {
		"0": "block/stripped_spruce_log",
		"1": "item/doors/decor/elevator_level",
		"particle": "block/stripped_spruce_log"
	},
	"elements": [
		{
			"from": [1, 5, 7.5],
			"to": [15, 8, 8.5],
			"rotation": {"angle": 0, "axis": "y", "origin": [0, 4, 7]},
			"faces": {
				"north": {"uv": [0, 0, 7, 1.5], "texture": "#1"},
				"east": {"uv": [5, 6.5, 5.5, 8], "texture": "#1"},
				"south": {"uv": [0, 1.5, 14, 4.5], "texture": "#0"},
				"west": {"uv": [5.5, 6.5, 6, 8], "texture": "#1"},
				"up": {"uv": [7, 5.5, 0, 5], "texture": "#1"},
				"down": {"uv": [7, 5.5, 0, 6], "texture": "#1"}
			}
		},
		{
			"from": [4, 8, 7.5],
			"to": [12, 11.5, 8.5],
			"rotation": {"angle": 0, "axis": "y", "origin": [0, 8, 7]},
			"faces": {
				"north": {"uv": [0, 3, 4, 5], "texture": "#1"},
				"east": {"uv": [0, 6.5, 0.5, 8.5], "texture": "#1"},
				"south": {"uv": [4, 3, 12, 6.5], "texture": "#0"},
				"west": {"uv": [0.5, 6.5, 1, 8.5], "texture": "#1"},
				"up": {"uv": [4, 6.5, 0, 6], "texture": "#1"},
				"down": {"uv": [8, 6, 4, 6.5], "texture": "#1"}
			}
		},
		{
			"from": [3, 8, 7.5],
			"to": [4, 10.5, 8.5],
			"rotation": {"angle": 0, "axis": "y", "origin": [-8, 8, 7]},
			"faces": {
				"north": {"uv": [6, 6.5, 6.5, 8], "texture": "#1"},
				"east": {"uv": [6.5, 6.5, 7, 8], "texture": "#1"},
				"south": {"uv": [7, 0, 8, 2.5], "texture": "#0"},
				"west": {"uv": [7, 1.5, 7.5, 3], "texture": "#1"},
				"up": {"uv": [8.5, 4.5, 8, 4], "texture": "#1"},
				"down": {"uv": [5, 8, 4.5, 8.5], "texture": "#1"}
			}
		},
		{
			"from": [2, 8, 7.5],
			"to": [3, 9.5, 8.5],
			"rotation": {"angle": 0, "axis": "y", "origin": [-9, 8, 7]},
			"faces": {
				"north": {"uv": [7.5, 2, 8, 3], "texture": "#1"},
				"east": {"uv": [7.5, 5, 8, 6], "texture": "#1"},
				"south": {"uv": [7.5, 6.5, 8.5, 8], "texture": "#0"},
				"west": {"uv": [7, 7.5, 7.5, 8.5], "texture": "#1"},
				"up": {"uv": [8.5, 5, 8, 4.5], "texture": "#1"},
				"down": {"uv": [5.5, 8, 5, 8.5], "texture": "#1"}
			}
		},
		{
			"from": [1, 8, 7.5],
			"to": [2, 8.5, 8.5],
			"rotation": {"angle": 0, "axis": "y", "origin": [-10, 8, 7]},
			"faces": {
				"north": {"uv": [8, 5, 8.5, 5.5], "texture": "#1"},
				"east": {"uv": [5.5, 8, 6, 8.5], "texture": "#1"},
				"south": {"uv": [8, 5.5, 9, 6], "texture": "#0"},
				"west": {"uv": [6, 8, 6.5, 8.5], "texture": "#1"},
				"up": {"uv": [8.5, 6.5, 8, 6], "texture": "#1"},
				"down": {"uv": [7, 8, 6.5, 8.5], "texture": "#1"}
			}
		},
		{
			"from": [12, 8, 7.5],
			"to": [13, 10.5, 8.5],
			"rotation": {"angle": 0, "axis": "y", "origin": [24, 8, 7]},
			"faces": {
				"north": {"uv": [3, 6.5, 3.5, 8], "texture": "#1"},
				"east": {"uv": [3.5, 6.5, 4, 8], "texture": "#1"},
				"south": {"uv": [4, 6.5, 5, 9], "texture": "#0"},
				"west": {"uv": [4.5, 6.5, 5, 8], "texture": "#1"},
				"up": {"uv": [8, 8, 7.5, 7.5], "texture": "#1"},
				"down": {"uv": [8.5, 0, 8, 0.5], "texture": "#1"}
			}
		},
		{
			"from": [13, 8, 7.5],
			"to": [14, 9.5, 8.5],
			"rotation": {"angle": 0, "axis": "y", "origin": [25, 8, 7]},
			"faces": {
				"north": {"uv": [7, 5, 7.5, 6], "texture": "#1"},
				"east": {"uv": [7, 6.5, 7.5, 7.5], "texture": "#1"},
				"south": {"uv": [7.5, 0, 8.5, 1.5], "texture": "#0"},
				"west": {"uv": [7.5, 1, 8, 2], "texture": "#1"},
				"up": {"uv": [8.5, 1, 8, 0.5], "texture": "#1"},
				"down": {"uv": [8.5, 1, 8, 1.5], "texture": "#1"}
			}
		},
		{
			"from": [14, 8, 7.5],
			"to": [15, 8.5, 8.5],
			"rotation": {"angle": 0, "axis": "y", "origin": [26, 8, 7]},
			"faces": {
				"north": {"uv": [8, 1.5, 8.5, 2], "texture": "#1"},
				"east": {"uv": [8, 2, 8.5, 2.5], "texture": "#1"},
				"south": {"uv": [8, 2.5, 9, 3], "texture": "#0"},
				"west": {"uv": [3, 8, 3.5, 8.5], "texture": "#1"},
				"up": {"uv": [8.5, 3.5, 8, 3], "texture": "#1"},
				"down": {"uv": [4, 8, 3.5, 8.5], "texture": "#1"}
			}
		},
		{
			"from": [15.25, 7.25, 6.975],
			"to": [16.25, 13.25, 8.975],
			"rotation": {"angle": 45, "axis": "z", "origin": [15.25, 7.25, 6.975]},
			"faces": {
				"north": {"uv": [0, 8.5, 1, 14.5], "texture": "#0"},
				"east": {"uv": [4, 7, 6, 13], "texture": "#0"},
				"south": {"uv": [0.5, 8.5, 1.5, 14.5], "texture": "#0"},
				"west": {"uv": [5, 7, 7, 13], "texture": "#0"},
				"up": {"uv": [10, 12.5, 9, 10.5], "texture": "#0"},
				"down": {"uv": [10.5, 10.5, 9.5, 12.5], "texture": "#0"}
			}
		},
		{
			"from": [4.25, 11.2, 6.95],
			"to": [11.75, 12.2, 9],
			"rotation": {"angle": 0, "axis": "z", "origin": [10.25, 6.2, 6.975]},
			"faces": {
				"north": {"uv": [8, 3.5, 15.5, 4.5], "texture": "#0"},
				"east": {"uv": [10.5, 9.5, 12.55, 10.5], "texture": "#0"},
				"south": {"uv": [8, 4, 15.5, 5], "texture": "#0"},
				"west": {"uv": [10, 10.5, 12.05, 11.5], "texture": "#0"},
				"up": {"uv": [7.5, 9.05, 0, 7], "texture": "#0"},
				"down": {"uv": [14.5, 0, 7, 2.05], "texture": "#0"}
			}
		},
		{
			"from": [0, 4, 6.975],
			"to": [16, 5, 8.975],
			"rotation": {"angle": 0, "axis": "z", "origin": [10.25, -0.8, 7]},
			"faces": {
				"north": {"uv": [0, 1, 16, 2], "texture": "#0"},
				"east": {"uv": [10.5, 10, 12.5, 11], "texture": "#0"},
				"south": {"uv": [0, 1.5, 16, 2.5], "texture": "#0"},
				"west": {"uv": [11, 0, 13, 1], "texture": "#0"},
				"up": {"uv": [16, 7, 0, 5], "texture": "#0"},
				"down": {"uv": [16, 6, 0, 8], "texture": "#0"}
			}
		},
		{
			"from": [7.25, 5, 6.975],
			"to": [8.75, 6, 7.475],
			"rotation": {"angle": 0, "axis": "z", "origin": [10.25, 0.2, 7]},
			"faces": {
				"north": {"uv": [11, 0.5, 12, 1], "texture": "#0"},
				"east": {"uv": [11, 4.5, 12, 5], "texture": "#0"},
				"south": {"uv": [11, 5, 12, 5.5], "texture": "#0"},
				"west": {"uv": [11, 5.5, 12, 6], "texture": "#0"},
				"up": {"uv": [10.5, 9.5, 9.5, 8.5], "texture": "#0"},
				"down": {"uv": [10.5, 9.5, 9.5, 10.5], "texture": "#0"}
			}
		},
		{
			"from": [7.75, 6, 6.975],
			"to": [8.25, 10, 7.475],
			"rotation": {"angle": 0, "axis": "z", "origin": [10.25, 1.2, 7]},
			"faces": {
				"north": {"uv": [1, 6.5, 1.5, 8.5], "texture": "#1"},
				"east": {"uv": [1.5, 6.5, 2, 8.5], "texture": "#1"},
				"south": {"uv": [2, 6.5, 2.5, 8.5], "texture": "#1"},
				"west": {"uv": [2.5, 6.5, 3, 8.5], "texture": "#1"},
				"up": {"uv": [8.5, 4, 8, 3.5], "texture": "#1"},
				"down": {"uv": [4.5, 8, 4, 8.5], "texture": "#1"}
			}
		},
		{
			"from": [15, 5, 6.95],
			"to": [16, 8, 9],
			"rotation": {"angle": 0, "axis": "z", "origin": [10.25, 2.2, 7]},
			"faces": {
				"north": {"uv": [10, 6, 11, 9], "texture": "#0"},
				"east": {"uv": [1, 8.5, 3.05, 11.5], "texture": "#0"},
				"south": {"uv": [6.5, 10, 7.5, 13], "texture": "#0"},
				"west": {"uv": [2, 8.5, 4.05, 11.5], "texture": "#0"},
				"up": {"uv": [9, 13.05, 8, 11], "texture": "#0"},
				"down": {"uv": [12, 8, 11, 10.05], "texture": "#0"}
			}
		},
		{
			"from": [0, 5, 6.95],
			"to": [1, 8, 9],
			"rotation": {"angle": 0, "axis": "z", "origin": [-4.75, 2.2, 7.05]},
			"faces": {
				"north": {"uv": [7, 10, 8, 13], "texture": "#0"},
				"east": {"uv": [3, 8.5, 5.05, 11.5], "texture": "#0"},
				"south": {"uv": [7.5, 10, 8.5, 13], "texture": "#0"},
				"west": {"uv": [8, 8.5, 10.05, 11.5], "texture": "#0"},
				"up": {"uv": [9.5, 13.05, 8.5, 11], "texture": "#0"},
				"down": {"uv": [11, 11, 10, 13.05], "texture": "#0"}
			}
		},
		{
			"from": [-0.25, 7.25, 6.975],
			"to": [0.75, 13.25, 8.975],
			"rotation": {"angle": -45, "axis": "z", "origin": [0.75, 7.25, 6.975]},
			"faces": {
				"north": {"uv": [9, 4.5, 10, 10.5], "texture": "#0"},
				"east": {"uv": [6, 7, 8, 13], "texture": "#0"},
				"south": {"uv": [9, 7.5, 10, 13.5], "texture": "#0"},
				"west": {"uv": [7, 7, 9, 13], "texture": "#0"},
				"up": {"uv": [11.5, 13, 10.5, 11], "texture": "#0"},
				"down": {"uv": [12, 10.5, 11, 12.5], "texture": "#0"}
			}
		}
	],
	"groups": [
		{
			"name": "root",
			"origin": [8, 8, 8],
			"color": 0,
			"children": [0, 1, 2, 3, 4, 5, 6, 7, 8, 9, 10, 11, 12, 13, 14, 15]
		}
	]
}