{
	"credit": "Made with Blockbench",
	"textures": {
		"0": "block/stripped_spruce_log",
		"1": "item/doors/decor/elevator_buttons",
		"particle": "block/stripped_spruce_log"
	},
	"elements": [
		{
			"from": [5, 1, 7],
			"to": [11, 12, 9],
			"rotation": {"angle": 0, "axis": "y", "origin": [7, 0, 7]},
			"faces": {
				"north": {"uv": [0, 0, 6, 13], "texture": "#0"},
				"east": {"uv": [0, 0, 2, 13], "texture": "#0"},
				"south": {"uv": [0, 0, 6, 13], "texture": "#0"},
				"west": {"uv": [0, 0, 2, 13], "texture": "#0"},
				"up": {"uv": [0, 0, 6, 2], "texture": "#0"},
				"down": {"uv": [0, 0, 6, 2], "texture": "#0"}
			}
		},
		{
			"from": [6, 12, 7],
			"to": [10, 13, 9],
			"rotation": {"angle": 0, "axis": "y", "origin": [7, 11, 7]},
			"faces": {
				"north": {"uv": [0, 0, 4, 1], "texture": "#0"},
				"east": {"uv": [0, 0, 2, 1], "texture": "#0"},
				"south": {"uv": [0, 0, 4, 1], "texture": "#0"},
				"west": {"uv": [0, 0, 2, 1], "texture": "#0"},
				"up": {"uv": [0, 0, 4, 2], "texture": "#0"},
				"down": {"uv": [0, 0, 4, 2], "texture": "#0"}
			}
		},
		{
			"from": [10.15, 11.6, 7.025],
			"to": [11.15, 13.1, 8.975],
			"rotation": {"angle": 45, "axis": "z", "origin": [10.65, 11.6, 8]},
			"faces": {
				"north": {"uv": [0, 0, 1, 1.5], "texture": "#0"},
				"east": {"uv": [0, 0, 1.95, 1.5], "texture": "#0"},
				"south": {"uv": [0, 0, 1, 1.5], "texture": "#0"},
				"west": {"uv": [0, 0, 1.95, 1.5], "texture": "#0"},
				"up": {"uv": [0, 0, 1, 1.95], "texture": "#0"},
				"down": {"uv": [0, 0, 1, 1.95], "texture": "#0"}
			}
		},
		{
			"from": [4.85, 11.6, 7.025],
			"to": [5.85, 13.1, 8.975],
			"rotation": {"angle": -45, "axis": "z", "origin": [5.35, 11.6, 8]},
			"faces": {
				"north": {"uv": [1, 0, 0, 1.5], "texture": "#0"},
				"east": {"uv": [1.95, 0, 0, 1.5], "texture": "#0"},
				"south": {"uv": [1, 0, 0, 1.5], "texture": "#0"},
				"west": {"uv": [1.95, 0, 0, 1.5], "texture": "#0"},
				"up": {"uv": [1, 0, 0, 1.95], "texture": "#0"},
				"down": {"uv": [1, 0, 0, 1.95], "texture": "#0"}
			}
		},
		{
			"from": [4.85, -0.1, 7.025],
			"to": [5.85, 1.4, 8.975],
			"rotation": {"angle": 45, "axis": "z", "origin": [5.35, 1.4, 8]},
			"faces": {
				"north": {"uv": [1, 1.5, 0, 0], "texture": "#0"},
				"east": {"uv": [1.95, 1.5, 0, 0], "texture": "#0"},
				"south": {"uv": [1, 1.5, 0, 0], "texture": "#0"},
				"west": {"uv": [1.95, 1.5, 0, 0], "texture": "#0"},
				"up": {"uv": [1, 1.95, 0, 0], "texture": "#0"},
				"down": {"uv": [1, 1.95, 0, 0], "texture": "#0"}
			}
		},
		{
			"from": [10.15, -0.1, 7.025],
			"to": [11.15, 1.4, 8.975],
			"rotation": {"angle": -45, "axis": "z", "origin": [10.65, 1.4, 8]},
			"faces": {
				"north": {"uv": [0, 1.5, 1, 0], "texture": "#0"},
				"east": {"uv": [0, 1.5, 1.95, 0], "texture": "#0"},
				"south": {"uv": [0, 1.5, 1, 0], "texture": "#0"},
				"west": {"uv": [0, 1.5, 1.95, 0], "texture": "#0"},
				"up": {"uv": [0, 1.95, 1, 0], "texture": "#0"},
				"down": {"uv": [0, 1.95, 1, 0], "texture": "#0"}
			}
		},
		{
			"from": [6, 0, 7],
			"to": [10, 1, 9],
			"rotation": {"angle": 0, "axis": "y", "origin": [7, -1, 7]},
			"faces": {
				"north": {"uv": [0, 0, 4, 1], "texture": "#0"},
				"east": {"uv": [0, 0, 2, 1], "texture": "#0"},
				"south": {"uv": [0, 0, 4, 1], "texture": "#0"},
				"west": {"uv": [0, 0, 2, 1], "texture": "#0"},
				"up": {"uv": [0, 0, 4, 2], "texture": "#0"},
				"down": {"uv": [0, 0, 4, 2], "texture": "#0"}
			}
		},
		{
			"from": [7, 2, 6.5],
			"to": [9, 4, 7],
			"rotation": {"angle": 0, "axis": "y", "origin": [7, 2, 5]},
			"faces": {
				"north": {"uv": [2, 0, 4, 2], "texture": "#1"},
				"east": {"uv": [3, 4, 4, 6], "texture": "#1"},
				"south": {"uv": [2, 2, 4, 4], "texture": "#1"},
				"west": {"uv": [4, 3, 5, 5], "texture": "#1"},
				"up": {"uv": [7, 1, 5, 0], "texture": "#1"},
				"down": {"uv": [3, 5, 1, 6], "texture": "#1"}
			}
		},
		{
			"from": [7, 9, 6.5],
			"to": [9, 11, 7],
			"rotation": {"angle": 0, "axis": "y", "origin": [7, 9, 5]},
			"faces": {
				"north": {"uv": [0, 0, 2, 2], "texture": "#1"},
				"east": {"uv": [0, 4, 1, 6], "texture": "#1"},
				"south": {"uv": [0, 2, 2, 4], "texture": "#1"},
				"west": {"uv": [4, 0, 5, 2], "texture": "#1"},
				"up": {"uv": [3, 5, 1, 4], "texture": "#1"},
				"down": {"uv": [6, 2, 4, 3], "texture": "#1"}
			}
		}
	],
	"groups": [
		{
			"name": "root",
			"origin": [8, 8, 8],
			"color": 0,
			"children": [0, 1, 2, 3, 4, 5, 6, 7, 8]
		}
	]
}