{
	"credit": "Made with Blockbench",
	"texture_size": [128, 128],
	"textures": {
		"0": "item/doors/decor/elevator_door",
		"particle": "item/doors/decor/elevator_door"
	},
	"elements": [
		{
			"from": [0, -8, 7.75],
			"to": [16, 24, 8.25],
			"rotation": {"angle": 0, "axis": "y", "origin": [0, -8, 7.5]},
			"faces": {
				"north": {"uv": [0, 0, 2, 4], "texture": "#0"},
				"east": {"uv": [1.75, 4.5, 1.8125, 8.5], "texture": "#0"},
				"south": {"uv": [2, 0, 4, 4], "texture": "#0"},
				"west": {"uv": [1.875, 4.5, 1.9375, 8.5], "texture": "#0"},
				"up": {"uv": [5, 5.0625, 3, 5], "texture": "#0"},
				"down": {"uv": [7, 4, 5, 4.0625], "texture": "#0"}
			}
		},
		{
			"from": [14.5, -8, 7.25],
			"to": [16, 24, 7.75],
			"rotation": {"angle": 0, "axis": "y", "origin": [0, -8, 7.25]},
			"faces": {
				"north": {"uv": [0, 4, 0.25, 8], "texture": "#0"},
				"east": {"uv": [2, 4.5, 2.125, 8.5], "texture": "#0"},
				"south": {"uv": [4, 0, 4.25, 4], "texture": "#0"},
				"west": {"uv": [2.125, 4.5, 2.25, 8.5], "texture": "#0"},
				"up": {"uv": [3.375, 6, 3.125, 5.875], "texture": "#0"},
				"down": {"uv": [3.625, 5.875, 3.375, 6], "texture": "#0"}
			}
		},
		{
			"from": [0, -8, 7.25],
			"to": [1.5, 24, 7.75],
			"rotation": {"angle": 0, "axis": "y", "origin": [-15, -8, 7.25]},
			"faces": {
				"north": {"uv": [0.25, 4, 0.5, 8], "texture": "#0"},
				"east": {"uv": [2.25, 4.5, 2.375, 8.5], "texture": "#0"},
				"south": {"uv": [0.5, 4, 0.75, 8], "texture": "#0"},
				"west": {"uv": [2.375, 4.5, 2.5, 8.5], "texture": "#0"},
				"up": {"uv": [6.125, 3.625, 5.875, 3.5], "texture": "#0"},
				"down": {"uv": [3.875, 5.875, 3.625, 6], "texture": "#0"}
			}
		},
		{
			"from": [1.5, 22.5, 7.25],
			"to": [14.5, 24, 7.75],
			"rotation": {"angle": 0, "axis": "y", "origin": [-1, -8, 7.25]},
			"faces": {
				"north": {"uv": [4.25, 3, 5.875, 3.25], "texture": "#0"},
				"east": {"uv": [5.875, 3.625, 6, 3.875], "texture": "#0"},
				"south": {"uv": [4.25, 3.25, 5.875, 3.5], "texture": "#0"},
				"west": {"uv": [3.875, 5.875, 4, 6.125], "texture": "#0"},
				"up": {"uv": [6.625, 4.25, 5, 4.125], "texture": "#0"},
				"down": {"uv": [6.625, 4.25, 5, 4.375], "texture": "#0"}
			}
		},
		{
			"from": [1.5, 12, 7.5],
			"to": [14.5, 15.5, 7.75],
			"rotation": {"angle": 0, "axis": "y", "origin": [-1, -17.5, 7.25]},
			"faces": {
				"north": {"uv": [1.75, 4, 3.375, 4.5], "texture": "#0"},
				"east": {"uv": [5.875, 0, 6, 0.5], "texture": "#0"},
				"south": {"uv": [3.375, 4, 5, 4.5], "texture": "#0"},
				"west": {"uv": [5.875, 0.5, 6, 1], "texture": "#0"},
				"up": {"uv": [6.625, 4.5, 5, 4.375], "texture": "#0"},
				"down": {"uv": [6.625, 5, 5, 5.125], "texture": "#0"}
			}
		},
		{
			"from": [1.5, 1, 7.5],
			"to": [14.5, 4.5, 7.75],
			"rotation": {"angle": 0, "axis": "y", "origin": [-1, -28.5, 7.25]},
			"faces": {
				"north": {"uv": [4.25, 0, 5.875, 0.5], "texture": "#0"},
				"east": {"uv": [5.875, 1, 6, 1.5], "texture": "#0"},
				"south": {"uv": [4.25, 0.5, 5.875, 1], "texture": "#0"},
				"west": {"uv": [5.875, 1.5, 6, 2], "texture": "#0"},
				"up": {"uv": [4.625, 5.25, 3, 5.125], "texture": "#0"},
				"down": {"uv": [6.25, 5.125, 4.625, 5.25], "texture": "#0"}
			}
		},
		{
			"from": [1.5, 12, 8.25],
			"to": [14.5, 15.5, 8.5],
			"rotation": {"angle": 0, "axis": "y", "origin": [-1, -17.5, 8]},
			"faces": {
				"north": {"uv": [4.25, 1, 5.875, 1.5], "texture": "#0"},
				"east": {"uv": [5.875, 2, 6, 2.5], "texture": "#0"},
				"south": {"uv": [4.25, 1.5, 5.875, 2], "texture": "#0"},
				"west": {"uv": [5.875, 2.5, 6, 3], "texture": "#0"},
				"up": {"uv": [4.625, 5.375, 3, 5.25], "texture": "#0"},
				"down": {"uv": [6.25, 5.25, 4.625, 5.375], "texture": "#0"}
			}
		},
		{
			"from": [1.5, 1, 8.25],
			"to": [14.5, 4.5, 8.5],
			"rotation": {"angle": 0, "axis": "y", "origin": [-1, -28.5, 8]},
			"faces": {
				"north": {"uv": [4.25, 2, 5.875, 2.5], "texture": "#0"},
				"east": {"uv": [3, 5.875, 3.125, 6.375], "texture": "#0"},
				"south": {"uv": [4.25, 2.5, 5.875, 3], "texture": "#0"},
				"west": {"uv": [5.875, 3, 6, 3.5], "texture": "#0"},
				"up": {"uv": [4.625, 5.5, 3, 5.375], "texture": "#0"},
				"down": {"uv": [6.25, 5.375, 4.625, 5.5], "texture": "#0"}
			}
		},
		{
			"from": [1.5, -8, 7.25],
			"to": [14.5, -6.5, 7.75],
			"rotation": {"angle": 0, "axis": "y", "origin": [-1, -39, 7.25]},
			"faces": {
				"north": {"uv": [4.25, 3.5, 5.875, 3.75], "texture": "#0"},
				"east": {"uv": [4, 5.875, 4.125, 6.125], "texture": "#0"},
				"south": {"uv": [4.25, 3.75, 5.875, 4], "texture": "#0"},
				"west": {"uv": [4.125, 5.875, 4.25, 6.125], "texture": "#0"},
				"up": {"uv": [4.625, 5.625, 3, 5.5], "texture": "#0"},
				"down": {"uv": [6.25, 5.5, 4.625, 5.625], "texture": "#0"}
			}
		},
		{
			"from": [1.5, 22.5, 8.25],
			"to": [14.5, 24, 8.75],
			"rotation": {"angle": 0, "axis": "y", "origin": [-1, -8, 8.25]},
			"faces": {
				"north": {"uv": [3, 4.5, 4.625, 4.75], "texture": "#0"},
				"east": {"uv": [4.25, 5.875, 4.375, 6.125], "texture": "#0"},
				"south": {"uv": [4.625, 4.5, 6.25, 4.75], "texture": "#0"},
				"west": {"uv": [4.375, 5.875, 4.5, 6.125], "texture": "#0"},
				"up": {"uv": [4.625, 5.75, 3, 5.625], "texture": "#0"},
				"down": {"uv": [6.25, 5.625, 4.625, 5.75], "texture": "#0"}
			}
		},
		{
			"from": [14.5, -8, 8.25],
			"to": [16, 24, 8.75],
			"rotation": {"angle": 0, "axis": "y", "origin": [0, -8, 8.25]},
			"faces": {
				"north": {"uv": [0.75, 4, 1, 8], "texture": "#0"},
				"east": {"uv": [2.5, 4.5, 2.625, 8.5], "texture": "#0"},
				"south": {"uv": [1, 4, 1.25, 8], "texture": "#0"},
				"west": {"uv": [2.625, 4.5, 2.75, 8.5], "texture": "#0"},
				"up": {"uv": [6.125, 4, 5.875, 3.875], "texture": "#0"},
				"down": {"uv": [4.75, 5.875, 4.5, 6], "texture": "#0"}
			}
		},
		{
			"from": [0, -8, 8.25],
			"to": [1.5, 24, 8.75],
			"rotation": {"angle": 0, "axis": "y", "origin": [-15, -8, 8.25]},
			"faces": {
				"north": {"uv": [1.25, 4, 1.5, 8], "texture": "#0"},
				"east": {"uv": [2.75, 4.5, 2.875, 8.5], "texture": "#0"},
				"south": {"uv": [1.5, 4, 1.75, 8], "texture": "#0"},
				"west": {"uv": [2.875, 4.5, 3, 8.5], "texture": "#0"},
				"up": {"uv": [5, 6, 4.75, 5.875], "texture": "#0"},
				"down": {"uv": [5.25, 5.875, 5, 6], "texture": "#0"}
			}
		},
		{
			"from": [1.5, -8, 8.25],
			"to": [14.5, -6.5, 8.75],
			"rotation": {"angle": 0, "axis": "y", "origin": [-1, -39, 8.25]},
			"faces": {
				"north": {"uv": [3, 4.75, 4.625, 5], "texture": "#0"},
				"east": {"uv": [5.25, 5.875, 5.375, 6.125], "texture": "#0"},
				"south": {"uv": [4.625, 4.75, 6.25, 5], "texture": "#0"},
				"west": {"uv": [5.375, 5.875, 5.5, 6.125], "texture": "#0"},
				"up": {"uv": [4.625, 5.875, 3, 5.75], "texture": "#0"},
				"down": {"uv": [6.25, 5.75, 4.625, 5.875], "texture": "#0"}
			}
		}
	],
	"groups": [
		{
			"name": "root",
			"origin": [0, 0, 7],
			"color": 0,
			"children": [0, 1, 2, 3, 4, 5, 6, 7, 8, 9, 10, 11, 12]
		}
	]
}