{
	"credit": "Made with Blockbench",
	"texture_size": [32, 32],
	"textures": {
		"0": "light",
		"1": "flashlight",
		"particle": "light"
	},
	"elements": [
		{
			"from": [6.5, 1.5, 4],
			"to": [9.5, 4.5, 6],
			"rotation": {"angle": 0, "axis": "y", "origin": [7, 2, 7]},
			"faces": {
				"north": {"uv": [2, 2, 3.5, 3.5], "texture": "#1"},
				"east": {"uv": [2, 5, 3, 6.5], "texture": "#1"},
				"south": {"uv": [2, 3.5, 3.5, 5], "texture": "#1"},
				"west": {"uv": [5.5, 2, 6.5, 3.5], "texture": "#1"},
				"up": {"uv": [4.5, 7, 3, 6], "texture": "#1"},
				"down": {"uv": [6, 6, 4.5, 7], "texture": "#1"}
			}
		},
		{
			"from": [7, 2, 3.75],
			"to": [9, 4, 13],
			"rotation": {"angle": 0, "axis": "y", "origin": [7, 2, 7]},
			"faces": {
				"north": {"uv": [6, 6, 7, 7], "texture": "#1"},
				"east": {"uv": [0, 0, 4.5, 1], "texture": "#1"},
				"south": {"uv": [0, 6.5, 1, 7.5], "texture": "#1"},
				"west": {"uv": [0, 1, 4.5, 2], "texture": "#1"},
				"up": {"uv": [1, 6.5, 0, 2], "texture": "#1"},
				"down": {"uv": [2, 2, 1, 6.5], "texture": "#1"}
			}
		},
		{
			"from": [6.925, 1.925, 13],
			"to": [9.075, 4.075, 13.25],
			"rotation": {"angle": 0, "axis": "y", "origin": [7, 2, 7]},
			"faces": {
				"north": {"uv": [1, 6.5, 2, 7.5], "texture": "#1"},
				"east": {"uv": [3, 5, 3.5, 6], "texture": "#1"},
				"south": {"uv": [2, 6.5, 3, 7.5], "texture": "#1"},
				"west": {"uv": [5.5, 7, 6, 8], "texture": "#1"},
				"up": {"uv": [6.5, 4, 5.5, 3.5], "texture": "#1"},
				"down": {"uv": [8, 5.5, 7, 6], "texture": "#1"}
			}
		},
		{
			"from": [7.25, 4, 6.25],
			"to": [8.25, 4.075, 8.25],
			"rotation": {"angle": 0, "axis": "y", "origin": [7.25, 3, 7]},
			"faces": {
				"north": {"uv": [7.5, 6.5, 8, 7], "texture": "#1"},
				"east": {"uv": [6, 7, 7, 7.5], "texture": "#1"},
				"south": {"uv": [7, 7.5, 7.5, 8], "texture": "#1"},
				"west": {"uv": [7, 6, 8, 6.5], "texture": "#1"},
				"up": {"uv": [7.5, 7.5, 7, 6.5], "texture": "#1"},
				"down": {"uv": [0.5, 7.5, 0, 8.5], "texture": "#1"}
			}
		},
		{
			"from": [7.35, 2.925, 6.575],
			"to": [8.175, 4, 8.575],
			"rotation": {"angle": -22.5, "axis": "x", "origin": [7.25, 2.925, 7.325]},
			"faces": {
				"north": {"uv": [7.5, 7, 8, 7.5], "texture": "#1"},
				"east": {"uv": [7.5, 0, 8.5, 0.5], "texture": "#1"},
				"south": {"uv": [7.5, 7.5, 8, 8], "texture": "#1"},
				"west": {"uv": [0.5, 7.5, 1.5, 8], "texture": "#1"},
				"up": {"uv": [8, 1.5, 7.5, 0.5], "texture": "#1"},
				"down": {"uv": [2, 7.5, 1.5, 8.5], "texture": "#1"}
			}
		},
		{
			"from": [5.75, 1.25, 3],
			"to": [7, 4.75, 5],
			"rotation": {"angle": 0, "axis": "y", "origin": [7, 2, 7]},
			"faces": {
				"north": {"uv": [6.5, 2, 7, 4], "texture": "#1"},
				"east": {"uv": [3.5, 2, 4.5, 4], "texture": "#1"},
				"south": {"uv": [6.5, 4, 7, 6], "texture": "#1"},
				"west": {"uv": [3.5, 4, 4.5, 6], "texture": "#1"},
				"up": {"uv": [8, 2.5, 7.5, 1.5], "texture": "#1"},
				"down": {"uv": [2.5, 7.5, 2, 8.5], "texture": "#1"}
			}
		},
		{
			"from": [9, 1.25, 3],
			"to": [10.25, 4.75, 5],
			"rotation": {"angle": 0, "axis": "y", "origin": [7, 2, 7]},
			"faces": {
				"north": {"uv": [7, 2, 7.5, 4], "texture": "#1"},
				"east": {"uv": [4.5, 0, 5.5, 2], "texture": "#1"},
				"south": {"uv": [3, 7, 3.5, 9], "texture": "#1"},
				"west": {"uv": [4.5, 2, 5.5, 4], "texture": "#1"},
				"up": {"uv": [3, 8.5, 2.5, 7.5], "texture": "#1"},
				"down": {"uv": [8, 2.5, 7.5, 3.5], "texture": "#1"}
			}
		},
		{
			"from": [6.25, 0.75, 2.975],
			"to": [9.75, 2, 5],
			"rotation": {"angle": 0, "axis": "y", "origin": [7, 2, 7]},
			"faces": {
				"north": {"uv": [3.5, 7, 5.5, 7.5], "texture": "#1"},
				"east": {"uv": [3.5, 7.5, 4.5, 8], "texture": "#1"},
				"south": {"uv": [7, 4, 9, 4.5], "texture": "#1"},
				"west": {"uv": [7.5, 3.5, 8.5, 4], "texture": "#1"},
				"up": {"uv": [6.5, 5, 4.5, 4], "texture": "#1"},
				"down": {"uv": [6.5, 5, 4.5, 6], "texture": "#1"}
			}
		},
		{
			"from": [6.25, 4, 2.975],
			"to": [9.75, 5.25, 5],
			"rotation": {"angle": 0, "axis": "y", "origin": [7, 2, 7]},
			"faces": {
				"north": {"uv": [7, 4.5, 9, 5], "texture": "#1"},
				"east": {"uv": [4.5, 7.5, 5.5, 8], "texture": "#1"},
				"south": {"uv": [7, 5, 9, 5.5], "texture": "#1"},
				"west": {"uv": [6, 7.5, 7, 8], "texture": "#1"},
				"up": {"uv": [7.5, 1, 5.5, 0], "texture": "#1"},
				"down": {"uv": [7.5, 1, 5.5, 2], "texture": "#1"}
			}
		},
		{
			"from": [7, 2, 3.5],
			"to": [9, 4, 3.75],
			"rotation": {"angle": 0, "axis": "y", "origin": [7, 2, 7.75]},
			"faces": {
				"north": {"uv": [0, 0, 2, 2], "texture": "#0"},
				"east": {"uv": [2, 0, 3, 2], "texture": "#0"},
				"south": {"uv": [0, 2, 2, 4], "texture": "#0"},
				"west": {"uv": [2, 2, 3, 4], "texture": "#0"},
				"up": {"uv": [5, 1, 3, 0], "texture": "#0"},
				"down": {"uv": [5, 1, 3, 2], "texture": "#0"}
			}
		}
	],
	"display": {
		"thirdperson_righthand": {
			"rotation": [90, 0, 0],
			"translation": [0, 0.25, 6.25]
		},
		"thirdperson_lefthand": {
			"rotation": [90, 0, 0],
			"translation": [0, 0.25, 6.25]
		},
		"firstperson_righthand": {
			"rotation": [15, 0, 0],
			"translation": [0.25, 8.75, 4]
		},
		"firstperson_lefthand": {
			"rotation": [15, 0, 0],
			"translation": [0.25, 8.75, 4]
		},
		"ground": {
			"rotation": [45, 0, 0],
			"translation": [0, 4.5, 3]
		},
		"gui": {
			"rotation": [90, 45, -90],
			"translation": [3, 4, 0]
		},
		"head": {
			"translation": [0, 12.25, -6.75]
		},
		"fixed": {
			"rotation": [0, -90, 0],
			"translation": [0, 4, 0]
		}
	},
	"groups": [
		{
			"name": "group",
			"origin": [7, 0, 7],
			"color": 0,
			"children": [0, 1, 2, 3, 4, 5, 6, 7, 8, 9]
		}
	]
}