{
	"credit": "Made with Blockbench",
	"textures": {
		"0": "block/blue_concrete",
		"1": "block/black_concrete",
		"2": "block/gray_concrete",
		"3": "block/gold_block",
		"4": "block/white_concrete",
		"5": "block/green_concrete",
		"particle": "block/blue_concrete"
	},
	"elements": [
		{
			"name": "base",
			"from": [6, -0.01, 6],
			"to": [10, 1.49, 10],
			"rotation": {"angle": 0, "axis": "y", "origin": [8, 0, 8]},
			"faces": {
				"north": {"uv": [0, 0, 4, 1.5], "texture": "#1"},
				"east": {"uv": [0, 0, 4, 1.5], "texture": "#1"},
				"south": {"uv": [0, 0, 4, 1.5], "texture": "#1"},
				"west": {"uv": [0, 0, 4, 1.5], "texture": "#1"},
				"up": {"uv": [0, 0, 4, 4], "texture": "#1"},
				"down": {"uv": [0, 0, 4, 4], "texture": "#1"}
			}
		},
		{
			"name": "base",
			"from": [7.25, 0.29, 7.25],
			"to": [8.75, 1.79, 8.75],
			"rotation": {"angle": 0, "axis": "y", "origin": [8, 0.3, 8]},
			"faces": {
				"north": {"uv": [0, 0, 1.5, 1.5], "texture": "#3"},
				"east": {"uv": [0, 0, 1.5, 1.5], "texture": "#3"},
				"south": {"uv": [0, 0, 1.5, 1.5], "texture": "#3"},
				"west": {"uv": [0, 0, 1.5, 1.5], "texture": "#3"},
				"up": {"uv": [0, 0, 1.5, 1.5], "texture": "#3"},
				"down": {"uv": [0, 0, 1.5, 1.5], "texture": "#3"}
			}
		},
		{
			"name": "base",
			"from": [6.25, 0, 5],
			"to": [10.25, 1.5, 9],
			"rotation": {"angle": 45, "axis": "y", "origin": [9.25, 1, 8]},
			"faces": {
				"north": {"uv": [0, 0, 4, 1.5], "texture": "#1"},
				"east": {"uv": [0, 0, 4, 1.5], "texture": "#1"},
				"south": {"uv": [0, 0, 4, 1.5], "texture": "#1"},
				"west": {"uv": [0, 0, 4, 1.5], "texture": "#1"},
				"up": {"uv": [0, 0, 4, 4], "texture": "#1"},
				"down": {"uv": [0, 0, 4, 4], "texture": "#1"}
			}
		},
		{
			"name": "stem",
			"from": [7.5, 1, 7.5],
			"to": [8.5, 5.5, 8.5],
			"rotation": {"angle": 0, "axis": "y", "origin": [7.5, 1, 7.5]},
			"faces": {
				"north": {"uv": [0, 0, 1, 4.5], "texture": "#2"},
				"east": {"uv": [0, 0, 1, 4.5], "texture": "#2"},
				"south": {"uv": [0, 0, 1, 4.5], "texture": "#2"},
				"west": {"uv": [0, 0, 1, 4.5], "texture": "#2"},
				"up": {"uv": [0, 0, 1, 1], "texture": "#2"},
				"down": {"uv": [0, 0, 1, 1], "texture": "#2"}
			}
		},
		{
			"name": "half_ring",
			"from": [7.5, 5, 6.25],
			"to": [8.5, 6, 9.75],
			"rotation": {"angle": 0, "axis": "y", "origin": [8, 9.5, 8]},
			"faces": {
				"north": {"uv": [0, 0, 1, 1], "texture": "#2"},
				"east": {"uv": [0, 0, 3.5, 1], "texture": "#2"},
				"south": {"uv": [0, 0, 1, 1], "texture": "#2"},
				"west": {"uv": [0, 0, 3.5, 1], "texture": "#2"},
				"up": {"uv": [0, 0, 1, 3.5], "texture": "#2"},
				"down": {"uv": [0, 0, 1, 3.5], "texture": "#2"}
			}
		},
		{
			"name": "half_ring",
			"from": [7.5, 5, 6.25],
			"to": [8.5, 6, 9.05],
			"rotation": {"angle": -45, "axis": "x", "origin": [8, 9.5, 8]},
			"faces": {
				"north": {"uv": [0, 0, 1, 1], "texture": "#2"},
				"east": {"uv": [0, 0, 2.8, 1], "texture": "#2"},
				"south": {"uv": [0, 0, 1, 1], "texture": "#2"},
				"west": {"uv": [0, 0, 2.8, 1], "texture": "#2"},
				"up": {"uv": [0, 0, 1, 2.8], "texture": "#2"},
				"down": {"uv": [0, 0, 1, 2.8], "texture": "#2"}
			}
		},
		{
			"name": "holder",
			"from": [7.75, 5.75, 7.75],
			"to": [8.25, 13.75, 8.25],
			"rotation": {"angle": -45, "axis": "x", "origin": [8, 9.5, 8]},
			"faces": {
				"north": {"uv": [0, 0, 0.5, 8], "texture": "#2"},
				"east": {"uv": [0, 0, 0.5, 8], "texture": "#2"},
				"south": {"uv": [0, 0, 0.5, 8], "texture": "#2"},
				"west": {"uv": [0, 0, 0.5, 8], "texture": "#2"},
				"up": {"uv": [0, 0, 0.5, 0.5], "texture": "#2"},
				"down": {"uv": [0, 0, 0.5, 0.5], "texture": "#2"}
			}
		},
		{
			"name": "half_ring",
			"from": [7.5, 7.75, 3.5],
			"to": [8.5, 11.25, 4.5],
			"rotation": {"angle": 0, "axis": "x", "origin": [8, 9.5, 8]},
			"faces": {
				"north": {"uv": [0, 0, 1, 3.5], "rotation": 180, "texture": "#2"},
				"east": {"uv": [0, 0, 3.5, 1], "rotation": 270, "texture": "#2"},
				"south": {"uv": [0, 0, 1, 3.5], "texture": "#2"},
				"west": {"uv": [0, 0, 3.5, 1], "rotation": 90, "texture": "#2"},
				"up": {"uv": [0, 0, 1, 1], "rotation": 180, "texture": "#2"},
				"down": {"uv": [0, 0, 1, 1], "texture": "#2"}
			}
		},
		{
			"name": "half_ring",
			"from": [7.5, 7.75, 3.5],
			"to": [8.5, 10.55, 4.5],
			"rotation": {"angle": 45, "axis": "x", "origin": [8, 9.5, 8]},
			"faces": {
				"north": {"uv": [0, 0, 1, 2.8], "rotation": 180, "texture": "#2"},
				"east": {"uv": [0, 0, 2.8, 1], "rotation": 270, "texture": "#2"},
				"south": {"uv": [0, 0, 1, 2.8], "texture": "#2"},
				"west": {"uv": [0, 0, 2.8, 1], "rotation": 90, "texture": "#2"},
				"up": {"uv": [0, 0, 1, 1], "rotation": 180, "texture": "#2"},
				"down": {"uv": [0, 0, 1, 1], "texture": "#2"}
			}
		},
		{
			"name": "half_ring",
			"from": [7.5, 5, 6.25],
			"to": [8.5, 6, 9.75],
			"rotation": {"angle": 45, "axis": "x", "origin": [8, 9.5, 8]},
			"faces": {
				"north": {"uv": [0, 0, 1, 1], "texture": "#2"},
				"east": {"uv": [0, 0, 3.5, 1], "texture": "#2"},
				"south": {"uv": [0, 0, 1, 1], "texture": "#2"},
				"west": {"uv": [0, 0, 3.5, 1], "texture": "#2"},
				"up": {"uv": [0, 0, 1, 3.5], "texture": "#2"},
				"down": {"uv": [0, 0, 1, 3.5], "texture": "#2"}
			}
		},
		{
			"name": "north",
			"from": [6.925, 6.55, 6.8625],
			"to": [9.2, 7.2, 9.1375],
			"rotation": {"angle": -45, "axis": "x", "origin": [8.25, 9.475, 8]},
			"faces": {
				"north": {"uv": [0, 0, 1, 1], "texture": "#4"},
				"east": {"uv": [0, 0, 3.5, 1], "texture": "#4"},
				"south": {"uv": [0, 0, 1, 1], "texture": "#4"},
				"west": {"uv": [0, 0, 3.5, 1], "texture": "#4"},
				"up": {"uv": [0, 0, 1, 3.5], "texture": "#4"},
				"down": {"uv": [0, 0, 1, 3.5], "texture": "#4"}
			}
		},
		{
			"name": "north",
			"from": [6.925, 6.55, 6.8625],
			"to": [9.5, 7.2, 9.1375],
			"rotation": {"angle": 0, "axis": "z", "origin": [8.25, 9.475, 8]},
			"faces": {
				"north": {"uv": [0, 0, 1, 1], "texture": "#0"},
				"east": {"uv": [0, 0, 3.5, 1], "texture": "#0"},
				"south": {"uv": [0, 0, 1, 1], "texture": "#0"},
				"west": {"uv": [0, 0, 3.5, 1], "texture": "#0"},
				"up": {"uv": [0, 0, 1, 3.5], "texture": "#0"},
				"down": {"uv": [0, 0, 1, 3.5], "texture": "#0"}
			}
		},
		{
			"name": "north",
			"from": [6.925, 8.3375, 5.075],
			"to": [9.2, 10.6125, 5.725],
			"rotation": {"angle": 0, "axis": "z", "origin": [8.25, 9.475, 8]},
			"faces": {
				"north": {"uv": [0, 0, 1, 3.5], "rotation": 180, "texture": "#0"},
				"east": {"uv": [0, 0, 3.5, 1], "rotation": 270, "texture": "#0"},
				"south": {"uv": [0, 0, 1, 3.5], "texture": "#0"},
				"west": {"uv": [0, 0, 3.5, 1], "rotation": 90, "texture": "#0"},
				"up": {"uv": [0, 0, 1, 1], "rotation": 180, "texture": "#0"},
				"down": {"uv": [0, 0, 1, 1], "texture": "#0"}
			}
		},
		{
			"name": "north",
			"from": [6.925, 6.55, 6.8625],
			"to": [9.2, 7.2, 9.1375],
			"rotation": {"angle": 45, "axis": "x", "origin": [8.25, 9.475, 8]},
			"faces": {
				"north": {"uv": [0, 0, 1, 1], "texture": "#0"},
				"east": {"uv": [0, 0, 3.5, 1], "texture": "#5"},
				"south": {"uv": [0, 0, 1, 1], "texture": "#0"},
				"west": {"uv": [0, 0, 3.5, 1], "texture": "#0"},
				"up": {"uv": [0, 0, 1, 3.5], "texture": "#0"},
				"down": {"uv": [0, 0, 1, 3.5], "texture": "#5"}
			}
		},
		{
			"name": "north",
			"from": [6.925, 8.3375, 5.075],
			"to": [9.2, 10.6125, 5.725],
			"rotation": {"angle": 45, "axis": "x", "origin": [8.25, 9.475, 8]},
			"faces": {
				"north": {"uv": [0, 0, 1, 3.5], "rotation": 180, "texture": "#4"},
				"east": {"uv": [0, 0, 3.5, 1], "rotation": 270, "texture": "#4"},
				"south": {"uv": [0, 0, 1, 3.5], "texture": "#4"},
				"west": {"uv": [0, 0, 3.5, 1], "rotation": 90, "texture": "#4"},
				"up": {"uv": [0, 0, 1, 1], "rotation": 180, "texture": "#4"},
				"down": {"uv": [0, 0, 1, 1], "texture": "#4"}
			}
		},
		{
			"name": "north",
			"from": [6.925, 11.75, 6.8625],
			"to": [9.4, 12.4, 9.1375],
			"rotation": {"angle": 0, "axis": "x", "origin": [8.25, 9.475, 8]},
			"faces": {
				"north": {"uv": [0, 0, 1, 1], "rotation": 180, "texture": "#0"},
				"east": {"uv": [0, 0, 3.5, 1], "rotation": 180, "texture": "#0"},
				"south": {"uv": [0, 0, 1, 1], "rotation": 180, "texture": "#0"},
				"west": {"uv": [0, 0, 3.5, 1], "rotation": 180, "texture": "#0"},
				"up": {"uv": [0, 0, 1, 3.5], "texture": "#0"},
				"down": {"uv": [0, 0, 1, 3.5], "texture": "#0"}
			}
		},
		{
			"name": "middle",
			"from": [6.025, 7.95, 6.1125],
			"to": [10.35, 11.05, 9.8875],
			"rotation": {"angle": 0, "axis": "x", "origin": [7.5, 8.475, 7.25]},
			"faces": {
				"north": {"uv": [0, 0, 1, 1], "rotation": 180, "texture": "#5"},
				"east": {"uv": [0, 0, 3.5, 1], "rotation": 180, "texture": "#5"},
				"south": {"uv": [0, 0, 1, 1], "rotation": 180, "texture": "#5"},
				"west": {"uv": [0, 0, 3.5, 1], "rotation": 180, "texture": "#5"},
				"up": {"uv": [0, 0, 1, 3.5], "texture": "#5"},
				"down": {"uv": [0, 0, 1, 3.5], "texture": "#5"}
			}
		},
		{
			"name": "middle",
			"from": [6.3, 7.95, 5.8375],
			"to": [10.075, 11.05, 10.1625],
			"rotation": {"angle": 0, "axis": "y", "origin": [8.1875, 9.5, 8]},
			"faces": {
				"north": {"uv": [0, 0, 3.5, 1], "rotation": 180, "texture": "#5"},
				"east": {"uv": [0, 0, 1, 1], "rotation": 180, "texture": "#0"},
				"south": {"uv": [0, 0, 3.5, 1], "rotation": 180, "texture": "#0"},
				"west": {"uv": [0, 0, 1, 1], "rotation": 180, "texture": "#5"},
				"up": {"uv": [0, 0, 1, 3.5], "rotation": 270, "texture": "#0"},
				"down": {"uv": [0, 0, 1, 3.5], "rotation": 90, "texture": "#0"}
			}
		},
		{
			"name": "middle",
			"from": [6.3, 7.7, 6.0875],
			"to": [10.075, 11.3, 9.9125],
			"rotation": {"angle": 0, "axis": "y", "origin": [8.1875, 9.5, 8]},
			"faces": {
				"north": {"uv": [0, 0, 3.5, 1], "rotation": 180, "texture": "#0"},
				"east": {"uv": [0, 0, 1, 1], "rotation": 180, "texture": "#5"},
				"south": {"uv": [0, 0, 3.5, 1], "rotation": 180, "texture": "#0"},
				"west": {"uv": [0, 0, 1, 1], "rotation": 180, "texture": "#5"},
				"up": {"uv": [0, 0, 1, 3.5], "rotation": 270, "texture": "#0"},
				"down": {"uv": [0, 0, 1, 3.5], "rotation": 90, "texture": "#0"}
			}
		},
		{
			"name": "middle",
			"from": [6.55, 7.45, 6.3375],
			"to": [9.825, 11.55, 9.6625],
			"rotation": {"angle": 0, "axis": "y", "origin": [8.1875, 9.5, 8]},
			"faces": {
				"north": {"uv": [0, 0, 3.5, 1], "rotation": 180, "texture": "#0"},
				"east": {"uv": [0, 0, 1, 1], "rotation": 180, "texture": "#0"},
				"south": {"uv": [0, 0, 3.5, 1], "rotation": 180, "texture": "#0"},
				"west": {"uv": [0, 0, 1, 1], "rotation": 180, "texture": "#0"},
				"up": {"uv": [0, 0, 1, 3.5], "rotation": 270, "texture": "#0"},
				"down": {"uv": [0, 0, 1, 3.5], "rotation": 90, "texture": "#0"}
			}
		},
		{
			"name": "middle",
			"from": [6.65, 7.25, 6.5875],
			"to": [9.725, 11.75, 9.4125],
			"rotation": {"angle": 0, "axis": "y", "origin": [8.1875, 9.5, 8]},
			"faces": {
				"north": {"uv": [0, 0, 3.5, 1], "rotation": 180, "texture": "#0"},
				"east": {"uv": [0, 0, 1, 1], "rotation": 180, "texture": "#0"},
				"south": {"uv": [0, 0, 3.5, 1], "rotation": 180, "texture": "#0"},
				"west": {"uv": [0, 0, 1, 1], "rotation": 180, "texture": "#0"},
				"up": {"uv": [0, 0, 1, 3.5], "rotation": 270, "texture": "#0"},
				"down": {"uv": [0, 0, 1, 3.5], "rotation": 90, "texture": "#0"}
			}
		},
		{
			"name": "east",
			"from": [6.925, 11.75, 6.8625],
			"to": [9.2, 12.4, 9.1375],
			"rotation": {"angle": 0, "axis": "x", "origin": [8.25, 9.475, 8]},
			"faces": {
				"north": {"uv": [0, 0, 1, 1], "rotation": 180, "texture": "#0"},
				"east": {"uv": [0, 0, 3.5, 1], "rotation": 180, "texture": "#0"},
				"south": {"uv": [0, 0, 1, 1], "rotation": 180, "texture": "#0"},
				"west": {"uv": [0, 0, 3.5, 1], "rotation": 180, "texture": "#0"},
				"up": {"uv": [0, 0, 1, 3.5], "texture": "#0"},
				"down": {"uv": [0, 0, 1, 3.5], "texture": "#0"}
			}
		},
		{
			"name": "east",
			"from": [10.675, 8.275, 6.8625],
			"to": [11.325, 10.75, 9.1375],
			"rotation": {"angle": 45, "axis": "z", "origin": [8.4, 9.225, 8]},
			"faces": {
				"north": {"uv": [0, 0, 1, 1], "rotation": 90, "texture": "#0"},
				"east": {"uv": [0, 0, 1, 3.5], "rotation": 90, "texture": "#5"},
				"south": {"uv": [0, 0, 1, 1], "rotation": 270, "texture": "#0"},
				"west": {"uv": [0, 0, 1, 3.5], "rotation": 90, "texture": "#0"},
				"up": {"uv": [0, 0, 3.5, 1], "rotation": 270, "texture": "#0"},
				"down": {"uv": [0, 0, 3.5, 1], "rotation": 270, "texture": "#0"}
			}
		},
		{
			"name": "east",
			"from": [10.525, 8.225, 6.8625],
			"to": [11.175, 10.8, 9.1375],
			"rotation": {"angle": 0, "axis": "z", "origin": [8.25, 9.475, 8]},
			"faces": {
				"north": {"uv": [0, 0, 1, 1], "rotation": 90, "texture": "#0"},
				"east": {"uv": [0, 0, 1, 3.5], "rotation": 90, "texture": "#5"},
				"south": {"uv": [0, 0, 1, 1], "rotation": 270, "texture": "#5"},
				"west": {"uv": [0, 0, 1, 3.5], "rotation": 90, "texture": "#5"},
				"up": {"uv": [0, 0, 3.5, 1], "rotation": 270, "texture": "#5"},
				"down": {"uv": [0, 0, 3.5, 1], "rotation": 270, "texture": "#5"}
			}
		},
		{
			"name": "45_sides",
			"from": [10.525, 8.525, 6.8625],
			"to": [11.175, 10.8, 9.1375],
			"rotation": {"angle": -45, "axis": "y", "origin": [8.25, 9.475, 8]},
			"faces": {
				"north": {"uv": [0, 0, 1, 1], "rotation": 90, "texture": "#5"},
				"east": {"uv": [0, 0, 1, 3.5], "rotation": 90, "texture": "#5"},
				"south": {"uv": [0, 0, 1, 1], "rotation": 270, "texture": "#0"},
				"west": {"uv": [0, 0, 1, 3.5], "rotation": 90, "texture": "#0"},
				"up": {"uv": [0, 0, 3.5, 1], "rotation": 270, "texture": "#5"},
				"down": {"uv": [0, 0, 3.5, 1], "rotation": 270, "texture": "#5"}
			}
		},
		{
			"name": "45_sides",
			"from": [7.1125, 8.525, 10.275],
			"to": [9.3875, 10.8, 10.925],
			"rotation": {"angle": -45, "axis": "y", "origin": [8.25, 9.475, 8]},
			"faces": {
				"north": {"uv": [0, 0, 1, 3.5], "rotation": 90, "texture": "#5"},
				"east": {"uv": [0, 0, 1, 1], "rotation": 90, "texture": "#5"},
				"south": {"uv": [0, 0, 1, 3.5], "rotation": 90, "texture": "#5"},
				"west": {"uv": [0, 0, 1, 1], "rotation": 270, "texture": "#5"},
				"up": {"uv": [0, 0, 3.5, 1], "texture": "#5"},
				"down": {"uv": [0, 0, 3.5, 1], "rotation": 180, "texture": "#5"}
			}
		},
		{
			"name": "45_sides",
			"from": [5.325, 8.525, 6.8625],
			"to": [5.975, 10.8, 9.1375],
			"rotation": {"angle": -45, "axis": "y", "origin": [8.25, 9.475, 8]},
			"faces": {
				"north": {"uv": [0, 0, 1, 1], "rotation": 270, "texture": "#0"},
				"east": {"uv": [0, 0, 1, 3.5], "rotation": 90, "texture": "#0"},
				"south": {"uv": [0, 0, 1, 1], "rotation": 90, "texture": "#0"},
				"west": {"uv": [0, 0, 1, 3.5], "rotation": 90, "texture": "#0"},
				"up": {"uv": [0, 0, 3.5, 1], "rotation": 90, "texture": "#0"},
				"down": {"uv": [0, 0, 3.5, 1], "rotation": 90, "texture": "#0"}
			}
		},
		{
			"name": "45_sides",
			"from": [7.1125, 8.525, 5.075],
			"to": [9.3875, 10.8, 5.725],
			"rotation": {"angle": -45, "axis": "y", "origin": [8.25, 9.475, 8]},
			"faces": {
				"north": {"uv": [0, 0, 1, 3.5], "rotation": 90, "texture": "#0"},
				"east": {"uv": [0, 0, 1, 1], "rotation": 270, "texture": "#0"},
				"south": {"uv": [0, 0, 1, 3.5], "rotation": 90, "texture": "#0"},
				"west": {"uv": [0, 0, 1, 1], "rotation": 90, "texture": "#0"},
				"up": {"uv": [0, 0, 3.5, 1], "rotation": 180, "texture": "#0"},
				"down": {"uv": [0, 0, 3.5, 1], "texture": "#0"}
			}
		},
		{
			"name": "east",
			"from": [10.525, 8.275, 6.8625],
			"to": [11.175, 10.7, 9.1375],
			"rotation": {"angle": -45, "axis": "z", "origin": [8.25, 9.475, 8]},
			"faces": {
				"north": {"uv": [0, 0, 1, 1], "rotation": 90, "texture": "#0"},
				"east": {"uv": [0, 0, 1, 3.5], "rotation": 90, "texture": "#5"},
				"south": {"uv": [0, 0, 1, 1], "rotation": 270, "texture": "#0"},
				"west": {"uv": [0, 0, 1, 3.5], "rotation": 90, "texture": "#0"},
				"up": {"uv": [0, 0, 3.5, 1], "rotation": 270, "texture": "#0"},
				"down": {"uv": [0, 0, 3.5, 1], "rotation": 270, "texture": "#0"}
			}
		},
		{
			"name": "east",
			"from": [7.3, 6.55, 6.8625],
			"to": [9.325, 7.2, 9.1375],
			"rotation": {"angle": -45, "axis": "z", "origin": [8.25, 9.475, 8]},
			"faces": {
				"north": {"uv": [0, 0, 1, 1], "texture": "#5"},
				"east": {"uv": [0, 0, 3.5, 1], "texture": "#5"},
				"south": {"uv": [0, 0, 1, 1], "texture": "#5"},
				"west": {"uv": [0, 0, 3.5, 1], "texture": "#5"},
				"up": {"uv": [0, 0, 1, 3.5], "rotation": 180, "texture": "#5"},
				"down": {"uv": [0, 0, 1, 3.5], "rotation": 180, "texture": "#5"}
			}
		},
		{
			"name": "east",
			"from": [5.325, 8.15, 6.8625],
			"to": [5.975, 10.425, 9.1375],
			"rotation": {"angle": 0, "axis": "z", "origin": [8.25, 9.475, 8]},
			"faces": {
				"north": {"uv": [0, 0, 1, 1], "rotation": 270, "texture": "#5"},
				"east": {"uv": [0, 0, 1, 3.5], "rotation": 270, "texture": "#5"},
				"south": {"uv": [0, 0, 1, 1], "rotation": 90, "texture": "#5"},
				"west": {"uv": [0, 0, 1, 3.5], "rotation": 270, "texture": "#5"},
				"up": {"uv": [0, 0, 3.5, 1], "rotation": 90, "texture": "#5"},
				"down": {"uv": [0, 0, 3.5, 1], "rotation": 90, "texture": "#5"}
			}
		},
		{
			"name": "east",
			"from": [6.925, 11.75, 6.8625],
			"to": [9.2, 12.4, 9.1375],
			"rotation": {"angle": 45, "axis": "z", "origin": [8.25, 9.475, 8]},
			"faces": {
				"north": {"uv": [0, 0, 1, 1], "rotation": 180, "texture": "#0"},
				"east": {"uv": [0, 0, 3.5, 1], "rotation": 180, "texture": "#0"},
				"south": {"uv": [0, 0, 1, 1], "rotation": 180, "texture": "#0"},
				"west": {"uv": [0, 0, 3.5, 1], "rotation": 180, "texture": "#0"},
				"up": {"uv": [0, 0, 1, 3.5], "texture": "#0"},
				"down": {"uv": [0, 0, 1, 3.5], "texture": "#0"}
			}
		},
		{
			"name": "north",
			"from": [6.925, 11.75, 6.8625],
			"to": [9.2, 12.4, 9.1375],
			"rotation": {"angle": 45, "axis": "x", "origin": [8.25, 9.475, 8]},
			"faces": {
				"north": {"uv": [0, 0, 1, 1], "rotation": 180, "texture": "#0"},
				"east": {"uv": [0, 0, 3.5, 1], "rotation": 180, "texture": "#0"},
				"south": {"uv": [0, 0, 1, 1], "rotation": 180, "texture": "#0"},
				"west": {"uv": [0, 0, 3.5, 1], "rotation": 180, "texture": "#0"},
				"up": {"uv": [0, 0, 1, 3.5], "texture": "#0"},
				"down": {"uv": [0, 0, 1, 3.5], "texture": "#0"}
			}
		},
		{
			"name": "north",
			"from": [6.925, 8.3375, 10.275],
			"to": [9.2, 10.6125, 10.925],
			"rotation": {"angle": 0, "axis": "x", "origin": [8.25, 9.475, 8]},
			"faces": {
				"north": {"uv": [0, 0, 1, 3.5], "rotation": 180, "texture": "#0"},
				"east": {"uv": [0, 0, 3.5, 1], "rotation": 90, "texture": "#0"},
				"south": {"uv": [0, 0, 1, 3.5], "texture": "#0"},
				"west": {"uv": [0, 0, 3.5, 1], "rotation": 270, "texture": "#0"},
				"up": {"uv": [0, 0, 1, 1], "texture": "#5"},
				"down": {"uv": [0, 0, 1, 1], "rotation": 180, "texture": "#0"}
			}
		}
	],
	"groups": [
		{
			"name": "stand",
			"origin": [8, 1, 8],
			"color": 0,
			"children": [0, 1, 2, 3, 4, 5, 6, 7, 8, 9]
		},
		{
			"name": "ball",
			"origin": [8, 9.5, 8],
			"color": 0,
			"children": [10, 11, 12, 13, 14, 15, 16, 17, 18, 19, 20, 21, 22, 23, 24, 25, 26, 27, 28, 29, 30, 31, 32, 33]
		}
	]
}