{
	"credit": "Made with Blockbench",
	"textures": {
		"0": "block/spruce_planks",
		"2": "block/spruce_log",
		"particle": "block/spruce_planks"
	},
	"elements": [
		{
			"from": [4.5, 14, 7.5],
			"to": [5.5, 32, 8.5],
			"rotation": {"angle": 0, "axis": "y", "origin": [4.5, 22, 7.5]},
			"faces": {
				"north": {"uv": [0, 0, 2, 16], "texture": "#2"},
				"east": {"uv": [2, 0, 4, 16], "texture": "#2"},
				"south": {"uv": [4, 0, 6, 16], "texture": "#2"},
				"west": {"uv": [12, 0, 14, 16], "texture": "#2"},
				"up": {"uv": [0, 0, 2, 2], "texture": "#2"},
				"down": {"uv": [0, 0, 2, 2], "texture": "#2"}
			}
		},
		{
			"from": [10.5, 14, 7.5],
			"to": [11.5, 32, 8.5],
			"rotation": {"angle": 0, "axis": "y", "origin": [10.5, 22, 7.5]},
			"faces": {
				"north": {"uv": [0, 0, 2, 16], "texture": "#2"},
				"east": {"uv": [6, 0, 8, 16], "texture": "#2"},
				"south": {"uv": [8, 0, 10, 16], "texture": "#2"},
				"west": {"uv": [10, 0, 12, 16], "texture": "#2"},
				"up": {"uv": [0, 0, 2, 2], "texture": "#2"},
				"down": {"uv": [0, 0, 2, 2], "texture": "#2"}
			}
		},
		{
			"from": [4.5, -4, 7.5],
			"to": [5.5, 14, 8.5],
			"rotation": {"angle": 0, "axis": "y", "origin": [4.5, 4, 7.5]},
			"faces": {
				"north": {"uv": [0, 0, 2, 16], "texture": "#2"},
				"east": {"uv": [2, 0, 4, 16], "texture": "#2"},
				"south": {"uv": [4, 0, 6, 16], "texture": "#2"},
				"west": {"uv": [12, 0, 14, 16], "texture": "#2"},
				"up": {"uv": [0, 0, 2, 2], "texture": "#2"},
				"down": {"uv": [0, 0, 2, 2], "texture": "#2"}
			}
		},
		{
			"from": [10.5, -4, 7.5],
			"to": [11.5, 14, 8.5],
			"rotation": {"angle": 0, "axis": "y", "origin": [10.5, 4, 7.5]},
			"faces": {
				"north": {"uv": [0, 0, 2, 16], "texture": "#2"},
				"east": {"uv": [6, 0, 8, 16], "texture": "#2"},
				"south": {"uv": [8, 0, 10, 16], "texture": "#2"},
				"west": {"uv": [10, 0, 12, 16], "texture": "#2"},
				"up": {"uv": [0, 0, 2, 2], "texture": "#2"},
				"down": {"uv": [0, 0, 2, 2], "texture": "#2"}
			}
		},
		{
			"from": [5.5, -2.5, 7.75],
			"to": [10.5, -1, 8.25],
			"rotation": {"angle": 0, "axis": "y", "origin": [5, -2, 7.25]},
			"faces": {
				"north": {"uv": [0, 3, 10, 6], "texture": "#0"},
				"east": {"uv": [0, 3, 1, 6], "texture": "#0"},
				"south": {"uv": [0, 3, 10, 6], "texture": "#0"},
				"west": {"uv": [0, 3, 1, 6], "texture": "#0"},
				"up": {"uv": [0, 3, 10, 4], "texture": "#0"},
				"down": {"uv": [0, 3, 10, 4], "texture": "#0"}
			}
		},
		{
			"from": [5.5, 1.5, 7.75],
			"to": [10.5, 3, 8.25],
			"rotation": {"angle": 0, "axis": "y", "origin": [5, 2, 7.25]},
			"faces": {
				"north": {"uv": [0, 0, 10, 3], "texture": "#0"},
				"east": {"uv": [0, 0, 1, 3], "texture": "#0"},
				"south": {"uv": [0, 0, 10, 3], "texture": "#0"},
				"west": {"uv": [0, 0, 1, 3], "texture": "#0"},
				"up": {"uv": [0, 0, 10, 1], "texture": "#0"},
				"down": {"uv": [0, 0, 10, 1], "texture": "#0"}
			}
		},
		{
			"from": [5.5, 5.5, 7.75],
			"to": [10.5, 7, 8.25],
			"rotation": {"angle": 0, "axis": "y", "origin": [5, 6, 7.25]},
			"faces": {
				"north": {"uv": [6, 0, 16, 3], "texture": "#0"},
				"east": {"uv": [6, 0, 7, 3], "texture": "#0"},
				"south": {"uv": [6, 0, 16, 3], "texture": "#0"},
				"west": {"uv": [6, 0, 7, 3], "texture": "#0"},
				"up": {"uv": [6, 0, 16, 1], "texture": "#0"},
				"down": {"uv": [6, 0, 16, 1], "texture": "#0"}
			}
		},
		{
			"from": [5.5, 9.5, 7.75],
			"to": [10.5, 11, 8.25],
			"rotation": {"angle": 0, "axis": "y", "origin": [5, 10, 7.25]},
			"faces": {
				"north": {"uv": [6, 6, 16, 9], "texture": "#0"},
				"east": {"uv": [6, 12, 7, 15], "texture": "#0"},
				"south": {"uv": [6, 12, 16, 15], "texture": "#0"},
				"west": {"uv": [6, 12, 7, 15], "texture": "#0"},
				"up": {"uv": [6, 12, 16, 13], "texture": "#0"},
				"down": {"uv": [6, 12, 16, 13], "texture": "#0"}
			}
		},
		{
			"from": [5.5, 13.5, 7.75],
			"to": [10.5, 15, 8.25],
			"rotation": {"angle": 0, "axis": "y", "origin": [5, 14, 7.25]},
			"faces": {
				"north": {"uv": [6, 6, 16, 9], "texture": "#0"},
				"east": {"uv": [6, 6, 7, 9], "texture": "#0"},
				"south": {"uv": [6, 6, 16, 9], "texture": "#0"},
				"west": {"uv": [6, 6, 7, 9], "texture": "#0"},
				"up": {"uv": [6, 6, 16, 7], "texture": "#0"},
				"down": {"uv": [6, 6, 16, 7], "texture": "#0"}
			}
		},
		{
			"from": [5.5, 18.5, 7.75],
			"to": [10.5, 20, 8.25],
			"rotation": {"angle": 0, "axis": "y", "origin": [5, 19, 7.25]},
			"faces": {
				"north": {"uv": [0, 6, 10, 9], "texture": "#0"},
				"east": {"uv": [0, 8, 1, 11], "texture": "#0"},
				"south": {"uv": [0, 8, 10, 11], "texture": "#0"},
				"west": {"uv": [0, 8, 1, 11], "texture": "#0"},
				"up": {"uv": [0, 8, 10, 9], "texture": "#0"},
				"down": {"uv": [0, 8, 10, 9], "texture": "#0"}
			}
		},
		{
			"from": [5.5, 23.5, 7.75],
			"to": [10.5, 25, 8.25],
			"rotation": {"angle": 0, "axis": "y", "origin": [5, 24, 7.25]},
			"faces": {
				"north": {"uv": [6, 1, 16, 4], "texture": "#0"},
				"east": {"uv": [6, 1, 7, 4], "texture": "#0"},
				"south": {"uv": [6, 1, 16, 4], "texture": "#0"},
				"west": {"uv": [6, 1, 7, 4], "texture": "#0"},
				"up": {"uv": [6, 1, 16, 2], "texture": "#0"},
				"down": {"uv": [6, 1, 16, 2], "texture": "#0"}
			}
		},
		{
			"from": [5.5, 28.5, 7.75],
			"to": [10.5, 30, 8.25],
			"rotation": {"angle": 0, "axis": "y", "origin": [5, 29, 7.25]},
			"faces": {
				"north": {"uv": [0, 6, 10, 9], "texture": "#0"},
				"east": {"uv": [0, 13, 1, 16], "texture": "#0"},
				"south": {"uv": [0, 13, 10, 16], "texture": "#0"},
				"west": {"uv": [0, 13, 1, 16], "texture": "#0"},
				"up": {"uv": [0, 13, 10, 14], "texture": "#0"},
				"down": {"uv": [0, 13, 10, 14], "texture": "#0"}
			}
		}
	],
	"groups": [
		{
			"name": "side",
			"origin": [10.5, 0, 7.5],
			"color": 0,
			"children": [0, 1, 2, 3]
		},
		{
			"name": "planks",
			"origin": [10.5, 0, 7.5],
			"color": 0,
			"children": [4, 5, 6, 7, 8, 9, 10, 11]
		}
	]
}