{
	"credit": "Made with Blockbench",
	"texture_size": [32, 32],
	"textures": {
		"1": "item/doors/decor/luggage_cart_top",
		"2": "item/doors/decor/luggage_cart_bottom",
		"3": "item/doors/decor/luggage_cart_wheel"
	},
	"elements": [
		{
			"from": [-4, 2, 0],
			"to": [20, 4, 16],
			"rotation": {"angle": 0, "axis": "y", "origin": [0, 2, 0]},
			"faces": {
				"north": {"uv": [0, 0, 12, 1], "texture": "#2"},
				"east": {"uv": [0, 0, 8, 1], "texture": "#2"},
				"south": {"uv": [0, 0, 12, 1], "texture": "#2"},
				"west": {"uv": [0, 0, 8, 1], "texture": "#2"},
				"up": {"uv": [0, 0, 12, 8], "texture": "#2"},
				"down": {"uv": [0, 0, 12, 8], "texture": "#2"}
			}
		},
		{
			"from": [-1.25, 27.25, 5],
			"to": [17.25, 28.25, 11],
			"rotation": {"angle": 0, "axis": "y", "origin": [0, 26.25, 0]},
			"faces": {
				"north": {"uv": [6.5, 0, 11.25, 0.25], "texture": "#1"},
				"east": {"uv": [7.5, 2.25, 9, 2.5], "texture": "#1"},
				"south": {"uv": [6.5, 0.25, 11.25, 0.5], "texture": "#1"},
				"west": {"uv": [7.5, 4.25, 9, 4.5], "texture": "#1"},
				"up": {"uv": [4.75, 1.5, 0, 0], "texture": "#1"},
				"down": {"uv": [4.75, 1.5, 0, 3], "texture": "#1"}
			}
		},
		{
			"from": [6, 28.25, 6],
			"to": [10, 29.75, 10],
			"rotation": {"angle": 0, "axis": "y", "origin": [0, 28.25, 0]},
			"faces": {
				"north": {"uv": [2, 7, 3, 7.5], "texture": "#1"},
				"east": {"uv": [7, 2.5, 8, 3], "texture": "#1"},
				"south": {"uv": [3, 7, 4, 7.5], "texture": "#1"},
				"west": {"uv": [7, 3, 8, 3.5], "texture": "#1"},
				"up": {"uv": [7.5, 1.5, 6.5, 0.5], "texture": "#1"},
				"down": {"uv": [7.5, 1.5, 6.5, 2.5], "texture": "#1"}
			}
		},
		{
			"from": [7.5, 29.75, 7.5],
			"to": [8.5, 30.75, 8.5],
			"rotation": {"angle": 0, "axis": "y", "origin": [0, 28.75, 0]},
			"faces": {
				"north": {"uv": [8, 4, 8.25, 4.25], "texture": "#1"},
				"east": {"uv": [8.25, 2, 8.5, 2.25], "texture": "#1"},
				"south": {"uv": [8.25, 4, 8.5, 4.25], "texture": "#1"},
				"west": {"uv": [8.25, 6.5, 8.5, 6.75], "texture": "#1"},
				"up": {"uv": [8.5, 7, 8.25, 6.75], "texture": "#1"},
				"down": {"uv": [7.25, 8.25, 7, 8.5], "texture": "#1"}
			}
		},
		{
			"from": [-4, 4, 0],
			"to": [20, 5, 2],
			"rotation": {"angle": 0, "axis": "y", "origin": [0, 4, 0]},
			"faces": {
				"north": {"uv": [0, 0, 12, 0.5], "texture": "#2"},
				"east": {"uv": [0, 0, 1, 0.5], "texture": "#2"},
				"south": {"uv": [0, 0, 12, 0.5], "texture": "#2"},
				"west": {"uv": [0, 0, 1, 0.5], "texture": "#2"},
				"up": {"uv": [0, 0, 12, 1], "texture": "#2"},
				"down": {"uv": [0, 0, 12, 1], "texture": "#2"}
			}
		},
		{
			"from": [-4, 4, 14],
			"to": [20, 5, 16],
			"rotation": {"angle": 0, "axis": "y", "origin": [0, 4, 14]},
			"faces": {
				"north": {"uv": [0, 0, 12, 0.5], "texture": "#2"},
				"east": {"uv": [0, 0, 1, 0.5], "texture": "#2"},
				"south": {"uv": [0, 0, 12, 0.5], "texture": "#2"},
				"west": {"uv": [0, 0, 1, 0.5], "texture": "#2"},
				"up": {"uv": [0, 0, 12, 1], "texture": "#2"},
				"down": {"uv": [0, 0, 12, 1], "texture": "#2"}
			}
		},
		{
			"from": [-3.75, 5, 14.25],
			"to": [-2.25, 21, 15.75],
			"rotation": {"angle": 0, "axis": "y", "origin": [0, 5, 14]},
			"faces": {
				"north": {"uv": [0, 3, 0.5, 7], "texture": "#1"},
				"east": {"uv": [0.5, 3, 1, 7], "texture": "#1"},
				"south": {"uv": [1, 3, 1.5, 7], "texture": "#1"},
				"west": {"uv": [1.5, 3, 2, 7], "texture": "#1"},
				"up": {"uv": [8, 5, 7.5, 4.5], "texture": "#1"},
				"down": {"uv": [8.25, 5, 7.75, 5.5], "texture": "#1"}
			}
		},
		{
			"from": [-3.15, 20, 14.25],
			"to": [-1.85, 25, 15.75],
			"rotation": {"angle": -22.5, "axis": "x", "origin": [-2.5, 20, 14]},
			"faces": {
				"north": {"uv": [4.75, 0, 5, 1.25], "texture": "#1"},
				"east": {"uv": [6.5, 2.5, 7, 3.75], "texture": "#1"},
				"south": {"uv": [4.75, 1.25, 5, 2.5], "texture": "#1"},
				"west": {"uv": [6.5, 3.75, 7, 5], "texture": "#1"},
				"up": {"uv": [5, 3, 4.75, 2.5], "texture": "#1"},
				"down": {"uv": [8.25, 4.5, 8, 5], "texture": "#1"}
			}
		},
		{
			"from": [-2.15, 24, 12.5],
			"to": [-0.85, 27, 14],
			"rotation": {"angle": -45, "axis": "x", "origin": [-1.5, 24, 12.25]},
			"faces": {
				"north": {"uv": [4.75, 7.75, 5, 8.5], "texture": "#1"},
				"east": {"uv": [7, 3.5, 7.5, 4.25], "texture": "#1"},
				"south": {"uv": [8, 0.5, 8.25, 1.25], "texture": "#1"},
				"west": {"uv": [4, 7, 4.5, 7.75], "texture": "#1"},
				"up": {"uv": [0.25, 8.75, 0, 8.25], "texture": "#1"},
				"down": {"uv": [0.5, 8.25, 0.25, 8.75], "texture": "#1"}
			}
		},
		{
			"from": [-1.15, 25.75, 7.75],
			"to": [0.15, 27.25, 10.75],
			"rotation": {"angle": 22.5, "axis": "x", "origin": [-0.5, 25.5, 10.75]},
			"faces": {
				"north": {"uv": [0.75, 8.25, 1, 8.75], "texture": "#1"},
				"east": {"uv": [7, 5, 7.75, 5.5], "texture": "#1"},
				"south": {"uv": [1, 8.25, 1.25, 8.75], "texture": "#1"},
				"west": {"uv": [7, 5.5, 7.75, 6], "texture": "#1"},
				"up": {"uv": [2.75, 8.75, 2.5, 8], "texture": "#1"},
				"down": {"uv": [8.25, 2.5, 8, 3.25], "texture": "#1"}
			}
		},
		{
			"from": [-1.15, 25.75, 5.25],
			"to": [0.15, 27.25, 8.25],
			"rotation": {"angle": -22.5, "axis": "x", "origin": [-0.5, 25.5, 5.25]},
			"faces": {
				"north": {"uv": [8.25, 1, 8.5, 1.5], "texture": "#1"},
				"east": {"uv": [7, 6, 7.75, 6.5], "texture": "#1"},
				"south": {"uv": [1.25, 8.25, 1.5, 8.75], "texture": "#1"},
				"west": {"uv": [7, 6.5, 7.75, 7], "texture": "#1"},
				"up": {"uv": [3, 8.75, 2.75, 8], "texture": "#1"},
				"down": {"uv": [3.25, 8, 3, 8.75], "texture": "#1"}
			}
		},
		{
			"from": [-2.15, 24, 2],
			"to": [-0.85, 27, 3.5],
			"rotation": {"angle": 45, "axis": "x", "origin": [-1.5, 24, 3.75]},
			"faces": {
				"north": {"uv": [2, 8, 2.25, 8.75], "texture": "#1"},
				"east": {"uv": [7, 4.25, 7.5, 5], "texture": "#1"},
				"south": {"uv": [2.25, 8, 2.5, 8.75], "texture": "#1"},
				"west": {"uv": [4.5, 7, 5, 7.75], "texture": "#1"},
				"up": {"uv": [0.75, 8.75, 0.5, 8.25], "texture": "#1"},
				"down": {"uv": [8.5, 0.5, 8.25, 1], "texture": "#1"}
			}
		},
		{
			"from": [-3.15, 20, 0.25],
			"to": [-1.85, 25, 1.75],
			"rotation": {"angle": 22.5, "axis": "x", "origin": [-2.5, 20, 2]},
			"faces": {
				"north": {"uv": [6.5, 7.5, 6.75, 8.75], "texture": "#1"},
				"east": {"uv": [6.5, 5, 7, 6.25], "texture": "#1"},
				"south": {"uv": [6.75, 7.5, 7, 8.75], "texture": "#1"},
				"west": {"uv": [6.5, 6.25, 7, 7.5], "texture": "#1"},
				"up": {"uv": [8, 8.5, 7.75, 8], "texture": "#1"},
				"down": {"uv": [8.25, 8, 8, 8.5], "texture": "#1"}
			}
		},
		{
			"from": [17.85, 20, 0.25],
			"to": [19.15, 25, 1.75],
			"rotation": {"angle": 22.5, "axis": "x", "origin": [18.5, 20, 2]},
			"faces": {
				"north": {"uv": [4.25, 7.75, 4.5, 9], "texture": "#1"},
				"east": {"uv": [1, 7, 1.5, 8.25], "texture": "#1"},
				"south": {"uv": [4.5, 7.75, 4.75, 9], "texture": "#1"},
				"west": {"uv": [1.5, 7, 2, 8.25], "texture": "#1"},
				"up": {"uv": [8.5, 6, 8.25, 5.5], "texture": "#1"},
				"down": {"uv": [8.5, 6, 8.25, 6.5], "texture": "#1"}
			}
		},
		{
			"from": [16.85, 24, 2],
			"to": [18.15, 27, 3.5],
			"rotation": {"angle": 45, "axis": "x", "origin": [17.5, 24, 3.75]},
			"faces": {
				"north": {"uv": [6, 8, 6.25, 8.75], "texture": "#1"},
				"east": {"uv": [3.5, 7.5, 4, 8.25], "texture": "#1"},
				"south": {"uv": [6.25, 8, 6.5, 8.75], "texture": "#1"},
				"west": {"uv": [7.5, 3.5, 8, 4.25], "texture": "#1"},
				"up": {"uv": [8.5, 5, 8.25, 4.5], "texture": "#1"},
				"down": {"uv": [8.5, 5, 8.25, 5.5], "texture": "#1"}
			}
		},
		{
			"from": [15.85, 25.75, 5.25],
			"to": [17.15, 27.25, 8.25],
			"rotation": {"angle": -22.5, "axis": "x", "origin": [16.5, 25.5, 5.25]},
			"faces": {
				"north": {"uv": [8.25, 3.5, 8.5, 4], "texture": "#1"},
				"east": {"uv": [2, 7.5, 2.75, 8], "texture": "#1"},
				"south": {"uv": [3.75, 8.25, 4, 8.75], "texture": "#1"},
				"west": {"uv": [2.75, 7.5, 3.5, 8], "texture": "#1"},
				"up": {"uv": [5.75, 8.75, 5.5, 8], "texture": "#1"},
				"down": {"uv": [6, 8, 5.75, 8.75], "texture": "#1"}
			}
		},
		{
			"from": [15.85, 25.75, 7.75],
			"to": [17.15, 27.25, 10.75],
			"rotation": {"angle": 22.5, "axis": "x", "origin": [16.5, 25.5, 10.75]},
			"faces": {
				"north": {"uv": [8.25, 3, 8.5, 3.5], "texture": "#1"},
				"east": {"uv": [7.5, 1.25, 8.25, 1.75], "texture": "#1"},
				"south": {"uv": [3.5, 8.25, 3.75, 8.75], "texture": "#1"},
				"west": {"uv": [7.5, 1.75, 8.25, 2.25], "texture": "#1"},
				"up": {"uv": [5.25, 8.75, 5, 8], "texture": "#1"},
				"down": {"uv": [5.5, 8, 5.25, 8.75], "texture": "#1"}
			}
		},
		{
			"from": [16.85, 24, 12.5],
			"to": [18.15, 27, 14],
			"rotation": {"angle": -45, "axis": "x", "origin": [17.5, 24, 12.25]},
			"faces": {
				"north": {"uv": [3.25, 8, 3.5, 8.75], "texture": "#1"},
				"east": {"uv": [7, 7, 7.5, 7.75], "texture": "#1"},
				"south": {"uv": [8, 3.25, 8.25, 4], "texture": "#1"},
				"west": {"uv": [7.5, 0.5, 8, 1.25], "texture": "#1"},
				"up": {"uv": [2, 8.75, 1.75, 8.25], "texture": "#1"},
				"down": {"uv": [8.5, 2.5, 8.25, 3], "texture": "#1"}
			}
		},
		{
			"from": [17.85, 20, 14.25],
			"to": [19.15, 25, 15.75],
			"rotation": {"angle": -22.5, "axis": "x", "origin": [18.5, 20, 14]},
			"faces": {
				"north": {"uv": [7.5, 7, 7.75, 8.25], "texture": "#1"},
				"east": {"uv": [0, 7, 0.5, 8.25], "texture": "#1"},
				"south": {"uv": [4, 7.75, 4.25, 9], "texture": "#1"},
				"west": {"uv": [0.5, 7, 1, 8.25], "texture": "#1"},
				"up": {"uv": [1.75, 8.75, 1.5, 8.25], "texture": "#1"},
				"down": {"uv": [8.5, 1.5, 8.25, 2], "texture": "#1"}
			}
		},
		{
			"from": [18.25, 5, 14.25],
			"to": [19.75, 21, 15.75],
			"rotation": {"angle": 0, "axis": "y", "origin": [22, 5, 14]},
			"faces": {
				"north": {"uv": [2, 3, 2.5, 7], "texture": "#1"},
				"east": {"uv": [2.5, 3, 3, 7], "texture": "#1"},
				"south": {"uv": [3, 3, 3.5, 7], "texture": "#1"},
				"west": {"uv": [3.5, 3, 4, 7], "texture": "#1"},
				"up": {"uv": [8.25, 6, 7.75, 5.5], "texture": "#1"},
				"down": {"uv": [8.25, 6, 7.75, 6.5], "texture": "#1"}
			}
		},
		{
			"from": [18.25, 5, 0.25],
			"to": [19.75, 21, 1.75],
			"rotation": {"angle": 0, "axis": "y", "origin": [22, 5, 0]},
			"faces": {
				"north": {"uv": [4, 3, 4.5, 7], "texture": "#1"},
				"east": {"uv": [4.5, 3, 5, 7], "texture": "#1"},
				"south": {"uv": [5, 0, 5.5, 4], "texture": "#1"},
				"west": {"uv": [5, 4, 5.5, 8], "texture": "#1"},
				"up": {"uv": [8.25, 7, 7.75, 6.5], "texture": "#1"},
				"down": {"uv": [7.5, 7.75, 7, 8.25], "texture": "#1"}
			}
		},
		{
			"from": [-3.75, 5, 0.25],
			"to": [-2.25, 21, 1.75],
			"rotation": {"angle": 0, "axis": "y", "origin": [0, 5, 0]},
			"faces": {
				"north": {"uv": [5.5, 0, 6, 4], "texture": "#1"},
				"east": {"uv": [5.5, 4, 6, 8], "texture": "#1"},
				"south": {"uv": [6, 0, 6.5, 4], "texture": "#1"},
				"west": {"uv": [6, 4, 6.5, 8], "texture": "#1"},
				"up": {"uv": [8.25, 7.5, 7.75, 7], "texture": "#1"},
				"down": {"uv": [8.25, 7.5, 7.75, 8], "texture": "#1"}
			}
		},
		{
			"from": [-4, 4, 2],
			"to": [-2, 5, 14],
			"rotation": {"angle": 0, "axis": "y", "origin": [0, 4, 12]},
			"faces": {
				"north": {"uv": [0, 0, 1, 0.5], "texture": "#2"},
				"east": {"uv": [0, 0, 6, 0.5], "texture": "#2"},
				"south": {"uv": [0, 0, 1, 0.5], "texture": "#2"},
				"west": {"uv": [0, 0, 6, 0.5], "texture": "#2"},
				"up": {"uv": [0, 0, 1, 6], "texture": "#2"},
				"down": {"uv": [0, 0, 1, 6], "texture": "#2"}
			}
		},
		{
			"from": [18, 4, 2],
			"to": [20, 5, 14],
			"rotation": {"angle": 0, "axis": "y", "origin": [22, 4, 12]},
			"faces": {
				"north": {"uv": [0, 0, 1, 0.5], "texture": "#2"},
				"east": {"uv": [0, 0, 6, 0.5], "texture": "#2"},
				"south": {"uv": [0, 0, 1, 0.5], "texture": "#2"},
				"west": {"uv": [0, 0, 6, 0.5], "texture": "#2"},
				"up": {"uv": [0, 0, 1, 6], "texture": "#2"},
				"down": {"uv": [0, 0, 1, 6], "texture": "#2"}
			}
		},
		{
			"from": [-3, 0, 2],
			"to": [-1, 2, 3],
			"rotation": {"angle": 0, "axis": "y", "origin": [-3, 0, 2]},
			"faces": {
				"north": {"uv": [0, 0, 3, 3], "texture": "#3"},
				"east": {"uv": [0, 0, 1.5, 3], "texture": "#3"},
				"south": {"uv": [0, 0, 3, 3], "texture": "#3"},
				"west": {"uv": [0, 0, 1.5, 3], "texture": "#3"},
				"up": {"uv": [0, 0, 3, 1.5], "texture": "#3"},
				"down": {"uv": [0, 0, 3, 1.5], "texture": "#3"}
			}
		},
		{
			"from": [17, 0, 2],
			"to": [19, 2, 3],
			"rotation": {"angle": 0, "axis": "y", "origin": [17, 0, 2]},
			"faces": {
				"north": {"uv": [0, 0, 2, 2], "texture": "#3"},
				"east": {"uv": [2, 0, 3, 2], "texture": "#3"},
				"south": {"uv": [0, 2, 2, 4], "texture": "#3"},
				"west": {"uv": [2, 2, 3, 4], "texture": "#3"},
				"up": {"uv": [5, 1, 3, 0], "texture": "#3"},
				"down": {"uv": [5, 1, 3, 2], "texture": "#3"}
			}
		},
		{
			"from": [17, 0, 13],
			"to": [19, 2, 14],
			"rotation": {"angle": 0, "axis": "y", "origin": [17, 0, 13]},
			"faces": {
				"north": {"uv": [0, 0, 3, 3], "texture": "#3"},
				"east": {"uv": [0, 0, 1.5, 3], "texture": "#3"},
				"south": {"uv": [0, 0, 3, 3], "texture": "#3"},
				"west": {"uv": [0, 0, 1.5, 3], "texture": "#3"},
				"up": {"uv": [0, 0, 3, 1.5], "texture": "#3"},
				"down": {"uv": [0, 0, 3, 1.5], "texture": "#3"}
			}
		},
		{
			"from": [-3, 0, 13],
			"to": [-1, 2, 14],
			"rotation": {"angle": 0, "axis": "y", "origin": [-3, 0, 13]},
			"faces": {
				"north": {"uv": [0, 0, 3, 3], "texture": "#3"},
				"east": {"uv": [0, 0, 1.5, 3], "texture": "#3"},
				"south": {"uv": [0, 0, 3, 3], "texture": "#3"},
				"west": {"uv": [0, 0, 1.5, 3], "texture": "#3"},
				"up": {"uv": [0, 0, 3, 1.5], "texture": "#3"},
				"down": {"uv": [0, 0, 3, 1.5], "texture": "#3"}
			}
		}
	],
	"display": {},
	"groups": [
		{
			"name": "root",
			"origin": [8, 8, 8],
			"color": 0,
			"children": [0, 1, 2, 3, 4, 5, 6, 7, 8, 9, 10, 11, 12, 13, 14, 15, 16, 17, 18, 19, 20, 21, 22, 23, 24, 25, 26, 27]
		}
	]
}