{
	"credit": "Made with Blockbench",
	"texture_size": [32, 32],
	"textures": {
		"0": "item/doors/decor/luggage"
	},
	"elements": [
		{
			"from": [1, 8, 3],
			"to": [15, 10.25, 13],
			"rotation": {"angle": 0, "axis": "y", "origin": [7, 8, 7]},
			"faces": {
				"north": {"uv": [0, 10, 7, 11], "texture": "#0"},
				"east": {"uv": [0, 12, 5, 13], "texture": "#0"},
				"south": {"uv": [7, 10, 14, 11], "texture": "#0"},
				"west": {"uv": [5, 12, 10, 13], "texture": "#0"},
				"up": {"uv": [7, 5, 0, 0], "texture": "#0"},
				"down": {"uv": [7, 5, 0, 10], "texture": "#0"}
			}
		},
		{
			"from": [0.9, 10.25, 2.9],
			"to": [15.1, 12.25, 13.1],
			"rotation": {"angle": 0, "axis": "y", "origin": [7, 10, 7]},
			"faces": {
				"north": {"uv": [0, 11, 7, 12], "texture": "#0"},
				"east": {"uv": [10, 12, 15, 13], "texture": "#0"},
				"south": {"uv": [7, 11, 14, 12], "texture": "#0"},
				"west": {"uv": [0, 13, 5, 14], "texture": "#0"},
				"up": {"uv": [14, 5, 7, 0], "texture": "#0"},
				"down": {"uv": [14, 5, 7, 10], "texture": "#0"}
			}
		},
		{
			"from": [9.25, 9.25, 1.75],
			"to": [9.75, 9.75, 2.9],
			"rotation": {"angle": 0, "axis": "y", "origin": [8, 8, 1]},
			"faces": {
				"north": {"uv": [11, 13, 11.5, 13.5], "texture": "#0"},
				"east": {"uv": [11.5, 13, 12, 13.5], "texture": "#0"},
				"south": {"uv": [12, 13, 12.5, 13.5], "texture": "#0"},
				"west": {"uv": [12.5, 13, 13, 13.5], "texture": "#0"},
				"up": {"uv": [13.5, 13.5, 13, 13], "texture": "#0"},
				"down": {"uv": [5.5, 13.5, 5, 14], "texture": "#0"}
			}
		},
		{
			"from": [6.15, 9.15, 2.95],
			"to": [6.85, 9.85, 3],
			"rotation": {"angle": 0, "axis": "y", "origin": [5, 8, 1]},
			"faces": {
				"north": {"uv": [9.5, 13.5, 10, 14], "texture": "#0"},
				"east": {"uv": [10, 13.5, 10.5, 14], "texture": "#0"},
				"south": {"uv": [10.5, 13.5, 11, 14], "texture": "#0"},
				"west": {"uv": [11, 13.5, 11.5, 14], "texture": "#0"},
				"up": {"uv": [12, 14, 11.5, 13.5], "texture": "#0"},
				"down": {"uv": [12.5, 13.5, 12, 14], "texture": "#0"}
			}
		},
		{
			"from": [9.15, 9.15, 2.95],
			"to": [9.85, 9.85, 3],
			"rotation": {"angle": 0, "axis": "y", "origin": [8, 8, 1]},
			"faces": {
				"north": {"uv": [9.5, 13.5, 10, 14], "texture": "#0"},
				"east": {"uv": [10, 13.5, 10.5, 14], "texture": "#0"},
				"south": {"uv": [10.5, 13.5, 11, 14], "texture": "#0"},
				"west": {"uv": [11, 13.5, 11.5, 14], "texture": "#0"},
				"up": {"uv": [12, 14, 11.5, 13.5], "texture": "#0"},
				"down": {"uv": [12.5, 13.5, 12, 14], "texture": "#0"}
			}
		},
		{
			"from": [6.25, 9.25, 1.75],
			"to": [6.75, 9.75, 2.9],
			"rotation": {"angle": 0, "axis": "y", "origin": [5, 8, 1]},
			"faces": {
				"north": {"uv": [5.5, 13.5, 6, 14], "texture": "#0"},
				"east": {"uv": [6, 13.5, 6.5, 14], "texture": "#0"},
				"south": {"uv": [6.5, 13.5, 7, 14], "texture": "#0"},
				"west": {"uv": [7, 13.5, 7.5, 14], "texture": "#0"},
				"up": {"uv": [8, 14, 7.5, 13.5], "texture": "#0"},
				"down": {"uv": [8.5, 13.5, 8, 14], "texture": "#0"}
			}
		},
		{
			"from": [6.75, 9.25, 1.75],
			"to": [9.25, 9.75, 2.25],
			"rotation": {"angle": 0, "axis": "y", "origin": [7, 8, 1.5]},
			"faces": {
				"north": {"uv": [5, 13, 6.5, 13.5], "texture": "#0"},
				"east": {"uv": [8.5, 13.5, 9, 14], "texture": "#0"},
				"south": {"uv": [6.5, 13, 8, 13.5], "texture": "#0"},
				"west": {"uv": [9, 13.5, 9.5, 14], "texture": "#0"},
				"up": {"uv": [9.5, 13.5, 8, 13], "texture": "#0"},
				"down": {"uv": [11, 13, 9.5, 13.5], "texture": "#0"}
			}
		}
	],
	"groups": [
		{
			"name": "root",
			"origin": [8, 8, 8],
			"color": 0,
			"children": [0, 1, 2, 3, 4, 5, 6]
		}
	]
}