{
	"credit": "Made with Blockbench",
	"textures": {
		"0": "block/black_concrete",
		"1": "block/gray_concrete",
		"2": "block/gray_concrete_powder",
		"particle": "block/black_concrete"
	},
	"elements": [
		{
			"from": [7, 2, 0],
			"to": [9, 4, 16],
			"rotation": {"angle": -45, "axis": "y", "origin": [8, 2, 8]},
			"faces": {
				"north": {"uv": [0, 0, 2, 2], "texture": "#1"},
				"east": {"uv": [0, 0, 16, 2], "texture": "#1"},
				"south": {"uv": [0, 0, 2, 2], "texture": "#1"},
				"west": {"uv": [0, 0, 16, 2], "texture": "#1"},
				"up": {"uv": [0, 0, 16, 2], "rotation": 270, "texture": "#1"},
				"down": {"uv": [0, 0, 16, 2], "rotation": 90, "texture": "#1"}
			}
		},
		{
			"from": [7, 4, 7],
			"to": [9, 11, 9],
			"rotation": {"angle": 0, "axis": "y", "origin": [7, 6, 7]},
			"faces": {
				"north": {"uv": [0, 0, 2, 7], "texture": "#1"},
				"east": {"uv": [0, 0, 2, 7], "texture": "#1"},
				"south": {"uv": [0, 0, 2, 7], "texture": "#1"},
				"west": {"uv": [0, 0, 2, 7], "texture": "#1"},
				"up": {"uv": [0, 0, 2, 2], "texture": "#1"},
				"down": {"uv": [0, 0, 2, 2], "texture": "#1"}
			}
		},
		{
			"from": [0, 2, 7],
			"to": [16, 4, 9],
			"rotation": {"angle": 0, "axis": "z", "origin": [8, 2, 8]},
			"faces": {
				"north": {"uv": [0, 0, 16, 2], "texture": "#1"},
				"east": {"uv": [0, 0, 2, 2], "texture": "#1"},
				"south": {"uv": [0, 0, 16, 2], "texture": "#1"},
				"west": {"uv": [0, 0, 2, 2], "texture": "#1"},
				"up": {"uv": [0, 0, 16, 2], "texture": "#1"},
				"down": {"uv": [0, 0, 16, 2], "texture": "#1"}
			}
		},
		{
			"from": [0, 2, 7],
			"to": [16, 4, 9],
			"rotation": {"angle": -45, "axis": "y", "origin": [8, 2, 8]},
			"faces": {
				"north": {"uv": [0, 0, 16, 2], "texture": "#1"},
				"east": {"uv": [0, 0, 2, 2], "texture": "#1"},
				"south": {"uv": [0, 0, 16, 2], "texture": "#1"},
				"west": {"uv": [0, 0, 2, 2], "texture": "#1"},
				"up": {"uv": [0, 0, 16, 2], "texture": "#1"},
				"down": {"uv": [0, 0, 16, 2], "texture": "#1"}
			}
		},
		{
			"from": [7, 2, 0],
			"to": [9, 4, 16],
			"rotation": {"angle": 0, "axis": "y", "origin": [8, 2, 8]},
			"faces": {
				"north": {"uv": [0, 0, 2, 2], "texture": "#1"},
				"east": {"uv": [0, 0, 16, 2], "texture": "#1"},
				"south": {"uv": [0, 0, 2, 2], "texture": "#1"},
				"west": {"uv": [0, 0, 16, 2], "texture": "#1"},
				"up": {"uv": [0, 0, 16, 2], "rotation": 270, "texture": "#1"},
				"down": {"uv": [0, 0, 16, 2], "rotation": 90, "texture": "#1"}
			}
		},
		{
			"from": [7.275, 0.925, 0.65],
			"to": [8.725, 1.125, 0.85],
			"rotation": {"angle": 0, "axis": "y", "origin": [7, 1, -0.25]},
			"faces": {
				"north": {"uv": [0, 0, 1.45, 0.2], "texture": "#2"},
				"east": {"uv": [0, 0, 0.2, 0.2], "texture": "#2"},
				"south": {"uv": [0, 0, 1.45, 0.2], "texture": "#2"},
				"west": {"uv": [0, 0, 0.2, 0.2], "texture": "#2"},
				"up": {"uv": [0, 0, 1.45, 0.2], "texture": "#2"},
				"down": {"uv": [0, 0, 1.45, 0.2], "texture": "#2"}
			}
		},
		{
			"from": [7.35, 0.75, 0.5],
			"to": [8.65, 2.75, 1],
			"rotation": {"angle": 0, "axis": "y", "origin": [7, 1, -0.25]},
			"faces": {
				"north": {"uv": [0, 0, 1.3, 2], "texture": "#1"},
				"east": {"uv": [0, 0, 0.5, 2], "texture": "#1"},
				"south": {"uv": [0, 0, 1.3, 2], "texture": "#1"},
				"west": {"uv": [0, 0, 0.5, 2], "texture": "#1"},
				"up": {"uv": [0, 0, 1.3, 0.5], "texture": "#1"},
				"down": {"uv": [0, 0, 1.3, 0.5], "texture": "#1"}
			}
		},
		{
			"from": [7.5, 0.25, 0],
			"to": [8.5, 1.75, 1.5],
			"rotation": {"angle": 0, "axis": "y", "origin": [7, 0, -0.25]},
			"faces": {
				"north": {"uv": [0, 0, 1, 1.5], "texture": "#0"},
				"east": {"uv": [0, 0, 1.5, 1.5], "texture": "#0"},
				"south": {"uv": [0, 0, 1, 1.5], "texture": "#0"},
				"west": {"uv": [0, 0, 1.5, 1.5], "texture": "#0"},
				"up": {"uv": [0, 0, 1, 1.5], "texture": "#0"},
				"down": {"uv": [0, 0, 1, 1.5], "texture": "#0"}
			}
		},
		{
			"from": [7.525, 0.25, 0],
			"to": [8.475, 1.75, 1.5],
			"rotation": {"angle": 45, "axis": "x", "origin": [8, 1, 0.75]},
			"faces": {
				"north": {"uv": [0, 0, 0.95, 1.5], "texture": "#0"},
				"east": {"uv": [0, 0, 1.5, 1.5], "texture": "#0"},
				"south": {"uv": [0, 0, 0.95, 1.5], "texture": "#0"},
				"west": {"uv": [0, 0, 1.5, 1.5], "texture": "#0"},
				"up": {"uv": [0, 0, 0.95, 1.5], "texture": "#0"},
				"down": {"uv": [0, 0, 0.95, 1.5], "texture": "#0"}
			}
		},
		{
			"from": [7.275, 0.925, 15.15],
			"to": [8.725, 1.125, 15.35],
			"rotation": {"angle": 0, "axis": "y", "origin": [7, 1, 14.25]},
			"faces": {
				"north": {"uv": [0, 0, 1.45, 0.2], "texture": "#2"},
				"east": {"uv": [0, 0, 0.2, 0.2], "texture": "#2"},
				"south": {"uv": [0, 0, 1.45, 0.2], "texture": "#2"},
				"west": {"uv": [0, 0, 0.2, 0.2], "texture": "#2"},
				"up": {"uv": [0, 0, 1.45, 0.2], "texture": "#2"},
				"down": {"uv": [0, 0, 1.45, 0.2], "texture": "#2"}
			}
		},
		{
			"from": [7.35, 0.75, 15],
			"to": [8.65, 2.75, 15.5],
			"rotation": {"angle": 0, "axis": "y", "origin": [7, 1, 14.25]},
			"faces": {
				"north": {"uv": [0, 0, 1.3, 2], "texture": "#1"},
				"east": {"uv": [0, 0, 0.5, 2], "texture": "#1"},
				"south": {"uv": [0, 0, 1.3, 2], "texture": "#1"},
				"west": {"uv": [0, 0, 0.5, 2], "texture": "#1"},
				"up": {"uv": [0, 0, 1.3, 0.5], "texture": "#1"},
				"down": {"uv": [0, 0, 1.3, 0.5], "texture": "#1"}
			}
		},
		{
			"from": [7.5, 0.25, 14.5],
			"to": [8.5, 1.75, 16],
			"rotation": {"angle": 0, "axis": "y", "origin": [7, 0, 14.25]},
			"faces": {
				"north": {"uv": [0, 0, 1, 1.5], "texture": "#0"},
				"east": {"uv": [0, 0, 1.5, 1.5], "texture": "#0"},
				"south": {"uv": [0, 0, 1, 1.5], "texture": "#0"},
				"west": {"uv": [0, 0, 1.5, 1.5], "texture": "#0"},
				"up": {"uv": [0, 0, 1, 1.5], "texture": "#0"},
				"down": {"uv": [0, 0, 1, 1.5], "texture": "#0"}
			}
		},
		{
			"from": [7.525, 0.25, 14.5],
			"to": [8.475, 1.75, 16],
			"rotation": {"angle": 45, "axis": "x", "origin": [8, 1, 15.25]},
			"faces": {
				"north": {"uv": [0, 0, 0.95, 1.5], "texture": "#0"},
				"east": {"uv": [0, 0, 1.5, 1.5], "texture": "#0"},
				"south": {"uv": [0, 0, 0.95, 1.5], "texture": "#0"},
				"west": {"uv": [0, 0, 1.5, 1.5], "texture": "#0"},
				"up": {"uv": [0, 0, 0.95, 1.5], "texture": "#0"},
				"down": {"uv": [0, 0, 0.95, 1.5], "texture": "#0"}
			}
		},
		{
			"from": [12.525, 0.925, 12.9],
			"to": [13.975, 1.125, 13.1],
			"rotation": {"angle": 0, "axis": "y", "origin": [12.25, 1, 12]},
			"faces": {
				"north": {"uv": [0, 0, 1.45, 0.2], "texture": "#2"},
				"east": {"uv": [0, 0, 0.2, 0.2], "texture": "#2"},
				"south": {"uv": [0, 0, 1.45, 0.2], "texture": "#2"},
				"west": {"uv": [0, 0, 0.2, 0.2], "texture": "#2"},
				"up": {"uv": [0, 0, 1.45, 0.2], "texture": "#2"},
				"down": {"uv": [0, 0, 1.45, 0.2], "texture": "#2"}
			}
		},
		{
			"from": [12.6, 0.75, 12.75],
			"to": [13.9, 2.75, 13.25],
			"rotation": {"angle": 0, "axis": "y", "origin": [12.25, 1, 12]},
			"faces": {
				"north": {"uv": [0, 0, 1.3, 2], "texture": "#1"},
				"east": {"uv": [0, 0, 0.5, 2], "texture": "#1"},
				"south": {"uv": [0, 0, 1.3, 2], "texture": "#1"},
				"west": {"uv": [0, 0, 0.5, 2], "texture": "#1"},
				"up": {"uv": [0, 0, 1.3, 0.5], "texture": "#1"},
				"down": {"uv": [0, 0, 1.3, 0.5], "texture": "#1"}
			}
		},
		{
			"from": [12.75, 0.25, 12.25],
			"to": [13.75, 1.75, 13.75],
			"rotation": {"angle": 0, "axis": "y", "origin": [12.25, 0, 12]},
			"faces": {
				"north": {"uv": [0, 0, 1, 1.5], "texture": "#0"},
				"east": {"uv": [0, 0, 1.5, 1.5], "texture": "#0"},
				"south": {"uv": [0, 0, 1, 1.5], "texture": "#0"},
				"west": {"uv": [0, 0, 1.5, 1.5], "texture": "#0"},
				"up": {"uv": [0, 0, 1, 1.5], "texture": "#0"},
				"down": {"uv": [0, 0, 1, 1.5], "texture": "#0"}
			}
		},
		{
			"from": [12.775, 0.25, 12.25],
			"to": [13.725, 1.75, 13.75],
			"rotation": {"angle": 45, "axis": "x", "origin": [13.25, 1, 13]},
			"faces": {
				"north": {"uv": [0, 0, 0.95, 1.5], "texture": "#0"},
				"east": {"uv": [0, 0, 1.5, 1.5], "texture": "#0"},
				"south": {"uv": [0, 0, 0.95, 1.5], "texture": "#0"},
				"west": {"uv": [0, 0, 1.5, 1.5], "texture": "#0"},
				"up": {"uv": [0, 0, 0.95, 1.5], "texture": "#0"},
				"down": {"uv": [0, 0, 0.95, 1.5], "texture": "#0"}
			}
		},
		{
			"from": [2.025, 0.925, 12.9],
			"to": [3.475, 1.125, 13.1],
			"rotation": {"angle": 0, "axis": "y", "origin": [1.75, 1, 12]},
			"faces": {
				"north": {"uv": [0, 0, 1.45, 0.2], "texture": "#2"},
				"east": {"uv": [0, 0, 0.2, 0.2], "texture": "#2"},
				"south": {"uv": [0, 0, 1.45, 0.2], "texture": "#2"},
				"west": {"uv": [0, 0, 0.2, 0.2], "texture": "#2"},
				"up": {"uv": [0, 0, 1.45, 0.2], "texture": "#2"},
				"down": {"uv": [0, 0, 1.45, 0.2], "texture": "#2"}
			}
		},
		{
			"from": [2.1, 0.75, 12.75],
			"to": [3.4, 2.75, 13.25],
			"rotation": {"angle": 0, "axis": "y", "origin": [1.75, 1, 12]},
			"faces": {
				"north": {"uv": [0, 0, 1.3, 2], "texture": "#1"},
				"east": {"uv": [0, 0, 0.5, 2], "texture": "#1"},
				"south": {"uv": [0, 0, 1.3, 2], "texture": "#1"},
				"west": {"uv": [0, 0, 0.5, 2], "texture": "#1"},
				"up": {"uv": [0, 0, 1.3, 0.5], "texture": "#1"},
				"down": {"uv": [0, 0, 1.3, 0.5], "texture": "#1"}
			}
		},
		{
			"from": [2.25, 0.25, 12.25],
			"to": [3.25, 1.75, 13.75],
			"rotation": {"angle": 0, "axis": "y", "origin": [1.75, 0, 12]},
			"faces": {
				"north": {"uv": [0, 0, 1, 1.5], "texture": "#0"},
				"east": {"uv": [0, 0, 1.5, 1.5], "texture": "#0"},
				"south": {"uv": [0, 0, 1, 1.5], "texture": "#0"},
				"west": {"uv": [0, 0, 1.5, 1.5], "texture": "#0"},
				"up": {"uv": [0, 0, 1, 1.5], "texture": "#0"},
				"down": {"uv": [0, 0, 1, 1.5], "texture": "#0"}
			}
		},
		{
			"from": [2.275, 0.25, 12.25],
			"to": [3.225, 1.75, 13.75],
			"rotation": {"angle": 45, "axis": "x", "origin": [2.75, 1, 13]},
			"faces": {
				"north": {"uv": [0, 0, 0.95, 1.5], "texture": "#0"},
				"east": {"uv": [0, 0, 1.5, 1.5], "texture": "#0"},
				"south": {"uv": [0, 0, 0.95, 1.5], "texture": "#0"},
				"west": {"uv": [0, 0, 1.5, 1.5], "texture": "#0"},
				"up": {"uv": [0, 0, 0.95, 1.5], "texture": "#0"},
				"down": {"uv": [0, 0, 0.95, 1.5], "texture": "#0"}
			}
		},
		{
			"from": [12.525, 0.925, 2.9],
			"to": [13.975, 1.125, 3.1],
			"rotation": {"angle": 0, "axis": "y", "origin": [12.25, 1, 2]},
			"faces": {
				"north": {"uv": [0, 0, 1.45, 0.2], "texture": "#2"},
				"east": {"uv": [0, 0, 0.2, 0.2], "texture": "#2"},
				"south": {"uv": [0, 0, 1.45, 0.2], "texture": "#2"},
				"west": {"uv": [0, 0, 0.2, 0.2], "texture": "#2"},
				"up": {"uv": [0, 0, 1.45, 0.2], "texture": "#2"},
				"down": {"uv": [0, 0, 1.45, 0.2], "texture": "#2"}
			}
		},
		{
			"from": [12.6, 0.75, 2.75],
			"to": [13.9, 2.75, 3.25],
			"rotation": {"angle": 0, "axis": "y", "origin": [12.25, 1, 2]},
			"faces": {
				"north": {"uv": [0, 0, 1.3, 2], "texture": "#1"},
				"east": {"uv": [0, 0, 0.5, 2], "texture": "#1"},
				"south": {"uv": [0, 0, 1.3, 2], "texture": "#1"},
				"west": {"uv": [0, 0, 0.5, 2], "texture": "#1"},
				"up": {"uv": [0, 0, 1.3, 0.5], "texture": "#1"},
				"down": {"uv": [0, 0, 1.3, 0.5], "texture": "#1"}
			}
		},
		{
			"from": [12.75, 0.25, 2.25],
			"to": [13.75, 1.75, 3.75],
			"rotation": {"angle": 0, "axis": "y", "origin": [12.25, 0, 2]},
			"faces": {
				"north": {"uv": [0, 0, 1, 1.5], "texture": "#0"},
				"east": {"uv": [0, 0, 1.5, 1.5], "texture": "#0"},
				"south": {"uv": [0, 0, 1, 1.5], "texture": "#0"},
				"west": {"uv": [0, 0, 1.5, 1.5], "texture": "#0"},
				"up": {"uv": [0, 0, 1, 1.5], "texture": "#0"},
				"down": {"uv": [0, 0, 1, 1.5], "texture": "#0"}
			}
		},
		{
			"from": [12.775, 0.25, 2.25],
			"to": [13.725, 1.75, 3.75],
			"rotation": {"angle": 45, "axis": "x", "origin": [13.25, 1, 3]},
			"faces": {
				"north": {"uv": [0, 0, 0.95, 1.5], "texture": "#0"},
				"east": {"uv": [0, 0, 1.5, 1.5], "texture": "#0"},
				"south": {"uv": [0, 0, 0.95, 1.5], "texture": "#0"},
				"west": {"uv": [0, 0, 1.5, 1.5], "texture": "#0"},
				"up": {"uv": [0, 0, 0.95, 1.5], "texture": "#0"},
				"down": {"uv": [0, 0, 0.95, 1.5], "texture": "#0"}
			}
		},
		{
			"from": [2.025, 0.925, 2.9],
			"to": [3.475, 1.125, 3.1],
			"rotation": {"angle": 0, "axis": "y", "origin": [1.75, 1, 2]},
			"faces": {
				"north": {"uv": [0, 0, 1.45, 0.2], "texture": "#2"},
				"east": {"uv": [0, 0, 0.2, 0.2], "texture": "#2"},
				"south": {"uv": [0, 0, 1.45, 0.2], "texture": "#2"},
				"west": {"uv": [0, 0, 0.2, 0.2], "texture": "#2"},
				"up": {"uv": [0, 0, 1.45, 0.2], "texture": "#2"},
				"down": {"uv": [0, 0, 1.45, 0.2], "texture": "#2"}
			}
		},
		{
			"from": [2.1, 0.75, 2.75],
			"to": [3.4, 2.75, 3.25],
			"rotation": {"angle": 0, "axis": "y", "origin": [1.75, 1, 2]},
			"faces": {
				"north": {"uv": [0, 0, 1.3, 2], "texture": "#1"},
				"east": {"uv": [0, 0, 0.5, 2], "texture": "#1"},
				"south": {"uv": [0, 0, 1.3, 2], "texture": "#1"},
				"west": {"uv": [0, 0, 0.5, 2], "texture": "#1"},
				"up": {"uv": [0, 0, 1.3, 0.5], "texture": "#1"},
				"down": {"uv": [0, 0, 1.3, 0.5], "texture": "#1"}
			}
		},
		{
			"from": [2.25, 0.25, 2.25],
			"to": [3.25, 1.75, 3.75],
			"rotation": {"angle": 0, "axis": "y", "origin": [1.75, 0, 2]},
			"faces": {
				"north": {"uv": [0, 0, 1, 1.5], "texture": "#0"},
				"east": {"uv": [0, 0, 1.5, 1.5], "texture": "#0"},
				"south": {"uv": [0, 0, 1, 1.5], "texture": "#0"},
				"west": {"uv": [0, 0, 1.5, 1.5], "texture": "#0"},
				"up": {"uv": [0, 0, 1, 1.5], "texture": "#0"},
				"down": {"uv": [0, 0, 1, 1.5], "texture": "#0"}
			}
		},
		{
			"from": [2.275, 0.25, 2.25],
			"to": [3.225, 1.75, 3.75],
			"rotation": {"angle": 45, "axis": "x", "origin": [2.75, 1, 3]},
			"faces": {
				"north": {"uv": [0, 0, 0.95, 1.5], "texture": "#0"},
				"east": {"uv": [0, 0, 1.5, 1.5], "texture": "#0"},
				"south": {"uv": [0, 0, 0.95, 1.5], "texture": "#0"},
				"west": {"uv": [0, 0, 1.5, 1.5], "texture": "#0"},
				"up": {"uv": [0, 0, 0.95, 1.5], "texture": "#0"},
				"down": {"uv": [0, 0, 0.95, 1.5], "texture": "#0"}
			}
		},
		{
			"from": [14.525, 0.925, 7.9],
			"to": [15.975, 1.125, 8.1],
			"rotation": {"angle": 0, "axis": "y", "origin": [14.25, 1, 7]},
			"faces": {
				"north": {"uv": [0, 0, 1.45, 0.2], "texture": "#2"},
				"east": {"uv": [0, 0, 0.2, 0.2], "texture": "#2"},
				"south": {"uv": [0, 0, 1.45, 0.2], "texture": "#2"},
				"west": {"uv": [0, 0, 0.2, 0.2], "texture": "#2"},
				"up": {"uv": [0, 0, 1.45, 0.2], "texture": "#2"},
				"down": {"uv": [0, 0, 1.45, 0.2], "texture": "#2"}
			}
		},
		{
			"from": [14.6, 0.75, 7.75],
			"to": [15.9, 2.75, 8.25],
			"rotation": {"angle": 0, "axis": "y", "origin": [14.25, 1, 7]},
			"faces": {
				"north": {"uv": [0, 0, 1.3, 2], "texture": "#1"},
				"east": {"uv": [0, 0, 0.5, 2], "texture": "#1"},
				"south": {"uv": [0, 0, 1.3, 2], "texture": "#1"},
				"west": {"uv": [0, 0, 0.5, 2], "texture": "#1"},
				"up": {"uv": [0, 0, 1.3, 0.5], "texture": "#1"},
				"down": {"uv": [0, 0, 1.3, 0.5], "texture": "#1"}
			}
		},
		{
			"from": [14.75, 0.25, 7.25],
			"to": [15.75, 1.75, 8.75],
			"rotation": {"angle": 0, "axis": "y", "origin": [14.25, 0, 7]},
			"faces": {
				"north": {"uv": [0, 0, 1, 1.5], "texture": "#0"},
				"east": {"uv": [0, 0, 1.5, 1.5], "texture": "#0"},
				"south": {"uv": [0, 0, 1, 1.5], "texture": "#0"},
				"west": {"uv": [0, 0, 1.5, 1.5], "texture": "#0"},
				"up": {"uv": [0, 0, 1, 1.5], "texture": "#0"},
				"down": {"uv": [0, 0, 1, 1.5], "texture": "#0"}
			}
		},
		{
			"from": [14.775, 0.25, 7.25],
			"to": [15.725, 1.75, 8.75],
			"rotation": {"angle": 45, "axis": "x", "origin": [15.25, 1, 8]},
			"faces": {
				"north": {"uv": [0, 0, 0.95, 1.5], "texture": "#0"},
				"east": {"uv": [0, 0, 1.5, 1.5], "texture": "#0"},
				"south": {"uv": [0, 0, 0.95, 1.5], "texture": "#0"},
				"west": {"uv": [0, 0, 1.5, 1.5], "texture": "#0"},
				"up": {"uv": [0, 0, 0.95, 1.5], "texture": "#0"},
				"down": {"uv": [0, 0, 0.95, 1.5], "texture": "#0"}
			}
		},
		{
			"from": [0.025, 0.925, 7.9],
			"to": [1.475, 1.125, 8.1],
			"rotation": {"angle": 0, "axis": "y", "origin": [-0.25, 1, 7]},
			"faces": {
				"north": {"uv": [0, 0, 1.45, 0.2], "texture": "#2"},
				"east": {"uv": [0, 0, 0.2, 0.2], "texture": "#2"},
				"south": {"uv": [0, 0, 1.45, 0.2], "texture": "#2"},
				"west": {"uv": [0, 0, 0.2, 0.2], "texture": "#2"},
				"up": {"uv": [0, 0, 1.45, 0.2], "texture": "#2"},
				"down": {"uv": [0, 0, 1.45, 0.2], "texture": "#2"}
			}
		},
		{
			"from": [0.1, 0.75, 7.75],
			"to": [1.4, 2.75, 8.25],
			"rotation": {"angle": 0, "axis": "y", "origin": [-0.25, 1, 7]},
			"faces": {
				"north": {"uv": [0, 0, 1.3, 2], "texture": "#1"},
				"east": {"uv": [0, 0, 0.5, 2], "texture": "#1"},
				"south": {"uv": [0, 0, 1.3, 2], "texture": "#1"},
				"west": {"uv": [0, 0, 0.5, 2], "texture": "#1"},
				"up": {"uv": [0, 0, 1.3, 0.5], "texture": "#1"},
				"down": {"uv": [0, 0, 1.3, 0.5], "texture": "#1"}
			}
		},
		{
			"from": [0.25, 0.25, 7.25],
			"to": [1.25, 1.75, 8.75],
			"rotation": {"angle": 0, "axis": "y", "origin": [-0.25, 0, 7]},
			"faces": {
				"north": {"uv": [0, 0, 1, 1.5], "texture": "#0"},
				"east": {"uv": [0, 0, 1.5, 1.5], "texture": "#0"},
				"south": {"uv": [0, 0, 1, 1.5], "texture": "#0"},
				"west": {"uv": [0, 0, 1.5, 1.5], "texture": "#0"},
				"up": {"uv": [0, 0, 1, 1.5], "texture": "#0"},
				"down": {"uv": [0, 0, 1, 1.5], "texture": "#0"}
			}
		},
		{
			"from": [0.275, 0.25, 7.25],
			"to": [1.225, 1.75, 8.75],
			"rotation": {"angle": 45, "axis": "x", "origin": [0.75, 1, 8]},
			"faces": {
				"north": {"uv": [0, 0, 0.95, 1.5], "texture": "#0"},
				"east": {"uv": [0, 0, 1.5, 1.5], "texture": "#0"},
				"south": {"uv": [0, 0, 0.95, 1.5], "texture": "#0"},
				"west": {"uv": [0, 0, 1.5, 1.5], "texture": "#0"},
				"up": {"uv": [0, 0, 0.95, 1.5], "texture": "#0"},
				"down": {"uv": [0, 0, 0.95, 1.5], "texture": "#0"}
			}
		},
		{
			"from": [2, 11, 2],
			"to": [14, 14, 14],
			"rotation": {"angle": 0, "axis": "y", "origin": [7, 11, 7]},
			"faces": {
				"north": {"uv": [0, 0, 12, 3], "texture": "#1"},
				"east": {"uv": [0, 0, 12, 3], "texture": "#1"},
				"south": {"uv": [0, 0, 12, 3], "texture": "#1"},
				"west": {"uv": [0, 0, 12, 3], "texture": "#1"},
				"up": {"uv": [0, 0, 12, 12], "texture": "#1"},
				"down": {"uv": [0, 0, 12, 12], "texture": "#1"}
			}
		},
		{
			"from": [14, 12, 7],
			"to": [15, 20, 11],
			"rotation": {"angle": 0, "axis": "y", "origin": [8, 14, 7]},
			"faces": {
				"north": {"uv": [0, 0, 1, 8], "texture": "#1"},
				"east": {"uv": [0, 0, 4, 8], "texture": "#1"},
				"south": {"uv": [0, 0, 1, 8], "texture": "#1"},
				"west": {"uv": [0, 0, 4, 8], "texture": "#1"},
				"up": {"uv": [0, 0, 1, 4], "texture": "#1"},
				"down": {"uv": [0, 0, 1, 4], "texture": "#1"}
			}
		},
		{
			"from": [13, 20, 3],
			"to": [16, 21, 15],
			"rotation": {"angle": 0, "axis": "y", "origin": [7, 20, 7]},
			"faces": {
				"north": {"uv": [0, 0, 3, 1], "texture": "#1"},
				"east": {"uv": [0, 0, 12, 1], "texture": "#1"},
				"south": {"uv": [0, 0, 3, 1], "texture": "#1"},
				"west": {"uv": [0, 0, 12, 1], "texture": "#1"},
				"up": {"uv": [0, 0, 3, 12], "texture": "#1"},
				"down": {"uv": [0, 0, 3, 12], "texture": "#1"}
			}
		},
		{
			"from": [3, 11.75, 3],
			"to": [13, 14.75, 13],
			"rotation": {"angle": 0, "axis": "y", "origin": [7, 11.75, 7]},
			"faces": {
				"north": {"uv": [0, 0, 10, 3], "texture": "#0"},
				"east": {"uv": [0, 0, 10, 3], "texture": "#0"},
				"south": {"uv": [0, 0, 10, 3], "texture": "#0"},
				"west": {"uv": [0, 0, 10, 3], "texture": "#0"},
				"up": {"uv": [0, 0, 10, 10], "texture": "#0"},
				"down": {"uv": [0, 0, 10, 10], "texture": "#0"}
			}
		},
		{
			"from": [13.5, 20.75, 3.5],
			"to": [15.5, 21.25, 14.5],
			"rotation": {"angle": 0, "axis": "y", "origin": [9, 18.75, 8]},
			"faces": {
				"north": {"uv": [0, 0, 2, 0.5], "texture": "#0"},
				"east": {"uv": [0, 0, 11, 0.5], "texture": "#0"},
				"south": {"uv": [0, 0, 2, 0.5], "texture": "#0"},
				"west": {"uv": [0, 0, 11, 0.5], "texture": "#0"},
				"up": {"uv": [0, 0, 2, 11], "texture": "#0"},
				"down": {"uv": [0, 0, 2, 11], "texture": "#0"}
			}
		},
		{
			"from": [0.5, 20.75, 3.5],
			"to": [2.5, 21.25, 14.5],
			"rotation": {"angle": 0, "axis": "y", "origin": [-4, 18.75, 8]},
			"faces": {
				"north": {"uv": [0, 0, 2, 0.5], "texture": "#0"},
				"east": {"uv": [0, 0, 11, 0.5], "texture": "#0"},
				"south": {"uv": [0, 0, 2, 0.5], "texture": "#0"},
				"west": {"uv": [0, 0, 11, 0.5], "texture": "#0"},
				"up": {"uv": [0, 0, 2, 11], "texture": "#0"},
				"down": {"uv": [0, 0, 2, 11], "texture": "#0"}
			}
		},
		{
			"from": [1, 12, 7],
			"to": [2, 20, 11],
			"rotation": {"angle": 0, "axis": "y", "origin": [-5, 14, 7]},
			"faces": {
				"north": {"uv": [0, 0, 1, 8], "texture": "#1"},
				"east": {"uv": [0, 0, 4, 8], "texture": "#1"},
				"south": {"uv": [0, 0, 1, 8], "texture": "#1"},
				"west": {"uv": [0, 0, 4, 8], "texture": "#1"},
				"up": {"uv": [0, 0, 1, 4], "texture": "#1"},
				"down": {"uv": [0, 0, 1, 4], "texture": "#1"}
			}
		},
		{
			"from": [0, 20, 3],
			"to": [3, 21, 15],
			"rotation": {"angle": 0, "axis": "y", "origin": [-6, 20, 7]},
			"faces": {
				"north": {"uv": [0, 0, 3, 1], "texture": "#1"},
				"east": {"uv": [0, 0, 12, 1], "texture": "#1"},
				"south": {"uv": [0, 0, 3, 1], "texture": "#1"},
				"west": {"uv": [0, 0, 12, 1], "texture": "#1"},
				"up": {"uv": [0, 0, 3, 12], "texture": "#1"},
				"down": {"uv": [0, 0, 3, 12], "texture": "#1"}
			}
		},
		{
			"from": [3.025, 13, 14.75],
			"to": [12.975, 27, 17.75],
			"rotation": {"angle": 22.5, "axis": "x", "origin": [7, 17, 17.75]},
			"faces": {
				"north": {"uv": [0, 0, 9.95, 14], "rotation": 180, "texture": "#0"},
				"east": {"uv": [0, 0, 14, 3], "rotation": 90, "texture": "#0"},
				"south": {"uv": [0, 0, 9.95, 14], "texture": "#0"},
				"west": {"uv": [0, 0, 14, 3], "rotation": 270, "texture": "#0"},
				"up": {"uv": [0, 0, 9.95, 3], "texture": "#0"},
				"down": {"uv": [0, 0, 9.95, 3], "rotation": 180, "texture": "#0"}
			}
		},
		{
			"from": [3.275, 26.25, 14.25],
			"to": [12.725, 30, 17.75],
			"rotation": {"angle": 22.5, "axis": "x", "origin": [7, 17, 17.75]},
			"faces": {
				"north": {"uv": [0, 0, 9.45, 3.75], "rotation": 180, "texture": "#0"},
				"east": {"uv": [0, 0, 3.75, 3.5], "rotation": 90, "texture": "#0"},
				"south": {"uv": [0, 0, 9.45, 3.75], "texture": "#0"},
				"west": {"uv": [0, 0, 3.75, 3.5], "rotation": 270, "texture": "#0"},
				"up": {"uv": [0, 0, 9.45, 3.5], "texture": "#0"},
				"down": {"uv": [0, 0, 9.45, 3.5], "rotation": 180, "texture": "#0"}
			}
		},
		{
			"from": [2.025, 10.25, 15.75],
			"to": [13.975, 30.25, 18.75],
			"rotation": {"angle": 22.5, "axis": "x", "origin": [7, 18.25, 18.75]},
			"faces": {
				"north": {"uv": [0, 0, 11.95, 16], "rotation": 180, "texture": "#1"},
				"east": {"uv": [0, 0, 16, 3], "rotation": 90, "texture": "#1"},
				"south": {"uv": [0, 0, 11.95, 16], "texture": "#1"},
				"west": {"uv": [0, 0, 16, 3], "rotation": 270, "texture": "#1"},
				"up": {"uv": [0, 0, 11.95, 3], "texture": "#1"},
				"down": {"uv": [0, 0, 11.95, 3], "rotation": 180, "texture": "#1"}
			}
		}
	],
	"groups": [
		{
			"name": "legs",
			"origin": [7, 0, 8],
			"color": 0,
			"children": [
				{
					"name": "holder",
					"origin": [8, 2, 8],
					"color": 0,
					"children": [0, 1, 2, 3, 4]
				},
				{
					"name": "wheel",
					"origin": [8, 1, 1.75],
					"color": 0,
					"children": [5, 6, 7, 8]
				},
				{
					"name": "wheel",
					"origin": [8, 1, 1.75],
					"color": 0,
					"children": [9, 10, 11, 12]
				},
				{
					"name": "wheel",
					"origin": [8, 1, 1.75],
					"color": 0,
					"children": [13, 14, 15, 16]
				},
				{
					"name": "wheel",
					"origin": [8, 1, 1.75],
					"color": 0,
					"children": [17, 18, 19, 20]
				},
				{
					"name": "wheel",
					"origin": [8, 1, 1.75],
					"color": 0,
					"children": [21, 22, 23, 24]
				},
				{
					"name": "wheel",
					"origin": [8, 1, 1.75],
					"color": 0,
					"children": [25, 26, 27, 28]
				},
				{
					"name": "wheel",
					"origin": [8, 1, 1.75],
					"color": 0,
					"children": [29, 30, 31, 32]
				},
				{
					"name": "wheel",
					"origin": [8, 1, 1.75],
					"color": 0,
					"children": [33, 34, 35, 36]
				}
			]
		},
		{
			"name": "sit",
			"origin": [8, 8, 8],
			"color": 0,
			"children": [37, 38, 39, 40, 41, 42, 43, 44, 45, 46, 47]
		}
	]
}