{
	"credit": "Made with Blockbench",
	"textures": {
		"0": "block/spruce_log",
		"1": "block/spruce_log_top",
		"2": "block/stripped_spruce_log",
		"3": "block/stripped_spruce_log_top",
		"4": "block/spruce_planks",
		"particle": "block/spruce_log"
	},
	"elements": [
		{
			"from": [0, 0, 0],
			"to": [16, 3, 3],
			"rotation": {"angle": 0, "axis": "y", "origin": [0, 3, 0]},
			"faces": {
				"north": {"uv": [0, 0, 3, 16], "rotation": 270, "texture": "#0"},
				"east": {"uv": [6, 6, 10, 10], "rotation": 90, "texture": "#3"},
				"south": {"uv": [0, 0, 3, 16], "rotation": 90, "texture": "#0"},
				"west": {"uv": [6, 6, 10, 10], "rotation": 90, "texture": "#1"},
				"up": {"uv": [0, 0, 3, 16], "rotation": 90, "texture": "#0"},
				"down": {"uv": [0, 0, 3, 16], "rotation": 90, "texture": "#0"}
			}
		},
		{
			"from": [0, 15, 0],
			"to": [16, 17, 3],
			"rotation": {"angle": 0, "axis": "y", "origin": [0, 18, 0]},
			"faces": {
				"north": {"uv": [12, 0, 13, 16], "rotation": 270, "texture": "#4"},
				"east": {"uv": [6, 6, 10, 10], "rotation": 90, "texture": "#4"},
				"south": {"uv": [8, 0, 9, 16], "rotation": 90, "texture": "#4"},
				"west": {"uv": [6, 6, 10, 10], "rotation": 90, "texture": "#4"},
				"up": {"uv": [3, 0, 6, 16], "rotation": 90, "texture": "#4"},
				"down": {"uv": [0, 0, 3, 16], "rotation": 90, "texture": "#4"}
			}
		},
		{
			"from": [10.75, 3, 0.25],
			"to": [13.25, 15, 2.75],
			"rotation": {"angle": 0, "axis": "y", "origin": [-1, 3, -0.5]},
			"faces": {
				"north": {"uv": [0, 0, 2.5, 12], "texture": "#2"},
				"east": {"uv": [0, 0, 2.5, 12], "texture": "#2"},
				"south": {"uv": [0, 0, 2.5, 12], "texture": "#2"},
				"west": {"uv": [0, 0, 2.5, 12], "texture": "#2"},
				"up": {"uv": [0, 0, 2.5, 2.5], "texture": "#2"},
				"down": {"uv": [0, 0, 2.5, 2.5], "texture": "#2"}
			}
		},
		{
			"from": [2.75, 3, 0.25],
			"to": [5.25, 15, 2.75],
			"rotation": {"angle": 0, "axis": "y", "origin": [-9, 3, -0.5]},
			"faces": {
				"north": {"uv": [0, 0, 2.5, 12], "texture": "#2"},
				"east": {"uv": [0, 0, 2.5, 12], "texture": "#2"},
				"south": {"uv": [0, 0, 2.5, 12], "texture": "#2"},
				"west": {"uv": [0, 0, 2.5, 12], "texture": "#2"},
				"up": {"uv": [0, 0, 2.5, 2.5], "texture": "#2"},
				"down": {"uv": [0, 0, 2.5, 2.5], "texture": "#2"}
			}
		}
	]
}