{
	"credit": "Made with Blockbench",
	"textures": {
		"0": "block/spruce_log",
		"1": "block/spruce_log_top",
		"2": "block/stripped_spruce_log",
		"3": "block/stripped_spruce_log_top",
		"4": "block/spruce_planks",
		"particle": "block/spruce_log"
	},
	"elements": [
		{
			"from": [0, 0, 0],
			"to": [13, 3, 3],
			"rotation": {"angle": 0, "axis": "y", "origin": [0, 3, 0]},
			"faces": {
				"north": {"uv": [0, 0, 3, 16], "rotation": 270, "texture": "#0"},
				"east": {"uv": [6, 6, 10, 10], "rotation": 90, "texture": "#3"},
				"south": {"uv": [0, 0, 3, 16], "rotation": 90, "texture": "#0"},
				"west": {"uv": [6, 6, 10, 10], "rotation": 90, "texture": "#1"},
				"up": {"uv": [0, 0, 3, 16], "rotation": 90, "texture": "#0"},
				"down": {"uv": [0, 0, 3, 16], "rotation": 90, "texture": "#0"}
			}
		},
		{
			"from": [13, 0, 0],
			"to": [16, 11, 3],
			"rotation": {"angle": 0, "axis": "y", "origin": [13, 0, 3]},
			"faces": {
				"north": {"uv": [13, 5, 16, 16], "texture": "#0"},
				"east": {"uv": [4, 5, 7, 16], "texture": "#0"},
				"south": {"uv": [10, 1, 13, 12], "texture": "#0"},
				"west": {"uv": [1, 1, 4, 12], "texture": "#0"},
				"up": {"uv": [6, 6, 10, 10], "rotation": 270, "texture": "#0"},
				"down": {"uv": [6, 6, 10, 10], "rotation": 270, "texture": "#0"}
			}
		},
		{
			"from": [14, 22, 0],
			"to": [16, 24, 3],
			"rotation": {"angle": 0, "axis": "z", "origin": [0, 25, 0]},
			"faces": {
				"north": {"uv": [12, 14, 13, 16], "rotation": 270, "texture": "#4"},
				"east": {"uv": [6, 6, 10, 10], "rotation": 90, "texture": "#4"},
				"south": {"uv": [8, 14, 9, 16], "rotation": 90, "texture": "#4"},
				"west": {"uv": [6, 6, 10, 10], "rotation": 90, "texture": "#4"},
				"up": {"uv": [3, 14, 6, 16], "rotation": 90, "texture": "#4"},
				"down": {"uv": [0, 14, 3, 16], "rotation": 90, "texture": "#4"}
			}
		},
		{
			"from": [12, 21, 0],
			"to": [14, 23, 3],
			"rotation": {"angle": 0, "axis": "z", "origin": [-2, 24, 0]},
			"faces": {
				"north": {"uv": [12, 14, 13, 16], "rotation": 270, "texture": "#4"},
				"east": {"uv": [6, 6, 10, 10], "rotation": 90, "texture": "#4"},
				"south": {"uv": [8, 14, 9, 16], "rotation": 90, "texture": "#4"},
				"west": {"uv": [6, 6, 10, 10], "rotation": 90, "texture": "#4"},
				"up": {"uv": [3, 14, 6, 16], "rotation": 90, "texture": "#4"},
				"down": {"uv": [0, 14, 3, 16], "rotation": 90, "texture": "#4"}
			}
		},
		{
			"from": [10, 20, 0],
			"to": [12, 22, 3],
			"rotation": {"angle": 0, "axis": "z", "origin": [-4, 23, 0]},
			"faces": {
				"north": {"uv": [12, 14, 13, 16], "rotation": 270, "texture": "#4"},
				"east": {"uv": [6, 6, 10, 10], "rotation": 90, "texture": "#4"},
				"south": {"uv": [8, 14, 9, 16], "rotation": 90, "texture": "#4"},
				"west": {"uv": [6, 6, 10, 10], "rotation": 90, "texture": "#4"},
				"up": {"uv": [3, 14, 6, 16], "rotation": 90, "texture": "#4"},
				"down": {"uv": [0, 14, 3, 16], "rotation": 90, "texture": "#4"}
			}
		},
		{
			"from": [8, 19, 0],
			"to": [10, 21, 3],
			"rotation": {"angle": 0, "axis": "z", "origin": [-6, 22, 0]},
			"faces": {
				"north": {"uv": [12, 14, 13, 16], "rotation": 270, "texture": "#4"},
				"east": {"uv": [6, 6, 10, 10], "rotation": 90, "texture": "#4"},
				"south": {"uv": [8, 14, 9, 16], "rotation": 90, "texture": "#4"},
				"west": {"uv": [6, 6, 10, 10], "rotation": 90, "texture": "#4"},
				"up": {"uv": [3, 14, 6, 16], "rotation": 90, "texture": "#4"},
				"down": {"uv": [0, 14, 3, 16], "rotation": 90, "texture": "#4"}
			}
		},
		{
			"from": [6, 18, 0],
			"to": [8, 20, 3],
			"rotation": {"angle": 0, "axis": "z", "origin": [-8, 21, 0]},
			"faces": {
				"north": {"uv": [12, 14, 13, 16], "rotation": 270, "texture": "#4"},
				"east": {"uv": [6, 6, 10, 10], "rotation": 90, "texture": "#4"},
				"south": {"uv": [8, 14, 9, 16], "rotation": 90, "texture": "#4"},
				"west": {"uv": [6, 6, 10, 10], "rotation": 90, "texture": "#4"},
				"up": {"uv": [3, 14, 6, 16], "rotation": 90, "texture": "#4"},
				"down": {"uv": [0, 14, 3, 16], "rotation": 90, "texture": "#4"}
			}
		},
		{
			"from": [4, 17, 0],
			"to": [6, 19, 3],
			"rotation": {"angle": 0, "axis": "z", "origin": [-10, 20, 0]},
			"faces": {
				"north": {"uv": [12, 14, 13, 16], "rotation": 270, "texture": "#4"},
				"east": {"uv": [6, 6, 10, 10], "rotation": 90, "texture": "#4"},
				"south": {"uv": [8, 14, 9, 16], "rotation": 90, "texture": "#4"},
				"west": {"uv": [6, 6, 10, 10], "rotation": 90, "texture": "#4"},
				"up": {"uv": [3, 14, 6, 16], "rotation": 90, "texture": "#4"},
				"down": {"uv": [0, 14, 3, 16], "rotation": 90, "texture": "#4"}
			}
		},
		{
			"from": [2, 16, 0],
			"to": [4, 18, 3],
			"rotation": {"angle": 0, "axis": "z", "origin": [-12, 19, 0]},
			"faces": {
				"north": {"uv": [12, 14, 13, 16], "rotation": 270, "texture": "#4"},
				"east": {"uv": [6, 6, 10, 10], "rotation": 90, "texture": "#4"},
				"south": {"uv": [8, 14, 9, 16], "rotation": 90, "texture": "#4"},
				"west": {"uv": [6, 6, 10, 10], "rotation": 90, "texture": "#4"},
				"up": {"uv": [3, 14, 6, 16], "rotation": 90, "texture": "#4"},
				"down": {"uv": [0, 14, 3, 16], "rotation": 90, "texture": "#4"}
			}
		},
		{
			"from": [0, 15, 0],
			"to": [2, 17, 3],
			"rotation": {"angle": 0, "axis": "z", "origin": [-14, 18, 0]},
			"faces": {
				"north": {"uv": [12, 14, 13, 16], "rotation": 270, "texture": "#4"},
				"east": {"uv": [6, 6, 10, 10], "rotation": 90, "texture": "#4"},
				"south": {"uv": [8, 14, 9, 16], "rotation": 90, "texture": "#4"},
				"west": {"uv": [6, 6, 10, 10], "rotation": 90, "texture": "#4"},
				"up": {"uv": [3, 14, 6, 16], "rotation": 90, "texture": "#4"},
				"down": {"uv": [0, 14, 3, 16], "rotation": 90, "texture": "#4"}
			}
		},
		{
			"from": [5.75, 3, 0.25],
			"to": [8.25, 18.95, 2.75],
			"rotation": {"angle": 0, "axis": "y", "origin": [-6, 3, -0.5]},
			"faces": {
				"north": {"uv": [0, 0, 2.5, 15.95], "texture": "#2"},
				"east": {"uv": [0, 0, 2.5, 15.95], "texture": "#2"},
				"south": {"uv": [0, 0, 2.5, 15.95], "texture": "#2"},
				"west": {"uv": [0, 0, 2.5, 15.95], "texture": "#2"},
				"up": {"uv": [0, 0, 2.5, 2.5], "texture": "#2"},
				"down": {"uv": [0, 0, 2.5, 2.5], "texture": "#2"}
			}
		}
	]
}