{
	"credit": "Made with Blockbench",
	"textures": {
		"0": "block/spruce_log",
		"1": "block/spruce_log_top",
		"2": "block/dark_oak_planks",
		"particle": "block/spruce_log"
	},
	"elements": [
		{
			"from": [-1.5, 0, -1.5],
			"to": [1.5, 18, 1.5],
			"rotation": {"angle": 0, "axis": "x", "origin": [0, 9, 0]},
			"faces": {
				"north": {"uv": [0, 0, 3, 16], "rotation": 180, "texture": "#0"},
				"east": {"uv": [0, 0, 3, 16], "rotation": 180, "texture": "#0"},
				"south": {"uv": [0, 0, 3, 16], "rotation": 180, "texture": "#0"},
				"west": {"uv": [0, 0, 3, 16], "rotation": 180, "texture": "#0"},
				"up": {"uv": [6, 6, 10, 10], "rotation": 180, "texture": "#1"},
				"down": {"uv": [6, 6, 10, 10], "rotation": 180, "texture": "#1"}
			}
		},
		{
			"from": [-2, 18, -2],
			"to": [2, 22, 2],
			"rotation": {"angle": 0, "axis": "x", "origin": [0, 20, 0]},
			"faces": {
				"north": {"uv": [3, 12, 6, 15], "texture": "#2"},
				"east": {"uv": [6, 12, 9, 15], "texture": "#2"},
				"south": {"uv": [0, 13, 3, 16], "texture": "#2"},
				"west": {"uv": [3, 9, 6, 12], "texture": "#2"},
				"up": {"uv": [6, 8, 9, 11], "texture": "#2"},
				"down": {"uv": [0, 7, 3, 10], "texture": "#2"}
			}
		}
	]
}