{
	"credit": "Made with Blockbench",
	"textures": {
		"1": "block/stripped_spruce_log",
		"2": "block/oak_planks",
		"3": "block/white_wool",
		"4": "item/doors/decor/red_bed",
		"particle": "block/spruce_planks"
	},
	"elements": [
		{
			"from": [29, 0, 30],
			"to": [31, 18, 32],
			"rotation": {"angle": 0, "axis": "y", "origin": [29, 0, 30]},
			"faces": {
				"north": {"uv": [0, 0, 2, 16], "texture": "#1"},
				"east": {"uv": [0, 0, 2, 16], "texture": "#1"},
				"south": {"uv": [0, 0, 2, 16], "texture": "#1"},
				"west": {"uv": [0, 0, 2, 16], "texture": "#1"},
				"up": {"uv": [0, 0, 2, 2], "texture": "#1"},
				"down": {"uv": [0, 0, 2, 2], "texture": "#1"}
			}
		},
		{
			"from": [26, 2, 30],
			"to": [29, 16, 32],
			"rotation": {"angle": 0, "axis": "y", "origin": [26, 0, 30]},
			"faces": {
				"north": {"uv": [0, 0, 3, 14], "texture": "#1"},
				"east": {"uv": [0, 0, 2, 14], "texture": "#1"},
				"south": {"uv": [0, 0, 3, 14], "texture": "#1"},
				"west": {"uv": [0, 0, 2, 14], "texture": "#1"},
				"up": {"uv": [0, 0, 3, 2], "texture": "#1"},
				"down": {"uv": [0, 0, 3, 2], "texture": "#1"}
			}
		},
		{
			"from": [6, 4, 30],
			"to": [26, 16, 32],
			"rotation": {"angle": 0, "axis": "y", "origin": [6, 0, 30]},
			"faces": {
				"north": {"uv": [0, 0, 16, 12], "texture": "#1"},
				"east": {"uv": [0, 0, 2, 12], "texture": "#1"},
				"south": {"uv": [0, 0, 16, 12], "texture": "#1"},
				"west": {"uv": [0, 0, 2, 12], "texture": "#1"},
				"up": {"uv": [0, 0, 16, 2], "texture": "#1"},
				"down": {"uv": [0, 0, 16, 2], "texture": "#1"}
			}
		},
		{
			"from": [3, 2, 30],
			"to": [6, 16, 32],
			"rotation": {"angle": 0, "axis": "y", "origin": [3, 0, 30]},
			"faces": {
				"north": {"uv": [0, 0, 3, 14], "texture": "#1"},
				"east": {"uv": [0, 0, 2, 14], "texture": "#1"},
				"south": {"uv": [0, 0, 3, 14], "texture": "#1"},
				"west": {"uv": [0, 0, 2, 14], "texture": "#1"},
				"up": {"uv": [0, 0, 3, 2], "texture": "#1"},
				"down": {"uv": [0, 0, 3, 2], "texture": "#1"}
			}
		},
		{
			"from": [1, 0, 30],
			"to": [3, 18, 32],
			"rotation": {"angle": 0, "axis": "y", "origin": [0, 0, 30]},
			"faces": {
				"north": {"uv": [0, 0, 2, 16], "texture": "#1"},
				"east": {"uv": [0, 0, 2, 16], "texture": "#1"},
				"south": {"uv": [0, 0, 2, 16], "texture": "#1"},
				"west": {"uv": [0, 0, 2, 16], "texture": "#1"},
				"up": {"uv": [0, 0, 2, 2], "texture": "#1"},
				"down": {"uv": [0, 0, 2, 2], "texture": "#1"}
			}
		},
		{
			"from": [1, 0, -16],
			"to": [3, 11, -14],
			"rotation": {"angle": 0, "axis": "y", "origin": [0, 0, -16]},
			"faces": {
				"north": {"uv": [0, 0, 2, 11], "texture": "#1"},
				"east": {"uv": [0, 0, 2, 11], "texture": "#1"},
				"south": {"uv": [0, 0, 2, 11], "texture": "#1"},
				"west": {"uv": [0, 0, 2, 11], "texture": "#1"},
				"up": {"uv": [0, 0, 2, 2], "texture": "#1"},
				"down": {"uv": [0, 0, 2, 2], "texture": "#1"}
			}
		},
		{
			"from": [1, 5, -14],
			"to": [3, 11, 30],
			"rotation": {"angle": 0, "axis": "y", "origin": [0, 0, -14]},
			"faces": {
				"north": {"uv": [0, 0, 2, 6], "texture": "#1"},
				"east": {"uv": [0, 0, 16, 6], "texture": "#1"},
				"south": {"uv": [0, 0, 2, 6], "texture": "#1"},
				"west": {"uv": [0, 0, 16, 6], "texture": "#1"},
				"up": {"uv": [0, 0, 2, 16], "texture": "#1"},
				"down": {"uv": [0, 0, 2, 16], "texture": "#1"}
			}
		},
		{
			"from": [29, 5, -14],
			"to": [31, 11, 30],
			"rotation": {"angle": 0, "axis": "y", "origin": [29, 0, -14]},
			"faces": {
				"north": {"uv": [0, 0, 2, 6], "texture": "#1"},
				"east": {"uv": [0, 0, 16, 6], "texture": "#1"},
				"south": {"uv": [0, 0, 2, 6], "texture": "#1"},
				"west": {"uv": [0, 0, 16, 6], "texture": "#1"},
				"up": {"uv": [0, 0, 2, 16], "texture": "#1"},
				"down": {"uv": [0, 0, 2, 16], "texture": "#1"}
			}
		},
		{
			"from": [2.95, 5.7, 22.925],
			"to": [29.05, 6.3, 25.075],
			"rotation": {"angle": 0, "axis": "y", "origin": [6, 0, 23]},
			"faces": {
				"north": {"uv": [0, 0, 16, 0.6], "texture": "#2"},
				"east": {"uv": [0, 0, 2.15, 0.6], "texture": "#2"},
				"south": {"uv": [0, 0, 16, 0.6], "texture": "#2"},
				"west": {"uv": [0, 0, 2.15, 0.6], "texture": "#2"},
				"up": {"uv": [0, 0, 16, 2.15], "texture": "#2"},
				"down": {"uv": [0, 0, 16, 2.15], "texture": "#2"}
			}
		},
		{
			"from": [2.95, 5.7, 26.925],
			"to": [29.05, 6.3, 29.075],
			"rotation": {"angle": 0, "axis": "y", "origin": [6, 0, 27]},
			"faces": {
				"north": {"uv": [0, 0, 16, 0.6], "texture": "#2"},
				"east": {"uv": [0, 0, 2.15, 0.6], "texture": "#2"},
				"south": {"uv": [0, 0, 16, 0.6], "texture": "#2"},
				"west": {"uv": [0, 0, 2.15, 0.6], "texture": "#2"},
				"up": {"uv": [0, 0, 16, 2.15], "texture": "#2"},
				"down": {"uv": [0, 0, 16, 2.15], "texture": "#2"}
			}
		},
		{
			"from": [2.95, 5.7, 14.925],
			"to": [29.05, 6.3, 17.075],
			"rotation": {"angle": 0, "axis": "y", "origin": [6, 0, 15]},
			"faces": {
				"north": {"uv": [0, 0, 16, 0.6], "texture": "#2"},
				"east": {"uv": [0, 0, 2.15, 0.6], "texture": "#2"},
				"south": {"uv": [0, 0, 16, 0.6], "texture": "#2"},
				"west": {"uv": [0, 0, 2.15, 0.6], "texture": "#2"},
				"up": {"uv": [0, 0, 16, 2.15], "texture": "#2"},
				"down": {"uv": [0, 0, 16, 2.15], "texture": "#2"}
			}
		},
		{
			"from": [2.95, 5.7, 18.925],
			"to": [29.05, 6.3, 21.075],
			"rotation": {"angle": 0, "axis": "y", "origin": [6, 0, 19]},
			"faces": {
				"north": {"uv": [0, 0, 16, 0.6], "texture": "#2"},
				"east": {"uv": [0, 0, 2.15, 0.6], "texture": "#2"},
				"south": {"uv": [0, 0, 16, 0.6], "texture": "#2"},
				"west": {"uv": [0, 0, 2.15, 0.6], "texture": "#2"},
				"up": {"uv": [0, 0, 16, 2.15], "texture": "#2"},
				"down": {"uv": [0, 0, 16, 2.15], "texture": "#2"}
			}
		},
		{
			"from": [2.95, 5.7, 6.925],
			"to": [29.05, 6.3, 9.075],
			"rotation": {"angle": 0, "axis": "y", "origin": [6, 0, 7]},
			"faces": {
				"north": {"uv": [0, 0, 16, 0.6], "texture": "#2"},
				"east": {"uv": [0, 0, 2.15, 0.6], "texture": "#2"},
				"south": {"uv": [0, 0, 16, 0.6], "texture": "#2"},
				"west": {"uv": [0, 0, 2.15, 0.6], "texture": "#2"},
				"up": {"uv": [0, 0, 16, 2.15], "texture": "#2"},
				"down": {"uv": [0, 0, 16, 2.15], "texture": "#2"}
			}
		},
		{
			"from": [2.95, 5.7, 10.925],
			"to": [29.05, 6.3, 13.075],
			"rotation": {"angle": 0, "axis": "y", "origin": [6, 0, 11]},
			"faces": {
				"north": {"uv": [0, 0, 16, 0.6], "texture": "#2"},
				"east": {"uv": [0, 0, 2.15, 0.6], "texture": "#2"},
				"south": {"uv": [0, 0, 16, 0.6], "texture": "#2"},
				"west": {"uv": [0, 0, 2.15, 0.6], "texture": "#2"},
				"up": {"uv": [0, 0, 16, 2.15], "texture": "#2"},
				"down": {"uv": [0, 0, 16, 2.15], "texture": "#2"}
			}
		},
		{
			"from": [2.95, 5.7, -1.075],
			"to": [29.05, 6.3, 1.075],
			"rotation": {"angle": 0, "axis": "y", "origin": [6, 0, -1]},
			"faces": {
				"north": {"uv": [0, 0, 16, 0.6], "texture": "#2"},
				"east": {"uv": [0, 0, 2.15, 0.6], "texture": "#2"},
				"south": {"uv": [0, 0, 16, 0.6], "texture": "#2"},
				"west": {"uv": [0, 0, 2.15, 0.6], "texture": "#2"},
				"up": {"uv": [0, 0, 16, 2.15], "texture": "#2"},
				"down": {"uv": [0, 0, 16, 2.15], "texture": "#2"}
			}
		},
		{
			"from": [2.95, 5.7, 2.925],
			"to": [29.05, 6.3, 5.075],
			"rotation": {"angle": 0, "axis": "y", "origin": [6, 0, 3]},
			"faces": {
				"north": {"uv": [0, 0, 16, 0.6], "texture": "#2"},
				"east": {"uv": [0, 0, 2.15, 0.6], "texture": "#2"},
				"south": {"uv": [0, 0, 16, 0.6], "texture": "#2"},
				"west": {"uv": [0, 0, 2.15, 0.6], "texture": "#2"},
				"up": {"uv": [0, 0, 16, 2.15], "texture": "#2"},
				"down": {"uv": [0, 0, 16, 2.15], "texture": "#2"}
			}
		},
		{
			"from": [2.95, 5.7, -9.075],
			"to": [29.05, 6.3, -6.925],
			"rotation": {"angle": 0, "axis": "y", "origin": [6, 0, -9]},
			"faces": {
				"north": {"uv": [0, 0, 16, 0.6], "texture": "#2"},
				"east": {"uv": [0, 0, 2.15, 0.6], "texture": "#2"},
				"south": {"uv": [0, 0, 16, 0.6], "texture": "#2"},
				"west": {"uv": [0, 0, 2.15, 0.6], "texture": "#2"},
				"up": {"uv": [0, 0, 16, 2.15], "texture": "#2"},
				"down": {"uv": [0, 0, 16, 2.15], "texture": "#2"}
			}
		},
		{
			"from": [2.95, 5.7, -13.075],
			"to": [29.05, 6.3, -10.925],
			"rotation": {"angle": 0, "axis": "y", "origin": [6, 0, -13]},
			"faces": {
				"north": {"uv": [0, 0, 16, 0.6], "texture": "#2"},
				"east": {"uv": [0, 0, 2.15, 0.6], "texture": "#2"},
				"south": {"uv": [0, 0, 16, 0.6], "texture": "#2"},
				"west": {"uv": [0, 0, 2.15, 0.6], "texture": "#2"},
				"up": {"uv": [0, 0, 16, 2.15], "texture": "#2"},
				"down": {"uv": [0, 0, 16, 2.15], "texture": "#2"}
			}
		},
		{
			"from": [2.95, 5.7, -5.075],
			"to": [29.05, 6.3, -2.925],
			"rotation": {"angle": 0, "axis": "y", "origin": [6, 0, -5]},
			"faces": {
				"north": {"uv": [0, 0, 16, 0.6], "texture": "#2"},
				"east": {"uv": [0, 0, 2.15, 0.6], "texture": "#2"},
				"south": {"uv": [0, 0, 16, 0.6], "texture": "#2"},
				"west": {"uv": [0, 0, 2.15, 0.6], "texture": "#2"},
				"up": {"uv": [0, 0, 16, 2.15], "texture": "#2"},
				"down": {"uv": [0, 0, 16, 2.15], "texture": "#2"}
			}
		},
		{
			"from": [3, 2, -16],
			"to": [6, 9, -14],
			"rotation": {"angle": 0, "axis": "y", "origin": [3, 0, -16]},
			"faces": {
				"north": {"uv": [0, 0, 3, 7], "texture": "#1"},
				"east": {"uv": [0, 0, 2, 7], "texture": "#1"},
				"south": {"uv": [0, 0, 3, 7], "texture": "#1"},
				"west": {"uv": [0, 0, 2, 7], "texture": "#1"},
				"up": {"uv": [0, 0, 3, 2], "texture": "#1"},
				"down": {"uv": [0, 0, 3, 2], "texture": "#1"}
			}
		},
		{
			"from": [26, 2, -16],
			"to": [29, 9, -14],
			"rotation": {"angle": 0, "axis": "y", "origin": [26, 0, -16]},
			"faces": {
				"north": {"uv": [0, 0, 3, 7], "texture": "#1"},
				"east": {"uv": [0, 0, 2, 7], "texture": "#1"},
				"south": {"uv": [0, 0, 3, 7], "texture": "#1"},
				"west": {"uv": [0, 0, 2, 7], "texture": "#1"},
				"up": {"uv": [0, 0, 3, 2], "texture": "#1"},
				"down": {"uv": [0, 0, 3, 2], "texture": "#1"}
			}
		},
		{
			"from": [29, 0, -16],
			"to": [31, 11, -14],
			"rotation": {"angle": 0, "axis": "y", "origin": [29, 0, -16]},
			"faces": {
				"north": {"uv": [0, 0, 2, 11], "texture": "#1"},
				"east": {"uv": [0, 0, 2, 11], "texture": "#1"},
				"south": {"uv": [0, 0, 2, 11], "texture": "#1"},
				"west": {"uv": [0, 0, 2, 11], "texture": "#1"},
				"up": {"uv": [0, 0, 2, 2], "texture": "#1"},
				"down": {"uv": [0, 0, 2, 2], "texture": "#1"}
			}
		},
		{
			"from": [6, 4, -16],
			"to": [26, 9, -14],
			"rotation": {"angle": 0, "axis": "y", "origin": [6, 0, -16]},
			"faces": {
				"north": {"uv": [0, 0, 16, 5], "texture": "#1"},
				"east": {"uv": [0, 0, 2, 5], "texture": "#1"},
				"south": {"uv": [0, 0, 16, 5], "texture": "#1"},
				"west": {"uv": [0, 0, 2, 5], "texture": "#1"},
				"up": {"uv": [0, 0, 16, 2], "texture": "#1"},
				"down": {"uv": [0, 0, 16, 2], "texture": "#1"}
			}
		},
		{
			"from": [3, 6, -14],
			"to": [29, 10, 30],
			"rotation": {"angle": 0, "axis": "y", "origin": [27, 0, -14]},
			"faces": {
				"north": {"uv": [0, 0, 16, 4], "texture": "#3"},
				"east": {"uv": [0, 0, 16, 4], "texture": "#3"},
				"south": {"uv": [0, 0, 16, 4], "texture": "#3"},
				"west": {"uv": [0, 0, 16, 4], "texture": "#3"},
				"up": {"uv": [0, 0, 16, 16], "texture": "#3"},
				"down": {"uv": [0, 0, 16, 16], "texture": "#3"}
			}
		},
		{
			"from": [3, 6.25, -15],
			"to": [29, 10.25, 18],
			"rotation": {"angle": 0, "axis": "y", "origin": [27, 0.25, -15]},
			"faces": {
				"north": {"uv": [0.5, 7, 6.5, 11], "texture": "#4"},
				"east": {"uv": [0.5, 7, 6.5, 11], "texture": "#4"},
				"south": {"uv": [0.5, 7, 6.5, 11], "texture": "#4"},
				"west": {"uv": [0.5, 7, 6.5, 11], "texture": "#4"},
				"up": {"uv": [0.5, 7, 6.5, 11], "texture": "#4"},
				"down": {"uv": [0.5, 7, 6.5, 11], "texture": "#4"}
			}
		},
		{
			"from": [17, 6.25, 20],
			"to": [28, 11.25, 29],
			"rotation": {"angle": 0, "axis": "y", "origin": [27, 0.25, -3]},
			"faces": {
				"north": {"uv": [1.5, 1.5, 5.5, 3.5], "texture": "#4"},
				"east": {"uv": [1.5, 1.5, 5.5, 3.5], "texture": "#4"},
				"south": {"uv": [1.5, 1.5, 5.5, 3.5], "texture": "#4"},
				"west": {"uv": [1.5, 1.5, 5.5, 3.5], "texture": "#4"},
				"up": {"uv": [1.5, 1.5, 5.5, 3.5], "texture": "#4"},
				"down": {"uv": [1.5, 1.5, 5.5, 3.5], "texture": "#4"}
			}
		},
		{
			"from": [4, 6.25, 20],
			"to": [15, 11.25, 29],
			"rotation": {"angle": 0, "axis": "y", "origin": [15, 0.25, -3]},
			"faces": {
				"north": {"uv": [1.5, 1.5, 5.5, 3.5], "texture": "#4"},
				"east": {"uv": [1.5, 1.5, 5.5, 3.5], "texture": "#4"},
				"south": {"uv": [1.5, 1.5, 5.5, 3.5], "texture": "#4"},
				"west": {"uv": [1.5, 1.5, 5.5, 3.5], "texture": "#4"},
				"up": {"uv": [1.5, 1.5, 5.5, 3.5], "texture": "#4"},
				"down": {"uv": [1.5, 1.5, 5.5, 3.5], "texture": "#4"}
			}
		}
	],
	"groups": [
		{
			"name": "frame",
			"origin": [0, 0, 30],
			"color": 0,
			"children": [
				0,
				1,
				2,
				3,
				4,
				5,
				6,
				7,
				{
					"name": "planks",
					"origin": [29, 0, -14],
					"color": 0,
					"children": [8, 9, 10, 11, 12, 13, 14, 15, 16, 17, 18]
				},
				19,
				20,
				21,
				22
			]
		},
		{
			"name": "bed",
			"origin": [29, 0, -14],
			"color": 0,
			"children": [23, 24, 25, 26]
		}
	]
}