{
	"credit": "Made with Blockbench",
	"textures": {
		"0": "block/spruce_planks",
		"particle": "block/spruce_planks"
	},
	"elements": [
		{
			"from": [-1, 0, -7],
			"to": [2, 1, 20],
			"faces": {
				"north": {"uv": [5, 3, 8, 4], "texture": "#0"},
				"east": {"uv": [0, 9, 16, 10], "texture": "#0"},
				"south": {"uv": [9, 11, 12, 12], "texture": "#0"},
				"west": {"uv": [0, 2, 16, 3], "texture": "#0"},
				"up": {"uv": [12, 0, 15, 16], "texture": "#0"},
				"down": {"uv": [3, 0, 6, 16], "texture": "#0"}
			}
		},
		{
			"from": [2, 0, 7],
			"to": [20, 1, 10],
			"rotation": {"angle": -45, "axis": "y", "origin": [9, 0, 9]},
			"faces": {
				"north": {"uv": [0, 2, 16, 3], "texture": "#0"},
				"east": {"uv": [2, 5, 5, 6], "texture": "#0"},
				"south": {"uv": [0, 6, 16, 7], "texture": "#0"},
				"west": {"uv": [10, 7, 13, 8], "texture": "#0"},
				"up": {"uv": [12, 0, 15, 16], "rotation": 270, "texture": "#0"},
				"down": {"uv": [1, 0, 4, 16], "rotation": 90, "texture": "#0"}
			}
		},
		{
			"from": [-10, 0, -3],
			"to": [-7, 1, 15],
			"rotation": {"angle": -22.5, "axis": "y", "origin": [-9, 0, 4]},
			"faces": {
				"north": {"uv": [9, 3, 12, 4], "texture": "#0"},
				"east": {"uv": [0, 7, 16, 8], "texture": "#0"},
				"south": {"uv": [8, 7, 11, 8], "texture": "#0"},
				"west": {"uv": [0, 12, 16, 13], "texture": "#0"},
				"up": {"uv": [13, 0, 16, 16], "texture": "#0"},
				"down": {"uv": [6, 0, 9, 16], "texture": "#0"}
			}
		},
		{
			"from": [-5, 0, 7],
			"to": [31, 1.1, 10],
			"rotation": {"angle": 22.5, "axis": "y", "origin": [20, 0, 9]},
			"faces": {
				"north": {"uv": [0, 10, 16, 11.1], "texture": "#0"},
				"east": {"uv": [3, 5, 6, 6.1], "texture": "#0"},
				"south": {"uv": [0, 8, 16, 9.1], "texture": "#0"},
				"west": {"uv": [9, 5, 12, 6.1], "texture": "#0"},
				"up": {"uv": [9, 0, 12, 16], "rotation": 270, "texture": "#0"},
				"down": {"uv": [13, 0, 16, 16], "rotation": 90, "texture": "#0"}
			}
		},
		{
			"from": [-5, 0, -4],
			"to": [24, 1.1, -1],
			"rotation": {"angle": -45, "axis": "y", "origin": [13, 0, -2]},
			"faces": {
				"north": {"uv": [0, 4, 16, 5.1], "texture": "#0"},
				"east": {"uv": [3, 6, 6, 7.1], "texture": "#0"},
				"south": {"uv": [0, 13, 16, 14.1], "texture": "#0"},
				"west": {"uv": [2, 5, 5, 6.1], "texture": "#0"},
				"up": {"uv": [3, 0, 6, 16], "rotation": 270, "texture": "#0"},
				"down": {"uv": [12, 0, 15, 16], "rotation": 90, "texture": "#0"}
			}
		},
		{
			"from": [11, 1, -13],
			"to": [14, 2.1, 27],
			"rotation": {"angle": -22.5, "axis": "y", "origin": [13, 1, -2]},
			"faces": {
				"north": {"uv": [0, 7, 3, 8.1], "texture": "#0"},
				"east": {"uv": [0, 0, 16, 1.1], "texture": "#0"},
				"south": {"uv": [0, 0, 3, 1.1], "texture": "#0"},
				"west": {"uv": [0, 0, 16, 1.1], "texture": "#0"},
				"up": {"uv": [0, 0, 3, 16], "rotation": 180, "texture": "#0"},
				"down": {"uv": [0, 0, 3, 16], "rotation": 180, "texture": "#0"}
			}
		}
	]
}