{
	"credit": "Made with Blockbench",
	"textures": {
		"0": "block/gold_block",
		"1": "item/doors/decor/steve_statue",
		"2": "block/stone",
		"particle": "block/gold_block"
	},
	"elements": [
		{
			"from": [1, 0, 4],
			"to": [15, 2, 12],
			"rotation": {"angle": 0, "axis": "y", "origin": [0, 0, 4]},
			"faces": {
				"north": {"uv": [0, 13, 14, 15], "texture": "#2"},
				"east": {"uv": [0, 0, 8, 2], "texture": "#2"},
				"south": {"uv": [2, 1, 16, 3], "texture": "#2"},
				"west": {"uv": [3, 3, 11, 5], "texture": "#2"},
				"up": {"uv": [2, 8, 16, 16], "texture": "#2"},
				"down": {"uv": [0, 3, 14, 11], "texture": "#2"}
			}
		},
		{
			"from": [1, 9, 4],
			"to": [15, 11, 12],
			"rotation": {"angle": 0, "axis": "y", "origin": [0, 9, 4]},
			"faces": {
				"north": {"uv": [1, 13, 15, 15], "texture": "#2"},
				"east": {"uv": [0, 0, 8, 2], "texture": "#2"},
				"south": {"uv": [0, 2, 14, 4], "texture": "#2"},
				"west": {"uv": [0, 0, 8, 2], "texture": "#2"},
				"up": {"uv": [2, 6, 16, 14], "texture": "#2"},
				"down": {"uv": [1, 4, 15, 12], "texture": "#2"}
			}
		},
		{
			"name": "name_plate",
			"from": [4, 3.5, 4.5],
			"to": [12, 7.5, 5.5],
			"rotation": {"angle": 0, "axis": "y", "origin": [0, 0.5, 3.5]},
			"faces": {
				"north": {"uv": [0, 0, 16, 16], "texture": "#0"},
				"east": {"uv": [1, 0, 0, 16], "texture": "#0"},
				"south": {"uv": [0, 0, 16, 16], "texture": "#0"},
				"west": {"uv": [0, 0, 1, 16], "texture": "#0"},
				"up": {"uv": [0, 0, 16, 1], "texture": "#0"},
				"down": {"uv": [0, 0, 16, 1], "texture": "#0"}
			}
		},
		{
			"from": [2, 2, 5],
			"to": [14, 9, 11],
			"rotation": {"angle": 0, "axis": "y", "origin": [0, 2, 4]},
			"faces": {
				"north": {"uv": [1, 5, 13, 12], "texture": "#2"},
				"east": {"uv": [0, 0, 6, 7], "texture": "#2"},
				"south": {"uv": [2, 6, 14, 13], "texture": "#2"},
				"west": {"uv": [0, 9, 6, 16], "texture": "#2"},
				"up": {"uv": [4, 2, 16, 8], "texture": "#2"},
				"down": {"uv": [2, 8, 14, 14], "texture": "#2"}
			}
		},
		{
			"from": [3, 11, 6],
			"to": [13, 23, 10],
			"rotation": {"angle": 0, "axis": "y", "origin": [7, 11, 7]},
			"faces": {
				"north": {"uv": [5, 5, 7, 7.25], "texture": "#1"},
				"east": {"uv": [4, 5, 5, 7.25], "texture": "#1"},
				"south": {"uv": [8, 5, 10, 7.25], "texture": "#1"},
				"west": {"uv": [7, 5, 8, 7.25], "texture": "#1"},
				"up": {"uv": [5, 4, 7, 5], "texture": "#1"},
				"down": {"uv": [7, 4, 9, 5], "texture": "#1"}
			}
		},
		{
			"from": [3.25, 10.25, 7.25],
			"to": [7.75, 14, 11.25],
			"rotation": {"angle": 0, "axis": "y", "origin": [7, 11, 8.25]},
			"faces": {
				"north": {"uv": [5, 5, 7, 7.25], "texture": "#1"},
				"east": {"uv": [4, 5, 5, 7.25], "texture": "#1"},
				"south": {"uv": [8, 5, 10, 7.25], "texture": "#1"},
				"west": {"uv": [7, 5, 8, 7.25], "texture": "#1"},
				"up": {"uv": [5, 4, 7, 5], "texture": "#1"},
				"down": {"uv": [7, 4, 9, 5], "texture": "#1"}
			}
		},
		{
			"from": [8.25, 10.25, 7.25],
			"to": [12.75, 14, 11.25],
			"rotation": {"angle": 0, "axis": "y", "origin": [12, 11, 8.25]},
			"faces": {
				"north": {"uv": [5, 5, 7, 7.25], "texture": "#1"},
				"east": {"uv": [4, 5, 5, 7.25], "texture": "#1"},
				"south": {"uv": [8, 5, 10, 7.25], "texture": "#1"},
				"west": {"uv": [7, 5, 8, 7.25], "texture": "#1"},
				"up": {"uv": [5, 4, 7, 5], "texture": "#1"},
				"down": {"uv": [7, 4, 9, 5], "texture": "#1"}
			}
		},
		{
			"from": [4, 23, 4],
			"to": [12, 31, 12],
			"rotation": {"angle": 0, "axis": "y", "origin": [7, 20, 7]},
			"faces": {
				"north": {"uv": [2, 2, 4, 4], "texture": "#1"},
				"east": {"uv": [0, 2, 2, 4], "texture": "#1"},
				"south": {"uv": [6, 2, 8, 4], "texture": "#1"},
				"west": {"uv": [4, 2, 6, 4], "texture": "#1"},
				"up": {"uv": [2, 0, 4, 2], "texture": "#1"},
				"down": {"uv": [4, 0, 6, 2], "texture": "#1"}
			}
		},
		{
			"name": "arms",
			"from": [13, 14, 6],
			"to": [17, 23, 10],
			"rotation": {"angle": 0, "axis": "x", "origin": [15, 22.5, 8]},
			"faces": {
				"north": {"uv": [11, 5, 12, 8], "texture": "#1"},
				"east": {"uv": [13, 5, 14, 8], "texture": "#1"},
				"south": {"uv": [12, 5, 13, 8], "texture": "#1"},
				"west": {"uv": [10, 5, 11, 8], "texture": "#1"},
				"up": {"uv": [11, 4, 12, 5], "texture": "#1"},
				"down": {"uv": [12, 4, 13, 5], "texture": "#1"}
			}
		},
		{
			"name": "arms",
			"from": [-1, 14, 6],
			"to": [3, 23, 10],
			"rotation": {"angle": 0, "axis": "x", "origin": [1, 23, 8]},
			"faces": {
				"north": {"uv": [11, 5, 12, 8], "texture": "#1"},
				"east": {"uv": [13, 5, 14, 8], "texture": "#1"},
				"south": {"uv": [12, 5, 13, 8], "texture": "#1"},
				"west": {"uv": [10, 5, 11, 8], "texture": "#1"},
				"up": {"uv": [11, 4, 12, 5], "texture": "#1"},
				"down": {"uv": [12, 4, 13, 5], "texture": "#1"}
			}
		}
	],
	"groups": [
		{
			"name": "base",
			"origin": [0, 0, 4],
			"color": 0,
			"children": [0, 1, 2, 3]
		},
		{
			"name": "steve",
			"origin": [7, 11, 7],
			"color": 0,
			"children": [4, 5, 6, 7, 8, 9]
		}
	]
}