{
	"credit": "Made with Blockbench",
	"textures": {
		"0": "block/spruce_planks",
		"1": "block/spruce_log",
		"2": "block/stripped_spruce_log",
		"particle": "block/spruce_planks"
	},
	"elements": [
		{
			"from": [11, 0, 3],
			"to": [13, 13, 5],
			"rotation": {"angle": 0, "axis": "y", "origin": [13, 0, 3]},
			"faces": {
				"north": {"uv": [4, 0, 0, 16], "texture": "#1"},
				"east": {"uv": [4, 0, 0, 16], "texture": "#1"},
				"south": {"uv": [4, 0, 0, 16], "texture": "#1"},
				"west": {"uv": [4, 0, 0, 16], "texture": "#1"},
				"up": {"uv": [4, 0, 0, 16], "texture": "#1"},
				"down": {"uv": [4, 0, 0, 16], "texture": "#1"}
			}
		},
		{
			"from": [3, 0, 3],
			"to": [5, 13, 5],
			"rotation": {"angle": 0, "axis": "y", "origin": [3, 0, 3]},
			"faces": {
				"north": {"uv": [0, 0, 4, 16], "texture": "#1"},
				"east": {"uv": [0, 0, 4, 16], "texture": "#1"},
				"south": {"uv": [0, 0, 4, 16], "texture": "#1"},
				"west": {"uv": [0, 0, 4, 16], "texture": "#1"},
				"up": {"uv": [0, 0, 4, 16], "texture": "#1"},
				"down": {"uv": [0, 0, 4, 16], "texture": "#1"}
			}
		},
		{
			"from": [3, 0, 11],
			"to": [5, 13, 13],
			"rotation": {"angle": 0, "axis": "y", "origin": [3, 0, 11]},
			"faces": {
				"north": {"uv": [0, 0, 4, 16], "texture": "#1"},
				"east": {"uv": [0, 0, 4, 16], "texture": "#1"},
				"south": {"uv": [0, 0, 4, 16], "texture": "#1"},
				"west": {"uv": [0, 0, 4, 16], "texture": "#1"},
				"up": {"uv": [0, 0, 4, 16], "texture": "#1"},
				"down": {"uv": [0, 0, 4, 16], "texture": "#1"}
			}
		},
		{
			"from": [11, 0, 11],
			"to": [13, 13, 13],
			"rotation": {"angle": 0, "axis": "y", "origin": [13, 0, 11]},
			"faces": {
				"north": {"uv": [4, 0, 0, 16], "texture": "#1"},
				"east": {"uv": [4, 0, 0, 16], "texture": "#1"},
				"south": {"uv": [4, 0, 0, 16], "texture": "#1"},
				"west": {"uv": [4, 0, 0, 16], "texture": "#1"},
				"up": {"uv": [4, 0, 0, 16], "texture": "#1"},
				"down": {"uv": [4, 0, 0, 16], "texture": "#1"}
			}
		},
		{
			"from": [4.25, 4.25, 3.25],
			"to": [11.75, 5.75, 4.75],
			"rotation": {"angle": 0, "axis": "z", "origin": [7, 0, 3]},
			"faces": {
				"north": {"uv": [0, 0, 3, 16], "rotation": 90, "texture": "#2"},
				"east": {"uv": [0, 0, 3, 16], "rotation": 90, "texture": "#2"},
				"south": {"uv": [0, 0, 3, 16], "rotation": 90, "texture": "#2"},
				"west": {"uv": [0, 0, 3, 16], "rotation": 90, "texture": "#2"},
				"up": {"uv": [0, 0, 3, 16], "rotation": 90, "texture": "#2"},
				"down": {"uv": [0, 0, 3, 16], "rotation": 90, "texture": "#2"}
			}
		},
		{
			"from": [4.25, 4.25, 11.25],
			"to": [11.75, 5.75, 12.75],
			"rotation": {"angle": 0, "axis": "y", "origin": [7, 0, 11]},
			"faces": {
				"north": {"uv": [0, 0, 3, 16], "rotation": 90, "texture": "#2"},
				"east": {"uv": [0, 0, 3, 16], "rotation": 90, "texture": "#2"},
				"south": {"uv": [0, 0, 3, 16], "rotation": 90, "texture": "#2"},
				"west": {"uv": [0, 0, 3, 16], "rotation": 90, "texture": "#2"},
				"up": {"uv": [0, 0, 3, 16], "rotation": 90, "texture": "#2"},
				"down": {"uv": [0, 0, 3, 16], "rotation": 90, "texture": "#2"}
			}
		},
		{
			"from": [11.25, 8.25, 4.25],
			"to": [12.75, 9.75, 11.75],
			"rotation": {"angle": 0, "axis": "y", "origin": [8, 9, 8]},
			"faces": {
				"north": {"uv": [0, 0, 3, 16], "rotation": 90, "texture": "#2"},
				"east": {"uv": [0, 0, 3, 16], "rotation": 90, "texture": "#2"},
				"south": {"uv": [0, 0, 3, 16], "rotation": 90, "texture": "#2"},
				"west": {"uv": [0, 0, 3, 16], "rotation": 90, "texture": "#2"},
				"up": {"uv": [0, 0, 3, 16], "rotation": 90, "texture": "#2"},
				"down": {"uv": [0, 0, 3, 16], "rotation": 90, "texture": "#2"}
			}
		},
		{
			"from": [3.25, 8.25, 4.25],
			"to": [4.75, 9.75, 11.75],
			"rotation": {"angle": 0, "axis": "y", "origin": [8, 9, 8]},
			"faces": {
				"north": {"uv": [0, 0, 3, 16], "rotation": 90, "texture": "#2"},
				"east": {"uv": [0, 0, 3, 16], "rotation": 90, "texture": "#2"},
				"south": {"uv": [0, 0, 3, 16], "rotation": 90, "texture": "#2"},
				"west": {"uv": [0, 0, 3, 16], "rotation": 90, "texture": "#2"},
				"up": {"uv": [0, 0, 3, 16], "rotation": 90, "texture": "#2"},
				"down": {"uv": [0, 0, 3, 16], "rotation": 90, "texture": "#2"}
			}
		},
		{
			"from": [4.7, 12.503, 0],
			"to": [11.3, 14.503, 16],
			"rotation": {"angle": 0, "axis": "y", "origin": [8, 13.5, 8]},
			"faces": {
				"north": {"uv": [0, 0, 6.6, 2], "texture": "#0"},
				"east": {"uv": [0, 0, 16, 2], "texture": "#0"},
				"south": {"uv": [0, 0, 6.6, 2], "texture": "#0"},
				"west": {"uv": [0, 0, 16, 2], "texture": "#0"},
				"up": {"uv": [0, 0, 6.6, 16], "texture": "#0"},
				"down": {"uv": [0, 0, 6.6, 16], "texture": "#0"}
			}
		},
		{
			"from": [4.7, 12.502, 0],
			"to": [11.3, 14.502, 16],
			"rotation": {"angle": 45, "axis": "y", "origin": [8, 13.5, 8]},
			"faces": {
				"north": {"uv": [0, 0, 6.6, 2], "texture": "#0"},
				"east": {"uv": [0, 0, 16, 2], "texture": "#0"},
				"south": {"uv": [0, 0, 6.6, 2], "texture": "#0"},
				"west": {"uv": [0, 0, 16, 2], "texture": "#0"},
				"up": {"uv": [0, 0, 6.6, 16], "texture": "#0"},
				"down": {"uv": [0, 0, 6.6, 16], "texture": "#0"}
			}
		},
		{
			"from": [0, 12.501, 4.7],
			"to": [16, 14.501, 11.3],
			"rotation": {"angle": 0, "axis": "y", "origin": [8, 13.5, 8]},
			"faces": {
				"north": {"uv": [0, 0, 16, 2], "texture": "#0"},
				"east": {"uv": [0, 0, 6.6, 2], "texture": "#0"},
				"south": {"uv": [0, 0, 16, 2], "texture": "#0"},
				"west": {"uv": [0, 0, 6.6, 2], "texture": "#0"},
				"up": {"uv": [0, 0, 6.6, 16], "rotation": 270, "texture": "#0"},
				"down": {"uv": [0, 0, 6.6, 16], "rotation": 90, "texture": "#0"}
			}
		},
		{
			"from": [0, 12.5, 4.7],
			"to": [16, 14.5, 11.3],
			"rotation": {"angle": 45, "axis": "y", "origin": [8, 13.5, 8]},
			"faces": {
				"north": {"uv": [0, 0, 16, 2], "texture": "#0"},
				"east": {"uv": [0, 0, 6.6, 2], "texture": "#0"},
				"south": {"uv": [0, 0, 16, 2], "texture": "#0"},
				"west": {"uv": [0, 0, 6.6, 2], "texture": "#0"},
				"up": {"uv": [0, 0, 6.6, 16], "rotation": 270, "texture": "#0"},
				"down": {"uv": [0, 0, 6.6, 16], "rotation": 90, "texture": "#0"}
			}
		}
	],
	"groups": [
		{
			"name": "legs",
			"origin": [13, 0, 11],
			"color": 0,
			"children": [
				0,
				1,
				2,
				3,
				{
					"name": "betweens",
					"origin": [13, 0, 11],
					"color": 0,
					"children": [4, 5, 6, 7]
				}
			]
		},
		{
			"name": "top",
			"origin": [7, 12.5, 7],
			"color": 0,
			"children": [8, 9, 10, 11]
		}
	]
}