{
	"credit": "Made with Blockbench",
	"textures": {
		"0": "block/green_concrete",
		"1": "block/black_concrete",
		"2": "block/gray_concrete",
		"3": "item/doors/decor/ascii_w",
		"4": "item/doors/decor/book",
		"5": "item/doors/decor/ascii_b",
		"particle": "block/green_concrete"
	},
	"elements": [
		{
			"from": [1, 0, 3],
			"to": [15, 1, 15],
			"rotation": {"angle": 0, "axis": "y", "origin": [1, 0, 5]},
			"faces": {
				"north": {"uv": [0, 0, 14, 1], "texture": "#0"},
				"east": {"uv": [0, 0, 12, 1], "texture": "#0"},
				"south": {"uv": [0, 0, 14, 1], "texture": "#0"},
				"west": {"uv": [0, 0, 12, 1], "texture": "#0"},
				"up": {"uv": [0, 0, 14, 12], "texture": "#1"},
				"down": {"uv": [0, 0, 14, 12], "texture": "#0"}
			}
		},
		{
			"from": [14, 1, 3],
			"to": [15, 3, 15],
			"rotation": {"angle": 0, "axis": "y", "origin": [1, 1, 5]},
			"faces": {
				"north": {"uv": [0, 0, 1, 2], "texture": "#0"},
				"east": {"uv": [0, 0, 12, 2], "texture": "#0"},
				"south": {"uv": [0, 0, 1, 2], "texture": "#0"},
				"west": {"uv": [0, 0, 12, 2], "texture": "#1"},
				"up": {"uv": [0, 0, 1, 12], "texture": "#0"},
				"down": {"uv": [0, 0, 1, 12], "texture": "#0"}
			}
		},
		{
			"from": [1, 1, 3],
			"to": [2, 3, 15],
			"rotation": {"angle": 0, "axis": "y", "origin": [-12, 1, 5]},
			"faces": {
				"north": {"uv": [0, 0, 1, 2], "texture": "#0"},
				"east": {"uv": [0, 0, 12, 2], "texture": "#1"},
				"south": {"uv": [0, 0, 1, 2], "texture": "#0"},
				"west": {"uv": [0, 0, 12, 2], "texture": "#0"},
				"up": {"uv": [0, 0, 1, 12], "texture": "#0"},
				"down": {"uv": [0, 0, 1, 12], "texture": "#0"}
			}
		},
		{
			"from": [2, 1, 11],
			"to": [14, 3, 15],
			"rotation": {"angle": 0, "axis": "y", "origin": [-5, 1, 5]},
			"faces": {
				"north": {"uv": [0, 0, 12, 2], "texture": "#1"},
				"east": {"uv": [0, 0, 4, 2], "texture": "#0"},
				"south": {"uv": [0, 0, 12, 2], "texture": "#0"},
				"west": {"uv": [0, 0, 4, 2], "texture": "#0"},
				"up": {"uv": [0, 0, 12, 4], "texture": "#0"},
				"down": {"uv": [0, 0, 12, 4], "texture": "#0"}
			}
		},
		{
			"from": [2, 3, 11],
			"to": [14, 5, 15],
			"rotation": {"angle": 0, "axis": "y", "origin": [-5, 3, 5]},
			"faces": {
				"north": {"uv": [0, 0, 12, 2], "texture": "#0"},
				"east": {"uv": [0, 0, 4, 2], "texture": "#0"},
				"south": {"uv": [0, 0, 12, 2], "texture": "#0"},
				"west": {"uv": [0, 0, 4, 2], "texture": "#0"},
				"up": {"uv": [0, 0, 12, 4], "texture": "#0"},
				"down": {"uv": [0, 0, 12, 4], "texture": "#0"}
			}
		},
		{
			"from": [2, 1, 3],
			"to": [14, 3, 4],
			"rotation": {"angle": 0, "axis": "y", "origin": [-5, 1, -4]},
			"faces": {
				"north": {"uv": [0, 0, 12, 2], "texture": "#0"},
				"east": {"uv": [0, 0, 1, 2], "texture": "#0"},
				"south": {"uv": [0, 0, 12, 2], "texture": "#1"},
				"west": {"uv": [0, 0, 1, 2], "texture": "#0"},
				"up": {"uv": [0, 0, 12, 1], "texture": "#0"},
				"down": {"uv": [0, 0, 12, 1], "texture": "#0"}
			}
		},
		{
			"from": [4, 0.9, 4.5],
			"to": [4.5, 2.9, 5],
			"rotation": {"angle": 0, "axis": "y", "origin": [4, 0.9, 4.5]},
			"faces": {
				"north": {"uv": [0, 0, 0.5, 2], "texture": "#2"},
				"east": {"uv": [0, 0, 0.5, 2], "texture": "#2"},
				"south": {"uv": [0, 0, 0.5, 2], "texture": "#2"},
				"west": {"uv": [0, 0, 0.5, 2], "texture": "#2"},
				"up": {"uv": [0, 0, 0.5, 0.5], "texture": "#2"},
				"down": {"uv": [0, 0, 0.5, 0.5], "texture": "#2"}
			}
		},
		{
			"from": [3.75, 2.9, 4.25],
			"to": [4.75, 3.4, 5.25],
			"rotation": {"angle": 0, "axis": "y", "origin": [4, 2.9, 4.5]},
			"faces": {
				"north": {"uv": [0, 0, 1, 0.5], "texture": "#2"},
				"east": {"uv": [0, 0, 1, 0.5], "texture": "#2"},
				"south": {"uv": [0, 0, 1, 0.5], "texture": "#2"},
				"west": {"uv": [0, 0, 1, 0.5], "texture": "#2"},
				"up": {"uv": [0, 0, 1, 1], "texture": "#2"},
				"down": {"uv": [0, 0, 1, 1], "texture": "#2"}
			}
		},
		{
			"from": [2.5, 0.9, 4.5],
			"to": [3, 2.9, 5],
			"rotation": {"angle": 0, "axis": "y", "origin": [2.5, 0.9, 4.5]},
			"faces": {
				"north": {"uv": [0, 0, 0.5, 2], "texture": "#2"},
				"east": {"uv": [0, 0, 0.5, 2], "texture": "#2"},
				"south": {"uv": [0, 0, 0.5, 2], "texture": "#2"},
				"west": {"uv": [0, 0, 0.5, 2], "texture": "#2"},
				"up": {"uv": [0, 0, 0.5, 0.5], "texture": "#2"},
				"down": {"uv": [0, 0, 0.5, 0.5], "texture": "#2"}
			}
		},
		{
			"from": [2.25, 2.9, 4.25],
			"to": [3.25, 3.4, 5.25],
			"rotation": {"angle": 0, "axis": "y", "origin": [2.5, 2.9, 4.5]},
			"faces": {
				"north": {"uv": [0, 0, 1, 0.5], "texture": "#2"},
				"east": {"uv": [0, 0, 1, 0.5], "texture": "#2"},
				"south": {"uv": [0, 0, 1, 0.5], "texture": "#2"},
				"west": {"uv": [0, 0, 1, 0.5], "texture": "#2"},
				"up": {"uv": [0, 0, 1, 1], "texture": "#2"},
				"down": {"uv": [0, 0, 1, 1], "texture": "#2"}
			}
		},
		{
			"from": [7, 0.9, 4.5],
			"to": [7.5, 2.9, 5],
			"rotation": {"angle": 0, "axis": "y", "origin": [7, 0.9, 4.5]},
			"faces": {
				"north": {"uv": [0, 0, 0.5, 2], "texture": "#2"},
				"east": {"uv": [0, 0, 0.5, 2], "texture": "#2"},
				"south": {"uv": [0, 0, 0.5, 2], "texture": "#2"},
				"west": {"uv": [0, 0, 0.5, 2], "texture": "#2"},
				"up": {"uv": [0, 0, 0.5, 0.5], "texture": "#2"},
				"down": {"uv": [0, 0, 0.5, 0.5], "texture": "#2"}
			}
		},
		{
			"from": [6.75, 2.9, 4.25],
			"to": [7.75, 3.4, 5.25],
			"rotation": {"angle": 0, "axis": "y", "origin": [7, 2.9, 4.5]},
			"faces": {
				"north": {"uv": [0, 0, 1, 0.5], "texture": "#2"},
				"east": {"uv": [0, 0, 1, 0.5], "texture": "#2"},
				"south": {"uv": [0, 0, 1, 0.5], "texture": "#2"},
				"west": {"uv": [0, 0, 1, 0.5], "texture": "#2"},
				"up": {"uv": [0, 0, 1, 1], "texture": "#2"},
				"down": {"uv": [0, 0, 1, 1], "texture": "#2"}
			}
		},
		{
			"from": [5.5, 0.9, 4.5],
			"to": [6, 2.9, 5],
			"rotation": {"angle": 0, "axis": "y", "origin": [5.5, 0.9, 4.5]},
			"faces": {
				"north": {"uv": [0, 0, 0.5, 2], "texture": "#2"},
				"east": {"uv": [0, 0, 0.5, 2], "texture": "#2"},
				"south": {"uv": [0, 0, 0.5, 2], "texture": "#2"},
				"west": {"uv": [0, 0, 0.5, 2], "texture": "#2"},
				"up": {"uv": [0, 0, 0.5, 0.5], "texture": "#2"},
				"down": {"uv": [0, 0, 0.5, 0.5], "texture": "#2"}
			}
		},
		{
			"from": [5.25, 2.9, 4.25],
			"to": [6.25, 3.4, 5.25],
			"rotation": {"angle": 0, "axis": "y", "origin": [5.5, 2.9, 4.5]},
			"faces": {
				"north": {"uv": [0, 0, 1, 0.5], "texture": "#2"},
				"east": {"uv": [0, 0, 1, 0.5], "texture": "#2"},
				"south": {"uv": [0, 0, 1, 0.5], "texture": "#2"},
				"west": {"uv": [0, 0, 1, 0.5], "texture": "#2"},
				"up": {"uv": [0, 0, 1, 1], "texture": "#2"},
				"down": {"uv": [0, 0, 1, 1], "texture": "#2"}
			}
		},
		{
			"from": [10, 0.9, 4.5],
			"to": [10.5, 2.9, 5],
			"rotation": {"angle": 0, "axis": "y", "origin": [10, 0.9, 4.5]},
			"faces": {
				"north": {"uv": [0, 0, 0.5, 2], "texture": "#2"},
				"east": {"uv": [0, 0, 0.5, 2], "texture": "#2"},
				"south": {"uv": [0, 0, 0.5, 2], "texture": "#2"},
				"west": {"uv": [0, 0, 0.5, 2], "texture": "#2"},
				"up": {"uv": [0, 0, 0.5, 0.5], "texture": "#2"},
				"down": {"uv": [0, 0, 0.5, 0.5], "texture": "#2"}
			}
		},
		{
			"from": [9.75, 2.9, 4.25],
			"to": [10.75, 3.4, 5.25],
			"rotation": {"angle": 0, "axis": "y", "origin": [10, 2.9, 4.5]},
			"faces": {
				"north": {"uv": [0, 0, 1, 0.5], "texture": "#2"},
				"east": {"uv": [0, 0, 1, 0.5], "texture": "#2"},
				"south": {"uv": [0, 0, 1, 0.5], "texture": "#2"},
				"west": {"uv": [0, 0, 1, 0.5], "texture": "#2"},
				"up": {"uv": [0, 0, 1, 1], "texture": "#2"},
				"down": {"uv": [0, 0, 1, 1], "texture": "#2"}
			}
		},
		{
			"from": [8.5, 0.9, 4.5],
			"to": [9, 2.9, 5],
			"rotation": {"angle": 0, "axis": "y", "origin": [8.5, 0.9, 4.5]},
			"faces": {
				"north": {"uv": [0, 0, 0.5, 2], "texture": "#2"},
				"east": {"uv": [0, 0, 0.5, 2], "texture": "#2"},
				"south": {"uv": [0, 0, 0.5, 2], "texture": "#2"},
				"west": {"uv": [0, 0, 0.5, 2], "texture": "#2"},
				"up": {"uv": [0, 0, 0.5, 0.5], "texture": "#2"},
				"down": {"uv": [0, 0, 0.5, 0.5], "texture": "#2"}
			}
		},
		{
			"from": [8.25, 2.9, 4.25],
			"to": [9.25, 3.4, 5.25],
			"rotation": {"angle": 0, "axis": "y", "origin": [8.5, 2.9, 4.5]},
			"faces": {
				"north": {"uv": [0, 0, 1, 0.5], "texture": "#2"},
				"east": {"uv": [0, 0, 1, 0.5], "texture": "#2"},
				"south": {"uv": [0, 0, 1, 0.5], "texture": "#2"},
				"west": {"uv": [0, 0, 1, 0.5], "texture": "#2"},
				"up": {"uv": [0, 0, 1, 1], "texture": "#2"},
				"down": {"uv": [0, 0, 1, 1], "texture": "#2"}
			}
		},
		{
			"from": [13, 0.9, 4.5],
			"to": [13.5, 2.9, 5],
			"rotation": {"angle": 0, "axis": "y", "origin": [13, 0.9, 4.5]},
			"faces": {
				"north": {"uv": [0, 0, 0.5, 2], "texture": "#2"},
				"east": {"uv": [0, 0, 0.5, 2], "texture": "#2"},
				"south": {"uv": [0, 0, 0.5, 2], "texture": "#2"},
				"west": {"uv": [0, 0, 0.5, 2], "texture": "#2"},
				"up": {"uv": [0, 0, 0.5, 0.5], "texture": "#2"},
				"down": {"uv": [0, 0, 0.5, 0.5], "texture": "#2"}
			}
		},
		{
			"from": [12.75, 2.9, 4.25],
			"to": [13.75, 3.4, 5.25],
			"rotation": {"angle": 0, "axis": "y", "origin": [13, 2.9, 4.5]},
			"faces": {
				"north": {"uv": [0, 0, 1, 0.5], "texture": "#2"},
				"east": {"uv": [0, 0, 1, 0.5], "texture": "#2"},
				"south": {"uv": [0, 0, 1, 0.5], "texture": "#2"},
				"west": {"uv": [0, 0, 1, 0.5], "texture": "#2"},
				"up": {"uv": [0, 0, 1, 1], "texture": "#2"},
				"down": {"uv": [0, 0, 1, 1], "texture": "#2"}
			}
		},
		{
			"from": [11.5, 0.9, 4.5],
			"to": [12, 2.9, 5],
			"rotation": {"angle": 0, "axis": "y", "origin": [11.5, 0.9, 4.5]},
			"faces": {
				"north": {"uv": [0, 0, 0.5, 2], "texture": "#2"},
				"east": {"uv": [0, 0, 0.5, 2], "texture": "#2"},
				"south": {"uv": [0, 0, 0.5, 2], "texture": "#2"},
				"west": {"uv": [0, 0, 0.5, 2], "texture": "#2"},
				"up": {"uv": [0, 0, 0.5, 0.5], "texture": "#2"},
				"down": {"uv": [0, 0, 0.5, 0.5], "texture": "#2"}
			}
		},
		{
			"from": [11.25, 2.9, 4.25],
			"to": [12.25, 3.4, 5.25],
			"rotation": {"angle": 0, "axis": "y", "origin": [11.5, 2.9, 4.5]},
			"faces": {
				"north": {"uv": [0, 0, 1, 0.5], "texture": "#2"},
				"east": {"uv": [0, 0, 1, 0.5], "texture": "#2"},
				"south": {"uv": [0, 0, 1, 0.5], "texture": "#2"},
				"west": {"uv": [0, 0, 1, 0.5], "texture": "#2"},
				"up": {"uv": [0, 0, 1, 1], "texture": "#2"},
				"down": {"uv": [0, 0, 1, 1], "texture": "#2"}
			}
		},
		{
			"from": [12.75, 1.1, 6],
			"to": [13.25, 3.1, 6.5],
			"rotation": {"angle": 0, "axis": "y", "origin": [12.75, 1.1, 6]},
			"faces": {
				"north": {"uv": [0, 0, 0.5, 2], "texture": "#2"},
				"east": {"uv": [0, 0, 0.5, 2], "texture": "#2"},
				"south": {"uv": [0, 0, 0.5, 2], "texture": "#2"},
				"west": {"uv": [0, 0, 0.5, 2], "texture": "#2"},
				"up": {"uv": [0, 0, 0.5, 0.5], "texture": "#2"},
				"down": {"uv": [0, 0, 0.5, 0.5], "texture": "#2"}
			}
		},
		{
			"from": [12.5, 3.1, 5.75],
			"to": [13.5, 3.6, 6.75],
			"rotation": {"angle": 0, "axis": "y", "origin": [12.75, 3.1, 6]},
			"faces": {
				"north": {"uv": [0, 0, 1, 0.5], "texture": "#2"},
				"east": {"uv": [0, 0, 1, 0.5], "texture": "#2"},
				"south": {"uv": [0, 0, 1, 0.5], "texture": "#2"},
				"west": {"uv": [0, 0, 1, 0.5], "texture": "#2"},
				"up": {"uv": [0, 0, 1, 1], "texture": "#2"},
				"down": {"uv": [0, 0, 1, 1], "texture": "#2"}
			}
		},
		{
			"from": [11.25, 1.1, 6],
			"to": [11.75, 3.1, 6.5],
			"rotation": {"angle": 0, "axis": "y", "origin": [11.25, 1.1, 6]},
			"faces": {
				"north": {"uv": [0, 0, 0.5, 2], "texture": "#2"},
				"east": {"uv": [0, 0, 0.5, 2], "texture": "#2"},
				"south": {"uv": [0, 0, 0.5, 2], "texture": "#2"},
				"west": {"uv": [0, 0, 0.5, 2], "texture": "#2"},
				"up": {"uv": [0, 0, 0.5, 0.5], "texture": "#2"},
				"down": {"uv": [0, 0, 0.5, 0.5], "texture": "#2"}
			}
		},
		{
			"from": [11, 3.1, 5.75],
			"to": [12, 3.6, 6.75],
			"rotation": {"angle": 0, "axis": "y", "origin": [11.25, 3.1, 6]},
			"faces": {
				"north": {"uv": [0, 0, 1, 0.5], "texture": "#2"},
				"east": {"uv": [0, 0, 1, 0.5], "texture": "#2"},
				"south": {"uv": [0, 0, 1, 0.5], "texture": "#2"},
				"west": {"uv": [0, 0, 1, 0.5], "texture": "#2"},
				"up": {"uv": [0, 0, 1, 1], "texture": "#2"},
				"down": {"uv": [0, 0, 1, 1], "texture": "#2"}
			}
		},
		{
			"from": [3.75, 1.1, 6],
			"to": [4.25, 3.1, 6.5],
			"rotation": {"angle": 0, "axis": "y", "origin": [3.75, 1.1, 6]},
			"faces": {
				"north": {"uv": [0, 0, 0.5, 2], "texture": "#2"},
				"east": {"uv": [0, 0, 0.5, 2], "texture": "#2"},
				"south": {"uv": [0, 0, 0.5, 2], "texture": "#2"},
				"west": {"uv": [0, 0, 0.5, 2], "texture": "#2"},
				"up": {"uv": [0, 0, 0.5, 0.5], "texture": "#2"},
				"down": {"uv": [0, 0, 0.5, 0.5], "texture": "#2"}
			}
		},
		{
			"from": [3.5, 3.1, 5.75],
			"to": [4.5, 3.6, 6.75],
			"rotation": {"angle": 0, "axis": "y", "origin": [3.75, 3.1, 6]},
			"faces": {
				"north": {"uv": [0, 0, 1, 0.5], "texture": "#2"},
				"east": {"uv": [0, 0, 1, 0.5], "texture": "#2"},
				"south": {"uv": [0, 0, 1, 0.5], "texture": "#2"},
				"west": {"uv": [0, 0, 1, 0.5], "texture": "#2"},
				"up": {"uv": [0, 0, 1, 1], "texture": "#2"},
				"down": {"uv": [0, 0, 1, 1], "texture": "#2"}
			}
		},
		{
			"from": [2.25, 1.1, 6],
			"to": [2.75, 3.1, 6.5],
			"rotation": {"angle": 0, "axis": "y", "origin": [2.25, 1.1, 6]},
			"faces": {
				"north": {"uv": [0, 0, 0.5, 2], "texture": "#2"},
				"east": {"uv": [0, 0, 0.5, 2], "texture": "#2"},
				"south": {"uv": [0, 0, 0.5, 2], "texture": "#2"},
				"west": {"uv": [0, 0, 0.5, 2], "texture": "#2"},
				"up": {"uv": [0, 0, 0.5, 0.5], "texture": "#2"},
				"down": {"uv": [0, 0, 0.5, 0.5], "texture": "#2"}
			}
		},
		{
			"from": [2, 3.1, 5.75],
			"to": [3, 3.6, 6.75],
			"rotation": {"angle": 0, "axis": "y", "origin": [2.25, 3.1, 6]},
			"faces": {
				"north": {"uv": [0, 0, 1, 0.5], "texture": "#2"},
				"east": {"uv": [0, 0, 1, 0.5], "texture": "#2"},
				"south": {"uv": [0, 0, 1, 0.5], "texture": "#2"},
				"west": {"uv": [0, 0, 1, 0.5], "texture": "#2"},
				"up": {"uv": [0, 0, 1, 1], "texture": "#2"},
				"down": {"uv": [0, 0, 1, 1], "texture": "#2"}
			}
		},
		{
			"from": [6.75, 1.1, 6],
			"to": [7.25, 3.1, 6.5],
			"rotation": {"angle": 0, "axis": "y", "origin": [6.75, 1.1, 6]},
			"faces": {
				"north": {"uv": [0, 0, 0.5, 2], "texture": "#2"},
				"east": {"uv": [0, 0, 0.5, 2], "texture": "#2"},
				"south": {"uv": [0, 0, 0.5, 2], "texture": "#2"},
				"west": {"uv": [0, 0, 0.5, 2], "texture": "#2"},
				"up": {"uv": [0, 0, 0.5, 0.5], "texture": "#2"},
				"down": {"uv": [0, 0, 0.5, 0.5], "texture": "#2"}
			}
		},
		{
			"from": [6.5, 3.1, 5.75],
			"to": [7.5, 3.6, 6.75],
			"rotation": {"angle": 0, "axis": "y", "origin": [6.75, 3.1, 6]},
			"faces": {
				"north": {"uv": [0, 0, 1, 0.5], "texture": "#2"},
				"east": {"uv": [0, 0, 1, 0.5], "texture": "#2"},
				"south": {"uv": [0, 0, 1, 0.5], "texture": "#2"},
				"west": {"uv": [0, 0, 1, 0.5], "texture": "#2"},
				"up": {"uv": [0, 0, 1, 1], "texture": "#2"},
				"down": {"uv": [0, 0, 1, 1], "texture": "#2"}
			}
		},
		{
			"from": [5.25, 1.1, 6],
			"to": [5.75, 3.1, 6.5],
			"rotation": {"angle": 0, "axis": "y", "origin": [5.25, 1.1, 6]},
			"faces": {
				"north": {"uv": [0, 0, 0.5, 2], "texture": "#2"},
				"east": {"uv": [0, 0, 0.5, 2], "texture": "#2"},
				"south": {"uv": [0, 0, 0.5, 2], "texture": "#2"},
				"west": {"uv": [0, 0, 0.5, 2], "texture": "#2"},
				"up": {"uv": [0, 0, 0.5, 0.5], "texture": "#2"},
				"down": {"uv": [0, 0, 0.5, 0.5], "texture": "#2"}
			}
		},
		{
			"from": [5, 3.1, 5.75],
			"to": [6, 3.6, 6.75],
			"rotation": {"angle": 0, "axis": "y", "origin": [5.25, 3.1, 6]},
			"faces": {
				"north": {"uv": [0, 0, 1, 0.5], "texture": "#2"},
				"east": {"uv": [0, 0, 1, 0.5], "texture": "#2"},
				"south": {"uv": [0, 0, 1, 0.5], "texture": "#2"},
				"west": {"uv": [0, 0, 1, 0.5], "texture": "#2"},
				"up": {"uv": [0, 0, 1, 1], "texture": "#2"},
				"down": {"uv": [0, 0, 1, 1], "texture": "#2"}
			}
		},
		{
			"from": [9.75, 1.1, 6],
			"to": [10.25, 3.1, 6.5],
			"rotation": {"angle": 0, "axis": "y", "origin": [9.75, 1.1, 6]},
			"faces": {
				"north": {"uv": [0, 0, 0.5, 2], "texture": "#2"},
				"east": {"uv": [0, 0, 0.5, 2], "texture": "#2"},
				"south": {"uv": [0, 0, 0.5, 2], "texture": "#2"},
				"west": {"uv": [0, 0, 0.5, 2], "texture": "#2"},
				"up": {"uv": [0, 0, 0.5, 0.5], "texture": "#2"},
				"down": {"uv": [0, 0, 0.5, 0.5], "texture": "#2"}
			}
		},
		{
			"from": [9.5, 3.1, 5.75],
			"to": [10.5, 3.6, 6.75],
			"rotation": {"angle": 0, "axis": "y", "origin": [9.75, 3.1, 6]},
			"faces": {
				"north": {"uv": [0, 0, 1, 0.5], "texture": "#2"},
				"east": {"uv": [0, 0, 1, 0.5], "texture": "#2"},
				"south": {"uv": [0, 0, 1, 0.5], "texture": "#2"},
				"west": {"uv": [0, 0, 1, 0.5], "texture": "#2"},
				"up": {"uv": [0, 0, 1, 1], "texture": "#2"},
				"down": {"uv": [0, 0, 1, 1], "texture": "#2"}
			}
		},
		{
			"from": [8.25, 1.1, 6],
			"to": [8.75, 3.1, 6.5],
			"rotation": {"angle": 0, "axis": "y", "origin": [8.25, 1.1, 6]},
			"faces": {
				"north": {"uv": [0, 0, 0.5, 2], "texture": "#2"},
				"east": {"uv": [0, 0, 0.5, 2], "texture": "#2"},
				"south": {"uv": [0, 0, 0.5, 2], "texture": "#2"},
				"west": {"uv": [0, 0, 0.5, 2], "texture": "#2"},
				"up": {"uv": [0, 0, 0.5, 0.5], "texture": "#2"},
				"down": {"uv": [0, 0, 0.5, 0.5], "texture": "#2"}
			}
		},
		{
			"from": [8, 3.1, 5.75],
			"to": [9, 3.6, 6.75],
			"rotation": {"angle": 0, "axis": "y", "origin": [8.25, 3.1, 6]},
			"faces": {
				"north": {"uv": [0, 0, 1, 0.5], "texture": "#2"},
				"east": {"uv": [0, 0, 1, 0.5], "texture": "#2"},
				"south": {"uv": [0, 0, 1, 0.5], "texture": "#2"},
				"west": {"uv": [0, 0, 1, 0.5], "texture": "#2"},
				"up": {"uv": [0, 0, 1, 1], "texture": "#2"},
				"down": {"uv": [0, 0, 1, 1], "texture": "#2"}
			}
		},
		{
			"from": [13, 1.3, 7.5],
			"to": [13.5, 3.3, 8],
			"rotation": {"angle": 0, "axis": "y", "origin": [13, 1.3, 7.5]},
			"faces": {
				"north": {"uv": [0, 0, 0.5, 2], "texture": "#2"},
				"east": {"uv": [0, 0, 0.5, 2], "texture": "#2"},
				"south": {"uv": [0, 0, 0.5, 2], "texture": "#2"},
				"west": {"uv": [0, 0, 0.5, 2], "texture": "#2"},
				"up": {"uv": [0, 0, 0.5, 0.5], "texture": "#2"},
				"down": {"uv": [0, 0, 0.5, 0.5], "texture": "#2"}
			}
		},
		{
			"from": [12.75, 3.3, 7.25],
			"to": [13.75, 3.8, 8.25],
			"rotation": {"angle": 0, "axis": "y", "origin": [13, 3.3, 7.5]},
			"faces": {
				"north": {"uv": [0, 0, 1, 0.5], "texture": "#2"},
				"east": {"uv": [0, 0, 1, 0.5], "texture": "#2"},
				"south": {"uv": [0, 0, 1, 0.5], "texture": "#2"},
				"west": {"uv": [0, 0, 1, 0.5], "texture": "#2"},
				"up": {"uv": [0, 0, 1, 1], "texture": "#2"},
				"down": {"uv": [0, 0, 1, 1], "texture": "#2"}
			}
		},
		{
			"from": [11.5, 1.3, 7.5],
			"to": [12, 3.3, 8],
			"rotation": {"angle": 0, "axis": "y", "origin": [11.5, 1.3, 7.5]},
			"faces": {
				"north": {"uv": [0, 0, 0.5, 2], "texture": "#2"},
				"east": {"uv": [0, 0, 0.5, 2], "texture": "#2"},
				"south": {"uv": [0, 0, 0.5, 2], "texture": "#2"},
				"west": {"uv": [0, 0, 0.5, 2], "texture": "#2"},
				"up": {"uv": [0, 0, 0.5, 0.5], "texture": "#2"},
				"down": {"uv": [0, 0, 0.5, 0.5], "texture": "#2"}
			}
		},
		{
			"from": [11.25, 3.3, 7.25],
			"to": [12.25, 3.8, 8.25],
			"rotation": {"angle": 0, "axis": "y", "origin": [11.5, 3.3, 7.5]},
			"faces": {
				"north": {"uv": [0, 0, 1, 0.5], "texture": "#2"},
				"east": {"uv": [0, 0, 1, 0.5], "texture": "#2"},
				"south": {"uv": [0, 0, 1, 0.5], "texture": "#2"},
				"west": {"uv": [0, 0, 1, 0.5], "texture": "#2"},
				"up": {"uv": [0, 0, 1, 1], "texture": "#2"},
				"down": {"uv": [0, 0, 1, 1], "texture": "#2"}
			}
		},
		{
			"from": [4, 1.3, 7.5],
			"to": [4.5, 3.3, 8],
			"rotation": {"angle": 0, "axis": "y", "origin": [4, 1.3, 7.5]},
			"faces": {
				"north": {"uv": [0, 0, 0.5, 2], "texture": "#2"},
				"east": {"uv": [0, 0, 0.5, 2], "texture": "#2"},
				"south": {"uv": [0, 0, 0.5, 2], "texture": "#2"},
				"west": {"uv": [0, 0, 0.5, 2], "texture": "#2"},
				"up": {"uv": [0, 0, 0.5, 0.5], "texture": "#2"},
				"down": {"uv": [0, 0, 0.5, 0.5], "texture": "#2"}
			}
		},
		{
			"from": [3.75, 3.3, 7.25],
			"to": [4.75, 3.8, 8.25],
			"rotation": {"angle": 0, "axis": "y", "origin": [4, 3.3, 7.5]},
			"faces": {
				"north": {"uv": [0, 0, 1, 0.5], "texture": "#2"},
				"east": {"uv": [0, 0, 1, 0.5], "texture": "#2"},
				"south": {"uv": [0, 0, 1, 0.5], "texture": "#2"},
				"west": {"uv": [0, 0, 1, 0.5], "texture": "#2"},
				"up": {"uv": [0, 0, 1, 1], "texture": "#2"},
				"down": {"uv": [0, 0, 1, 1], "texture": "#2"}
			}
		},
		{
			"from": [2.5, 1.3, 7.5],
			"to": [3, 3.3, 8],
			"rotation": {"angle": 0, "axis": "y", "origin": [2.5, 1.3, 7.5]},
			"faces": {
				"north": {"uv": [0, 0, 0.5, 2], "texture": "#2"},
				"east": {"uv": [0, 0, 0.5, 2], "texture": "#2"},
				"south": {"uv": [0, 0, 0.5, 2], "texture": "#2"},
				"west": {"uv": [0, 0, 0.5, 2], "texture": "#2"},
				"up": {"uv": [0, 0, 0.5, 0.5], "texture": "#2"},
				"down": {"uv": [0, 0, 0.5, 0.5], "texture": "#2"}
			}
		},
		{
			"from": [2.25, 3.3, 7.25],
			"to": [3.25, 3.8, 8.25],
			"rotation": {"angle": 0, "axis": "y", "origin": [2.5, 3.3, 7.5]},
			"faces": {
				"north": {"uv": [0, 0, 1, 0.5], "texture": "#2"},
				"east": {"uv": [0, 0, 1, 0.5], "texture": "#2"},
				"south": {"uv": [0, 0, 1, 0.5], "texture": "#2"},
				"west": {"uv": [0, 0, 1, 0.5], "texture": "#2"},
				"up": {"uv": [0, 0, 1, 1], "texture": "#2"},
				"down": {"uv": [0, 0, 1, 1], "texture": "#2"}
			}
		},
		{
			"from": [7, 1.3, 7.5],
			"to": [7.5, 3.3, 8],
			"rotation": {"angle": 0, "axis": "y", "origin": [7, 1.3, 7.5]},
			"faces": {
				"north": {"uv": [0, 0, 0.5, 2], "texture": "#2"},
				"east": {"uv": [0, 0, 0.5, 2], "texture": "#2"},
				"south": {"uv": [0, 0, 0.5, 2], "texture": "#2"},
				"west": {"uv": [0, 0, 0.5, 2], "texture": "#2"},
				"up": {"uv": [0, 0, 0.5, 0.5], "texture": "#2"},
				"down": {"uv": [0, 0, 0.5, 0.5], "texture": "#2"}
			}
		},
		{
			"from": [6.75, 3.3, 7.25],
			"to": [7.75, 3.8, 8.25],
			"rotation": {"angle": 0, "axis": "y", "origin": [7, 3.3, 7.5]},
			"faces": {
				"north": {"uv": [0, 0, 1, 0.5], "texture": "#2"},
				"east": {"uv": [0, 0, 1, 0.5], "texture": "#2"},
				"south": {"uv": [0, 0, 1, 0.5], "texture": "#2"},
				"west": {"uv": [0, 0, 1, 0.5], "texture": "#2"},
				"up": {"uv": [0, 0, 1, 1], "texture": "#2"},
				"down": {"uv": [0, 0, 1, 1], "texture": "#2"}
			}
		},
		{
			"from": [5.5, 1.3, 7.5],
			"to": [6, 3.3, 8],
			"rotation": {"angle": 0, "axis": "y", "origin": [5.5, 1.3, 7.5]},
			"faces": {
				"north": {"uv": [0, 0, 0.5, 2], "texture": "#2"},
				"east": {"uv": [0, 0, 0.5, 2], "texture": "#2"},
				"south": {"uv": [0, 0, 0.5, 2], "texture": "#2"},
				"west": {"uv": [0, 0, 0.5, 2], "texture": "#2"},
				"up": {"uv": [0, 0, 0.5, 0.5], "texture": "#2"},
				"down": {"uv": [0, 0, 0.5, 0.5], "texture": "#2"}
			}
		},
		{
			"from": [5.25, 3.3, 7.25],
			"to": [6.25, 3.8, 8.25],
			"rotation": {"angle": 0, "axis": "y", "origin": [5.5, 3.3, 7.5]},
			"faces": {
				"north": {"uv": [0, 0, 1, 0.5], "texture": "#2"},
				"east": {"uv": [0, 0, 1, 0.5], "texture": "#2"},
				"south": {"uv": [0, 0, 1, 0.5], "texture": "#2"},
				"west": {"uv": [0, 0, 1, 0.5], "texture": "#2"},
				"up": {"uv": [0, 0, 1, 1], "texture": "#2"},
				"down": {"uv": [0, 0, 1, 1], "texture": "#2"}
			}
		},
		{
			"from": [10, 1.3, 7.5],
			"to": [10.5, 3.3, 8],
			"rotation": {"angle": 0, "axis": "y", "origin": [10, 1.3, 7.5]},
			"faces": {
				"north": {"uv": [0, 0, 0.5, 2], "texture": "#2"},
				"east": {"uv": [0, 0, 0.5, 2], "texture": "#2"},
				"south": {"uv": [0, 0, 0.5, 2], "texture": "#2"},
				"west": {"uv": [0, 0, 0.5, 2], "texture": "#2"},
				"up": {"uv": [0, 0, 0.5, 0.5], "texture": "#2"},
				"down": {"uv": [0, 0, 0.5, 0.5], "texture": "#2"}
			}
		},
		{
			"from": [9.75, 3.3, 7.25],
			"to": [10.75, 3.8, 8.25],
			"rotation": {"angle": 0, "axis": "y", "origin": [10, 3.3, 7.5]},
			"faces": {
				"north": {"uv": [0, 0, 1, 0.5], "texture": "#2"},
				"east": {"uv": [0, 0, 1, 0.5], "texture": "#2"},
				"south": {"uv": [0, 0, 1, 0.5], "texture": "#2"},
				"west": {"uv": [0, 0, 1, 0.5], "texture": "#2"},
				"up": {"uv": [0, 0, 1, 1], "texture": "#2"},
				"down": {"uv": [0, 0, 1, 1], "texture": "#2"}
			}
		},
		{
			"from": [8.5, 1.3, 7.5],
			"to": [9, 3.3, 8],
			"rotation": {"angle": 0, "axis": "y", "origin": [8.5, 1.3, 7.5]},
			"faces": {
				"north": {"uv": [0, 0, 0.5, 2], "texture": "#2"},
				"east": {"uv": [0, 0, 0.5, 2], "texture": "#2"},
				"south": {"uv": [0, 0, 0.5, 2], "texture": "#2"},
				"west": {"uv": [0, 0, 0.5, 2], "texture": "#2"},
				"up": {"uv": [0, 0, 0.5, 0.5], "texture": "#2"},
				"down": {"uv": [0, 0, 0.5, 0.5], "texture": "#2"}
			}
		},
		{
			"from": [8.25, 3.3, 7.25],
			"to": [9.25, 3.8, 8.25],
			"rotation": {"angle": 0, "axis": "y", "origin": [8.5, 3.3, 7.5]},
			"faces": {
				"north": {"uv": [0, 0, 1, 0.5], "texture": "#2"},
				"east": {"uv": [0, 0, 1, 0.5], "texture": "#2"},
				"south": {"uv": [0, 0, 1, 0.5], "texture": "#2"},
				"west": {"uv": [0, 0, 1, 0.5], "texture": "#2"},
				"up": {"uv": [0, 0, 1, 1], "texture": "#2"},
				"down": {"uv": [0, 0, 1, 1], "texture": "#2"}
			}
		},
		{
			"from": [12.75, 1.5, 9],
			"to": [13.25, 3.5, 9.5],
			"rotation": {"angle": 0, "axis": "y", "origin": [12.75, 1.5, 9]},
			"faces": {
				"north": {"uv": [0, 0, 0.5, 2], "texture": "#2"},
				"east": {"uv": [0, 0, 0.5, 2], "texture": "#2"},
				"south": {"uv": [0, 0, 0.5, 2], "texture": "#2"},
				"west": {"uv": [0, 0, 0.5, 2], "texture": "#2"},
				"up": {"uv": [0, 0, 0.5, 0.5], "texture": "#2"},
				"down": {"uv": [0, 0, 0.5, 0.5], "texture": "#2"}
			}
		},
		{
			"from": [12.5, 3.5, 8.75],
			"to": [13.5, 4, 9.75],
			"rotation": {"angle": 0, "axis": "y", "origin": [12.75, 3.5, 9]},
			"faces": {
				"north": {"uv": [0, 0, 1, 0.5], "texture": "#2"},
				"east": {"uv": [0, 0, 1, 0.5], "texture": "#2"},
				"south": {"uv": [0, 0, 1, 0.5], "texture": "#2"},
				"west": {"uv": [0, 0, 1, 0.5], "texture": "#2"},
				"up": {"uv": [0, 0, 1, 1], "texture": "#2"},
				"down": {"uv": [0, 0, 1, 1], "texture": "#2"}
			}
		},
		{
			"from": [11.25, 1.5, 9],
			"to": [11.75, 3.5, 9.5],
			"rotation": {"angle": 0, "axis": "y", "origin": [11.25, 1.5, 9]},
			"faces": {
				"north": {"uv": [0, 0, 0.5, 2], "texture": "#2"},
				"east": {"uv": [0, 0, 0.5, 2], "texture": "#2"},
				"south": {"uv": [0, 0, 0.5, 2], "texture": "#2"},
				"west": {"uv": [0, 0, 0.5, 2], "texture": "#2"},
				"up": {"uv": [0, 0, 0.5, 0.5], "texture": "#2"},
				"down": {"uv": [0, 0, 0.5, 0.5], "texture": "#2"}
			}
		},
		{
			"from": [11, 3.5, 8.75],
			"to": [12, 4, 9.75],
			"rotation": {"angle": 0, "axis": "y", "origin": [11.25, 3.5, 9]},
			"faces": {
				"north": {"uv": [0, 0, 1, 0.5], "texture": "#2"},
				"east": {"uv": [0, 0, 1, 0.5], "texture": "#2"},
				"south": {"uv": [0, 0, 1, 0.5], "texture": "#2"},
				"west": {"uv": [0, 0, 1, 0.5], "texture": "#2"},
				"up": {"uv": [0, 0, 1, 1], "texture": "#2"},
				"down": {"uv": [0, 0, 1, 1], "texture": "#2"}
			}
		},
		{
			"from": [3.75, 1.5, 9],
			"to": [4.25, 3.5, 9.5],
			"rotation": {"angle": 0, "axis": "y", "origin": [3.75, 1.5, 9]},
			"faces": {
				"north": {"uv": [0, 0, 0.5, 2], "texture": "#2"},
				"east": {"uv": [0, 0, 0.5, 2], "texture": "#2"},
				"south": {"uv": [0, 0, 0.5, 2], "texture": "#2"},
				"west": {"uv": [0, 0, 0.5, 2], "texture": "#2"},
				"up": {"uv": [0, 0, 0.5, 0.5], "texture": "#2"},
				"down": {"uv": [0, 0, 0.5, 0.5], "texture": "#2"}
			}
		},
		{
			"from": [3.5, 3.5, 8.75],
			"to": [4.5, 4, 9.75],
			"rotation": {"angle": 0, "axis": "y", "origin": [3.75, 3.5, 9]},
			"faces": {
				"north": {"uv": [0, 0, 1, 0.5], "texture": "#2"},
				"east": {"uv": [0, 0, 1, 0.5], "texture": "#2"},
				"south": {"uv": [0, 0, 1, 0.5], "texture": "#2"},
				"west": {"uv": [0, 0, 1, 0.5], "texture": "#2"},
				"up": {"uv": [0, 0, 1, 1], "texture": "#2"},
				"down": {"uv": [0, 0, 1, 1], "texture": "#2"}
			}
		},
		{
			"from": [2.25, 1.5, 9],
			"to": [2.75, 3.5, 9.5],
			"rotation": {"angle": 0, "axis": "y", "origin": [2.25, 1.5, 9]},
			"faces": {
				"north": {"uv": [0, 0, 0.5, 2], "texture": "#2"},
				"east": {"uv": [0, 0, 0.5, 2], "texture": "#2"},
				"south": {"uv": [0, 0, 0.5, 2], "texture": "#2"},
				"west": {"uv": [0, 0, 0.5, 2], "texture": "#2"},
				"up": {"uv": [0, 0, 0.5, 0.5], "texture": "#2"},
				"down": {"uv": [0, 0, 0.5, 0.5], "texture": "#2"}
			}
		},
		{
			"from": [2, 3.5, 8.75],
			"to": [3, 4, 9.75],
			"rotation": {"angle": 0, "axis": "y", "origin": [2.25, 3.5, 9]},
			"faces": {
				"north": {"uv": [0, 0, 1, 0.5], "texture": "#2"},
				"east": {"uv": [0, 0, 1, 0.5], "texture": "#2"},
				"south": {"uv": [0, 0, 1, 0.5], "texture": "#2"},
				"west": {"uv": [0, 0, 1, 0.5], "texture": "#2"},
				"up": {"uv": [0, 0, 1, 1], "texture": "#2"},
				"down": {"uv": [0, 0, 1, 1], "texture": "#2"}
			}
		},
		{
			"from": [6.75, 1.5, 9],
			"to": [7.25, 3.5, 9.5],
			"rotation": {"angle": 0, "axis": "y", "origin": [6.75, 1.5, 9]},
			"faces": {
				"north": {"uv": [0, 0, 0.5, 2], "texture": "#2"},
				"east": {"uv": [0, 0, 0.5, 2], "texture": "#2"},
				"south": {"uv": [0, 0, 0.5, 2], "texture": "#2"},
				"west": {"uv": [0, 0, 0.5, 2], "texture": "#2"},
				"up": {"uv": [0, 0, 0.5, 0.5], "texture": "#2"},
				"down": {"uv": [0, 0, 0.5, 0.5], "texture": "#2"}
			}
		},
		{
			"from": [6.5, 3.5, 8.75],
			"to": [7.5, 4, 9.75],
			"rotation": {"angle": 0, "axis": "y", "origin": [6.75, 3.5, 9]},
			"faces": {
				"north": {"uv": [0, 0, 1, 0.5], "texture": "#2"},
				"east": {"uv": [0, 0, 1, 0.5], "texture": "#2"},
				"south": {"uv": [0, 0, 1, 0.5], "texture": "#2"},
				"west": {"uv": [0, 0, 1, 0.5], "texture": "#2"},
				"up": {"uv": [0, 0, 1, 1], "texture": "#2"},
				"down": {"uv": [0, 0, 1, 1], "texture": "#2"}
			}
		},
		{
			"from": [5.25, 1.5, 9],
			"to": [5.75, 3.5, 9.5],
			"rotation": {"angle": 0, "axis": "y", "origin": [5.25, 1.5, 9]},
			"faces": {
				"north": {"uv": [0, 0, 0.5, 2], "texture": "#2"},
				"east": {"uv": [0, 0, 0.5, 2], "texture": "#2"},
				"south": {"uv": [0, 0, 0.5, 2], "texture": "#2"},
				"west": {"uv": [0, 0, 0.5, 2], "texture": "#2"},
				"up": {"uv": [0, 0, 0.5, 0.5], "texture": "#2"},
				"down": {"uv": [0, 0, 0.5, 0.5], "texture": "#2"}
			}
		},
		{
			"from": [5, 3.5, 8.75],
			"to": [6, 4, 9.75],
			"rotation": {"angle": 0, "axis": "y", "origin": [5.25, 3.5, 9]},
			"faces": {
				"north": {"uv": [0, 0, 1, 0.5], "texture": "#2"},
				"east": {"uv": [0, 0, 1, 0.5], "texture": "#2"},
				"south": {"uv": [0, 0, 1, 0.5], "texture": "#2"},
				"west": {"uv": [0, 0, 1, 0.5], "texture": "#2"},
				"up": {"uv": [0, 0, 1, 1], "texture": "#2"},
				"down": {"uv": [0, 0, 1, 1], "texture": "#2"}
			}
		},
		{
			"from": [9.75, 1.5, 9],
			"to": [10.25, 3.5, 9.5],
			"rotation": {"angle": 0, "axis": "y", "origin": [9.75, 1.5, 9]},
			"faces": {
				"north": {"uv": [0, 0, 0.5, 2], "texture": "#2"},
				"east": {"uv": [0, 0, 0.5, 2], "texture": "#2"},
				"south": {"uv": [0, 0, 0.5, 2], "texture": "#2"},
				"west": {"uv": [0, 0, 0.5, 2], "texture": "#2"},
				"up": {"uv": [0, 0, 0.5, 0.5], "texture": "#2"},
				"down": {"uv": [0, 0, 0.5, 0.5], "texture": "#2"}
			}
		},
		{
			"from": [9.5, 3.5, 8.75],
			"to": [10.5, 4, 9.75],
			"rotation": {"angle": 0, "axis": "y", "origin": [9.75, 3.5, 9]},
			"faces": {
				"north": {"uv": [0, 0, 1, 0.5], "texture": "#2"},
				"east": {"uv": [0, 0, 1, 0.5], "texture": "#2"},
				"south": {"uv": [0, 0, 1, 0.5], "texture": "#2"},
				"west": {"uv": [0, 0, 1, 0.5], "texture": "#2"},
				"up": {"uv": [0, 0, 1, 1], "texture": "#2"},
				"down": {"uv": [0, 0, 1, 1], "texture": "#2"}
			}
		},
		{
			"from": [8.25, 1.5, 9],
			"to": [8.75, 3.5, 9.5],
			"rotation": {"angle": 0, "axis": "y", "origin": [8.25, 1.5, 9]},
			"faces": {
				"north": {"uv": [0, 0, 0.5, 2], "texture": "#2"},
				"east": {"uv": [0, 0, 0.5, 2], "texture": "#2"},
				"south": {"uv": [0, 0, 0.5, 2], "texture": "#2"},
				"west": {"uv": [0, 0, 0.5, 2], "texture": "#2"},
				"up": {"uv": [0, 0, 0.5, 0.5], "texture": "#2"},
				"down": {"uv": [0, 0, 0.5, 0.5], "texture": "#2"}
			}
		},
		{
			"from": [8, 3.5, 8.75],
			"to": [9, 4, 9.75],
			"rotation": {"angle": 0, "axis": "y", "origin": [8.25, 3.5, 9]},
			"faces": {
				"north": {"uv": [0, 0, 1, 0.5], "texture": "#2"},
				"east": {"uv": [0, 0, 1, 0.5], "texture": "#2"},
				"south": {"uv": [0, 0, 1, 0.5], "texture": "#2"},
				"west": {"uv": [0, 0, 1, 0.5], "texture": "#2"},
				"up": {"uv": [0, 0, 1, 1], "texture": "#2"},
				"down": {"uv": [0, 0, 1, 1], "texture": "#2"}
			}
		},
		{
			"from": [12.5, 4.025, 8.75],
			"to": [13.5, 4.025, 9.75],
			"rotation": {"angle": 0, "axis": "y", "origin": [12.75, 4.025, 9]},
			"faces": {
				"up": {"uv": [0, 2.875, 0.875, 3.875], "rotation": 180, "texture": "#3"}
			}
		},
		{
			"from": [11, 4.025, 8.75],
			"to": [12, 4.025, 9.75],
			"rotation": {"angle": 0, "axis": "y", "origin": [11.25, 4.025, 9]},
			"faces": {
				"up": {"uv": [0.875, 2.875, 1.75, 3.875], "rotation": 180, "texture": "#3"}
			}
		},
		{
			"from": [9.5, 4.025, 8.75],
			"to": [10.5, 4.025, 9.75],
			"rotation": {"angle": 0, "axis": "y", "origin": [9.75, 4.025, 9]},
			"faces": {
				"up": {"uv": [1.875, 2.875, 2.875, 4], "rotation": 180, "texture": "#3"}
			}
		},
		{
			"from": [8, 4.025, 8.75],
			"to": [9, 4.025, 9.75],
			"rotation": {"angle": 0, "axis": "y", "origin": [8.25, 4.025, 9]},
			"faces": {
				"up": {"uv": [2.875, 2.875, 3.75, 3.875], "rotation": 180, "texture": "#3"}
			}
		},
		{
			"from": [6.5, 4.025, 8.75],
			"to": [7.5, 4.025, 9.75],
			"rotation": {"angle": 0, "axis": "y", "origin": [6.75, 4.025, 9]},
			"faces": {
				"up": {"uv": [3.875, 2.875, 4.75, 3.875], "rotation": 180, "texture": "#3"}
			}
		},
		{
			"from": [5, 4.025, 8.75],
			"to": [6, 4.025, 9.75],
			"rotation": {"angle": 0, "axis": "y", "origin": [5.25, 4.025, 9]},
			"faces": {
				"up": {"uv": [4.875, 2.875, 5.75, 3.875], "rotation": 180, "texture": "#3"}
			}
		},
		{
			"from": [3.5, 4.025, 8.75],
			"to": [4.5, 4.025, 9.75],
			"rotation": {"angle": 0, "axis": "y", "origin": [3.75, 4.025, 9]},
			"faces": {
				"up": {"uv": [5.875, 2.875, 6.75, 3.875], "rotation": 180, "texture": "#3"}
			}
		},
		{
			"from": [2, 4.025, 8.75],
			"to": [3, 4.025, 9.75],
			"rotation": {"angle": 0, "axis": "y", "origin": [2.25, 4.025, 9]},
			"faces": {
				"up": {"uv": [6.875, 2.875, 7.75, 3.875], "rotation": 180, "texture": "#3"}
			}
		},
		{
			"from": [2.25, 3.825, 7.25],
			"to": [3.25, 3.825, 8.25],
			"rotation": {"angle": 0, "axis": "y", "origin": [2.5, 3.825, 7.5]},
			"faces": {
				"up": {"uv": [2.875, 2, 3.75, 2.875], "rotation": 180, "texture": "#3"}
			}
		},
		{
			"from": [3.75, 3.825, 7.25],
			"to": [4.75, 3.825, 8.25],
			"rotation": {"angle": 0, "axis": "y", "origin": [4, 3.825, 7.5]},
			"faces": {
				"up": {"uv": [4.875, 5, 5.75, 5.875], "rotation": 180, "texture": "#3"}
			}
		},
		{
			"from": [5.25, 3.825, 7.25],
			"to": [6.25, 3.825, 8.25],
			"rotation": {"angle": 0, "axis": "y", "origin": [5.5, 3.825, 7.5]},
			"faces": {
				"up": {"uv": [8.75, 3.875, 9.625, 4.875], "rotation": 180, "texture": "#3"}
			}
		},
		{
			"from": [6.75, 3.825, 7.25],
			"to": [7.75, 3.825, 8.25],
			"rotation": {"angle": 0, "axis": "y", "origin": [7, 3.825, 7.5]},
			"faces": {
				"up": {"uv": [1.875, 3.875, 2.75, 4.875], "rotation": 180, "texture": "#3"}
			}
		},
		{
			"from": [8.25, 3.825, 7.25],
			"to": [9.25, 3.825, 8.25],
			"rotation": {"angle": 0, "axis": "y", "origin": [8.5, 3.825, 7.5]},
			"faces": {
				"up": {"uv": [14.875, 3.875, 15.75, 4.875], "rotation": 180, "texture": "#3"}
			}
		},
		{
			"from": [9.75, 3.825, 7.25],
			"to": [10.75, 3.825, 8.25],
			"rotation": {"angle": 0, "axis": "y", "origin": [10, 3.825, 7.5]},
			"faces": {
				"up": {"uv": [1.875, 4.875, 2.75, 5.875], "rotation": 180, "texture": "#3"}
			}
		},
		{
			"from": [11.25, 3.825, 7.25],
			"to": [12.25, 3.825, 8.25],
			"rotation": {"angle": 0, "axis": "y", "origin": [11.5, 3.825, 7.5]},
			"faces": {
				"up": {"uv": [8.875, 2.875, 9.75, 3.875], "rotation": 180, "texture": "#3"}
			}
		},
		{
			"from": [12.75, 3.825, 7.25],
			"to": [13.75, 3.825, 8.25],
			"rotation": {"angle": 0, "axis": "y", "origin": [13, 3.825, 7.5]},
			"faces": {
				"up": {"uv": [7.875, 2.875, 8.75, 3.875], "rotation": 180, "texture": "#3"}
			}
		},
		{
			"from": [12.5, 3.625, 5.75],
			"to": [13.5, 3.625, 6.75],
			"rotation": {"angle": 0, "axis": "y", "origin": [12.75, 3.625, 6]},
			"faces": {
				"up": {"uv": [6.875, 3.875, 7.75, 4.875], "rotation": 180, "texture": "#3"}
			}
		},
		{
			"from": [11, 3.625, 5.75],
			"to": [12, 3.625, 6.75],
			"rotation": {"angle": 0, "axis": "y", "origin": [11.25, 3.625, 6]},
			"faces": {
				"up": {"uv": [8.875, 5, 9.75, 5.875], "rotation": 180, "texture": "#3"}
			}
		},
		{
			"from": [12.75, 3.425, 4.25],
			"to": [13.75, 3.425, 5.25],
			"rotation": {"angle": 0, "axis": "y", "origin": [13, 3.425, 4.5]},
			"faces": {
				"up": {"uv": [12.875, 4, 13.75, 4.875], "rotation": 180, "texture": "#3"}
			}
		},
		{
			"from": [11.25, 3.425, 4.25],
			"to": [12.25, 3.425, 5.25],
			"rotation": {"angle": 0, "axis": "y", "origin": [11.5, 3.425, 4.5]},
			"faces": {
				"up": {"uv": [0.875, 5, 1.75, 5.875], "rotation": 180, "texture": "#3"}
			}
		},
		{
			"from": [9.5, 3.625, 5.75],
			"to": [10.5, 3.625, 6.75],
			"rotation": {"angle": 0, "axis": "y", "origin": [9.75, 3.625, 6]},
			"faces": {
				"up": {"uv": [0.875, 3.875, 1.75, 4.875], "rotation": 180, "texture": "#3"}
			}
		},
		{
			"from": [9.75, 3.425, 4.25],
			"to": [10.75, 3.425, 5.25],
			"rotation": {"angle": 0, "axis": "y", "origin": [10, 3.425, 4.5]},
			"faces": {
				"up": {"uv": [1.875, 4, 2.75, 4.875], "rotation": 180, "texture": "#3"}
			}
		},
		{
			"from": [8.25, 3.425, 4.25],
			"to": [9.25, 3.425, 5.25],
			"rotation": {"angle": 0, "axis": "y", "origin": [8.5, 3.425, 4.5]},
			"faces": {
				"up": {"uv": [0.875, 4, 1.75, 4.875], "rotation": 180, "texture": "#3"}
			}
		},
		{
			"from": [8, 3.625, 5.75],
			"to": [9, 3.625, 6.75],
			"rotation": {"angle": 0, "axis": "y", "origin": [8.25, 3.625, 6]},
			"faces": {
				"up": {"uv": [3.875, 5, 4.75, 5.875], "rotation": 180, "texture": "#3"}
			}
		},
		{
			"from": [6.5, 3.625, 5.75],
			"to": [7.5, 3.625, 6.75],
			"rotation": {"angle": 0, "axis": "y", "origin": [6.75, 3.625, 6]},
			"faces": {
				"up": {"uv": [7.875, 5, 8.75, 5.875], "rotation": 180, "texture": "#3"}
			}
		},
		{
			"from": [6.75, 3.425, 4.25],
			"to": [7.75, 3.425, 5.25],
			"rotation": {"angle": 0, "axis": "y", "origin": [7, 3.425, 4.5]},
			"faces": {
				"up": {"uv": [11.875, 4, 12.75, 4.875], "rotation": 180, "texture": "#3"}
			}
		},
		{
			"from": [5.25, 3.425, 4.25],
			"to": [6.25, 3.425, 5.25],
			"rotation": {"angle": 0, "axis": "y", "origin": [5.5, 3.425, 4.5]},
			"faces": {
				"up": {"uv": [11.875, 4, 12.75, 4.875], "rotation": 180, "texture": "#3"}
			}
		},
		{
			"from": [5, 3.625, 5.75],
			"to": [6, 3.625, 6.75],
			"rotation": {"angle": 0, "axis": "y", "origin": [5.25, 3.625, 6]},
			"faces": {
				"up": {"uv": [8.875, 5, 9.75, 5.875], "rotation": 180, "texture": "#3"}
			}
		},
		{
			"from": [3.5, 3.625, 5.75],
			"to": [4.5, 3.625, 6.75],
			"rotation": {"angle": 0, "axis": "y", "origin": [3.75, 3.625, 6]},
			"faces": {
				"up": {"uv": [5.875, 4, 6.75, 4.875], "rotation": 180, "texture": "#3"}
			}
		},
		{
			"from": [3.75, 3.425, 4.25],
			"to": [4.75, 3.425, 5.25],
			"rotation": {"angle": 0, "axis": "y", "origin": [4, 3.425, 4.5]},
			"faces": {
				"up": {"uv": [2.875, 5, 3.75, 5.875], "rotation": 180, "texture": "#3"}
			}
		},
		{
			"from": [2, 3.625, 5.75],
			"to": [3, 3.625, 6.75],
			"rotation": {"angle": 0, "axis": "y", "origin": [2.25, 3.625, 6]},
			"faces": {
				"up": {"uv": [13.875, 4, 14.75, 4.875], "rotation": 180, "texture": "#3"}
			}
		},
		{
			"from": [2.25, 3.425, 4.25],
			"to": [3.25, 3.425, 5.25],
			"rotation": {"angle": 0, "axis": "y", "origin": [2.5, 3.425, 4.5]},
			"faces": {
				"up": {"uv": [13.875, 2.125, 14.75, 3], "rotation": 180, "texture": "#3"}
			}
		},
		{
			"from": [3, 5, 12],
			"to": [13, 5.5, 14],
			"rotation": {"angle": 0, "axis": "y", "origin": [-5, 5, 5]},
			"faces": {
				"north": {"uv": [0, 0, 10, 0.5], "texture": "#1"},
				"east": {"uv": [0, 0, 2, 0.5], "texture": "#1"},
				"south": {"uv": [0, 0, 10, 0.5], "texture": "#1"},
				"west": {"uv": [0, 0, 2, 0.5], "texture": "#1"},
				"up": {"uv": [0, 0, 10, 2], "texture": "#1"},
				"down": {"uv": [0, 0, 10, 2], "texture": "#1"}
			}
		},
		{
			"from": [3.5, 5, 13],
			"to": [12.5, 8.5, 13.5],
			"rotation": {"angle": 22.5, "axis": "x", "origin": [8, 5.25, 13]},
			"faces": {
				"north": {"uv": [0, 0, 9, 3.5], "texture": "#1"},
				"east": {"uv": [0, 0, 0.5, 3.5], "texture": "#1"},
				"south": {"uv": [0, 0, 9, 3.5], "texture": "#0"},
				"west": {"uv": [0, 0, 0.5, 3.5], "texture": "#1"},
				"up": {"uv": [0, 0, 9, 0.5], "texture": "#1"},
				"down": {"uv": [0, 0, 9, 0.5], "texture": "#0"}
			}
		},
		{
			"from": [4, 5, 13],
			"to": [12, 10.5, 13],
			"rotation": {"angle": 22.5, "axis": "x", "origin": [8, 5.5, 13]},
			"faces": {
				"north": {"uv": [2.25, 0.5, 9.875, 10.75], "rotation": 270, "texture": "#4"},
				"east": {"uv": [1.75, 0.75, 1.9375, 10.75], "texture": "#1"},
				"south": {"uv": [9.9375, 0.75, 1.75, 10.75], "texture": "#4"},
				"west": {"uv": [1.75, 0.75, 1.9375, 10.75], "texture": "#1"},
				"up": {"uv": [1.75, 0.75, 9.9375, 5.25], "texture": "#1"},
				"down": {"uv": [1.75, 0.75, 9.9375, 5.25], "texture": "#1"}
			}
		},
		{
			"from": [8.27, 7.635, 13.88],
			"to": [8.63, 7.995, 13.88],
			"rotation": {"angle": 22.5, "axis": "x", "origin": [8.36, 7.725, 13.88]},
			"faces": {
				"north": {"uv": [13.875, 2.125, 14.75, 3], "texture": "#5"}
			}
		},
		{
			"from": [10.97, 7.635, 13.88],
			"to": [11.33, 7.995, 13.88],
			"rotation": {"angle": 22.5, "axis": "x", "origin": [11.06, 7.725, 13.88]},
			"faces": {
				"north": {"uv": [1.875, 4, 2.75, 4.875], "texture": "#5"}
			}
		},
		{
			"from": [10.43, 7.635, 13.88],
			"to": [10.79, 7.995, 13.88],
			"rotation": {"angle": 22.5, "axis": "x", "origin": [10.52, 7.725, 13.88]},
			"faces": {
				"north": {"uv": [0.875, 4, 1.75, 4.875], "texture": "#5"}
			}
		},
		{
			"from": [9.89, 7.635, 13.88],
			"to": [10.25, 7.995, 13.88],
			"rotation": {"angle": 22.5, "axis": "x", "origin": [9.98, 7.725, 13.88]},
			"faces": {
				"north": {"uv": [11.875, 4, 12.75, 4.875], "texture": "#5"}
			}
		},
		{
			"from": [9.35, 7.635, 13.88],
			"to": [9.71, 7.995, 13.88],
			"rotation": {"angle": 22.5, "axis": "x", "origin": [9.44, 7.725, 13.88]},
			"faces": {
				"north": {"uv": [11.875, 4, 12.75, 4.875], "texture": "#5"}
			}
		},
		{
			"from": [8.81, 7.635, 13.88],
			"to": [9.17, 7.995, 13.88],
			"rotation": {"angle": 22.5, "axis": "x", "origin": [8.9, 7.725, 13.88]},
			"faces": {
				"north": {"uv": [2.875, 5, 3.75, 5.875], "texture": "#5"}
			}
		}
	],
	"groups": [
		{
			"name": "case",
			"origin": [-12, 1, 5],
			"color": 0,
			"children": [0, 1, 2, 3, 4, 5]
		},
		{
			"name": "keys",
			"origin": [8, 8, 8],
			"color": 0,
			"children": [
				6,
				7,
				8,
				9,
				10,
				11,
				12,
				13,
				14,
				15,
				16,
				17,
				18,
				19,
				20,
				21,
				22,
				23,
				24,
				25,
				26,
				27,
				28,
				29,
				30,
				31,
				32,
				33,
				34,
				35,
				36,
				37,
				38,
				39,
				40,
				41,
				42,
				43,
				44,
				45,
				46,
				47,
				48,
				49,
				50,
				51,
				52,
				53,
				54,
				55,
				56,
				57,
				58,
				59,
				60,
				61,
				62,
				63,
				64,
				65,
				66,
				67,
				68,
				69
			]
		},
		{
			"name": "text",
			"origin": [2.5, 2.9, 4.5],
			"color": 0,
			"children": [70, 71, 72, 73, 74, 75, 76, 77, 78, 79, 80, 81, 82, 83, 84, 85, 86, 87, 88, 89, 90, 91, 92, 93, 94, 95, 96, 97, 98, 99, 100, 101]
		},
		{
			"name": "paper",
			"origin": [-5, 3, 5],
			"color": 0,
			"children": [
				102,
				103,
				104,
				{
					"name": "text",
					"origin": [4, 7.425, 4.5],
					"color": 0,
					"children": [105, 106, 107, 108, 109, 110]
				}
			]
		}
	]
}