{
	"credit": "Made with Blockbench",
	"texture_size": [64, 64],
	"textures": {
		"0": "item/doors/decor/wooden_board",
		"particle": "item/doors/decor/wooden_board"
	},
	"elements": [
		{
			"from": [-16, -2, 7.5],
			"to": [32, 2, 8.5],
			"rotation": {"angle": 45, "axis": "z", "origin": [7, -2, 6.5]},
			"faces": {
				"north": {"uv": [0, 0, 12, 1], "texture": "#0"},
				"east": {"uv": [0, 2.5, 0.25, 3.5], "texture": "#0"},
				"south": {"uv": [0, 1, 12, 2], "texture": "#0"},
				"west": {"uv": [0.25, 2.5, 0.5, 3.5], "texture": "#0"},
				"up": {"uv": [12, 2.25, 0, 2], "texture": "#0"},
				"down": {"uv": [12, 2.25, 0, 2.5], "texture": "#0"}
			}
		}
	]
}