{
	"textures": {
		"2": "animated_java:item/dupe_models/dupebottommouth"
	},
	"display": {
		"head": {
			"rotation": [0, 180, 0]
		}
	},
	"elements": [
		{
			"from": [2, 5, 6],
			"to": [16, 12, 6],
			"rotation": {
				"angle": 0,
				"axis": "y",
				"origin": [8, 9, 8]
			},
			"faces": {
				"north": {
					"uv": [0, 0, 8, 4.5],
					"texture": "#2"
				},
				"east": {
					"uv": [0, 0, 0, 4.5],
					"texture": "#2"
				},
				"south": {
					"uv": [0, 4.5, 8, 9],
					"texture": "#2"
				},
				"west": {
					"uv": [0, 0, 0, 4.5],
					"texture": "#2"
				},
				"up": {
					"uv": [8, 0, 0, 0],
					"texture": "#2"
				},
				"down": {
					"uv": [8, 0, 0, 0],
					"texture": "#2"
				}
			}
		}
	]
}