{
	"textures": {
		"3": "animated_java:item/dupe_models/dupeeyes"
	},
	"display": {
		"head": {
			"rotation": [0, 180, 0]
		}
	},
	"elements": [
		{
			"from": [2, 3, 8],
			"to": [16, 10, 8],
			"rotation": {
				"angle": 0,
				"axis": "y",
				"origin": [8, 7, 8]
			},
			"faces": {
				"north": {
					"uv": [0, 0, 8, 4.5],
					"texture": "#3"
				},
				"east": {
					"uv": [0, 0, 0, 4.5],
					"texture": "#3"
				},
				"south": {
					"uv": [0, 4.5, 8, 9],
					"texture": "#3"
				},
				"west": {
					"uv": [0, 0, 0, 4.5],
					"texture": "#3"
				},
				"up": {
					"uv": [8, 0, 0, 0],
					"texture": "#3"
				},
				"down": {
					"uv": [8, 0, 0, 0],
					"texture": "#3"
				}
			}
		}
	]
}