{
	"textures": {
		"0": "animated_java:item/dupe_models/rarmtexture"
	},
	"display": {
		"head": {
			"rotation": [0, 180, 0]
		}
	},
	"elements": [
		{
			"from": [5.55549, 7.95315, 5.08905],
			"to": [10.39549, 10.37315, 8.71905],
			"rotation": {
				"angle": 0,
				"axis": "y",
				"origin": [8.20601, 8.33878, 6.61006]
			},
			"faces": {
				"north": {
					"uv": [7.5, 3, 6.5, 5.5],
					"rotation": 90,
					"texture": "#0"
				},
				"east": {
					"uv": [9, 7.5, 11, 8.5],
					"rotation": 180,
					"texture": "#0"
				},
				"south": {
					"uv": [3, 7.5, 2, 10],
					"rotation": 270,
					"texture": "#0"
				},
				"west": {
					"uv": [7.5, 9.5, 9.5, 8.5],
					"texture": "#0"
				},
				"up": {
					"uv": [2, 0, 0, 2.5],
					"rotation": 270,
					"texture": "#0"
				},
				"down": {
					"uv": [4, 0, 2, 2.5],
					"rotation": 270,
					"texture": "#0"
				}
			}
		},
		{
			"from": [5.55549, 7.04565, 5.39155],
			"to": [9.79049, 7.95315, 8.41655],
			"rotation": {
				"angle": 0,
				"axis": "y",
				"origin": [8.20601, 8.33878, 6.61006]
			},
			"faces": {
				"north": {
					"uv": [4.5, 0, 4, 2],
					"rotation": 90,
					"texture": "#0"
				},
				"east": {
					"uv": [12, 5.5, 13.5, 6],
					"rotation": 180,
					"texture": "#0"
				},
				"south": {
					"uv": [5, 11, 4.5, 13],
					"rotation": 270,
					"texture": "#0"
				},
				"west": {
					"uv": [10.5, 6, 12, 5.5],
					"texture": "#0"
				},
				"up": {
					"uv": [7.5, 5.5, 6, 7.5],
					"rotation": 270,
					"texture": "#0"
				},
				"down": {
					"uv": [8, 1, 6.5, 3],
					"rotation": 270,
					"texture": "#0"
				}
			}
		},
		{
			"from": [5.85799, 6.44065, 5.69405],
			"to": [9.48799, 7.04565, 8.11405],
			"rotation": {
				"angle": 0,
				"axis": "y",
				"origin": [8.20601, 8.33878, 6.61006]
			},
			"faces": {
				"north": {
					"uv": [12, 11, 11.5, 13],
					"rotation": 90,
					"texture": "#0"
				},
				"east": {
					"uv": [12.5, 7.5, 13.5, 8],
					"rotation": 180,
					"texture": "#0"
				},
				"south": {
					"uv": [1.5, 12, 1, 14],
					"rotation": 270,
					"texture": "#0"
				},
				"west": {
					"uv": [11, 8.5, 12, 8],
					"texture": "#0"
				},
				"up": {
					"uv": [1, 9, 0, 11],
					"rotation": 270,
					"texture": "#0"
				},
				"down": {
					"uv": [10.5, 4, 9.5, 6],
					"rotation": 270,
					"texture": "#0"
				}
			}
		},
		{
			"from": [6.76549, 10.37315, 5.69405],
			"to": [9.18549, 19.20615, 8.11405],
			"rotation": {
				"angle": 0,
				"axis": "y",
				"origin": [8.20601, 8.33878, 6.61006]
			},
			"faces": {
				"north": {
					"uv": [4.5, 2.5, 0, 3.5],
					"rotation": 90,
					"texture": "#0"
				},
				"east": {
					"uv": [4.5, 0, 5.5, 4.5],
					"rotation": 180,
					"texture": "#0"
				},
				"south": {
					"uv": [4.5, 3.5, 0, 4.5],
					"rotation": 270,
					"texture": "#0"
				},
				"west": {
					"uv": [0, 9, 1, 4.5],
					"texture": "#0"
				},
				"up": {
					"uv": [13, 1, 12, 2],
					"rotation": 270,
					"texture": "#0"
				},
				"down": {
					"uv": [13, 2, 12, 3],
					"rotation": 270,
					"texture": "#0"
				}
			}
		},
		{
			"from": [4.97873, 9.20398, 5.99655],
			"to": [6.79373, 14.04398, 7.81155],
			"rotation": {
				"angle": -22.5,
				"axis": "z",
				"origin": [8.20601, 8.33878, 6.61006]
			},
			"faces": {
				"north": {
					"uv": [5.5, 7.5, 3, 8.5],
					"rotation": 90,
					"texture": "#0"
				},
				"east": {
					"uv": [5.5, 7.5, 6.5, 10],
					"rotation": 180,
					"texture": "#0"
				},
				"south": {
					"uv": [10, 3, 7.5, 4],
					"rotation": 270,
					"texture": "#0"
				},
				"west": {
					"uv": [7.5, 6.5, 8.5, 4],
					"texture": "#0"
				},
				"up": {
					"uv": [4, 12, 3, 13],
					"rotation": 270,
					"texture": "#0"
				},
				"down": {
					"uv": [13, 3.5, 12, 4.5],
					"rotation": 270,
					"texture": "#0"
				}
			}
		},
		{
			"from": [8.98322, 9.23657, 5.99655],
			"to": [10.79822, 13.77407, 7.81155],
			"rotation": {
				"angle": 22.5,
				"axis": "z",
				"origin": [8.20601, 8.33878, 6.61006]
			},
			"faces": {
				"north": {
					"uv": [9, 7.5, 6.5, 8.5],
					"rotation": 90,
					"texture": "#0"
				},
				"east": {
					"uv": [4, 8.5, 5, 11],
					"rotation": 180,
					"texture": "#0"
				},
				"south": {
					"uv": [10, 6.5, 7.5, 7.5],
					"rotation": 270,
					"texture": "#0"
				},
				"west": {
					"uv": [3, 11, 4, 8.5],
					"texture": "#0"
				},
				"up": {
					"uv": [13, 4.5, 12, 5.5],
					"rotation": 270,
					"texture": "#0"
				},
				"down": {
					"uv": [7, 12, 6, 13],
					"rotation": 270,
					"texture": "#0"
				}
			}
		},
		{
			"from": [-0.54281, 14.74789, 5.39155],
			"to": [1.57469, 17.16789, 8.41655],
			"rotation": {
				"angle": -45,
				"axis": "z",
				"origin": [8.20601, 8.33878, 6.61006]
			},
			"faces": {
				"north": {
					"uv": [13, 8, 12, 9],
					"rotation": 90,
					"texture": "#0"
				},
				"east": {
					"uv": [10.5, 3.5, 12, 4.5],
					"rotation": 180,
					"texture": "#0"
				},
				"south": {
					"uv": [10.5, 12, 9.5, 13],
					"rotation": 270,
					"texture": "#0"
				},
				"west": {
					"uv": [10.5, 3, 12, 2],
					"texture": "#0"
				},
				"up": {
					"uv": [11.5, 6.5, 10, 7.5],
					"rotation": 270,
					"texture": "#0"
				},
				"down": {
					"uv": [12, 1, 10.5, 2],
					"rotation": 270,
					"texture": "#0"
				}
			}
		},
		{
			"from": [7.02785, 9.41818, 6.49757],
			"to": [8.84285, 13.95568, 8.31257],
			"rotation": {
				"angle": 0,
				"axis": "y",
				"origin": [8.20601, 8.33878, 6.61006]
			},
			"faces": {
				"north": {
					"uv": [10.5, 1, 8, 2],
					"rotation": 90,
					"texture": "#0"
				},
				"east": {
					"uv": [6.5, 8.5, 7.5, 11],
					"rotation": 180,
					"texture": "#0"
				},
				"south": {
					"uv": [10.5, 2, 8, 3],
					"rotation": 270,
					"texture": "#0"
				},
				"west": {
					"uv": [8.5, 6.5, 9.5, 4],
					"texture": "#0"
				},
				"up": {
					"uv": [13, 11, 12, 12],
					"rotation": 270,
					"texture": "#0"
				},
				"down": {
					"uv": [13, 12, 12, 13],
					"rotation": 270,
					"texture": "#0"
				}
			}
		},
		{
			"from": [7.02785, 9.64082, 4.44659],
			"to": [8.84285, 13.02882, 6.26159],
			"rotation": {
				"angle": 22.5,
				"axis": "x",
				"origin": [8.20601, 8.33878, 6.61006]
			},
			"faces": {
				"north": {
					"uv": [12, 4.5, 10.5, 5.5],
					"rotation": 90,
					"texture": "#0"
				},
				"east": {
					"uv": [10.5, 9.5, 11.5, 11],
					"rotation": 180,
					"texture": "#0"
				},
				"south": {
					"uv": [12, 8.5, 10.5, 9.5],
					"rotation": 270,
					"texture": "#0"
				},
				"west": {
					"uv": [9.5, 12, 10.5, 10.5],
					"texture": "#0"
				},
				"up": {
					"uv": [1, 12.5, 0, 13.5],
					"rotation": 270,
					"texture": "#0"
				},
				"down": {
					"uv": [13.5, 6.5, 12.5, 7.5],
					"rotation": 270,
					"texture": "#0"
				}
			}
		},
		{
			"from": [6.52234, 10.694, 6.60155],
			"to": [7.00634, 17.954, 7.20655],
			"rotation": {
				"angle": 0,
				"axis": "y",
				"origin": [8.20601, 8.33878, 6.61006]
			},
			"faces": {
				"north": {
					"uv": [13, 6, 9.5, 6.5],
					"rotation": 90,
					"texture": "#0"
				},
				"east": {
					"uv": [2, 10, 2.5, 13.5],
					"rotation": 180,
					"texture": "#0"
				},
				"south": {
					"uv": [13.5, 0, 10, 0.5],
					"rotation": 270,
					"texture": "#0"
				},
				"west": {
					"uv": [5, 12, 5.5, 8.5],
					"texture": "#0"
				},
				"up": {
					"uv": [7.5, 15, 7, 15.5],
					"rotation": 270,
					"texture": "#0"
				},
				"down": {
					"uv": [15.5, 7, 15, 7.5],
					"rotation": 270,
					"texture": "#0"
				}
			}
		},
		{
			"from": [6.40134, 17.954, 5.8453],
			"to": [9.42634, 20.374, 7.9628],
			"rotation": {
				"angle": 0,
				"axis": "y",
				"origin": [8.20601, 8.33878, 6.61006]
			},
			"faces": {
				"north": {
					"uv": [8.5, 11.5, 7.5, 13],
					"rotation": 90,
					"texture": "#0"
				},
				"east": {
					"uv": [3, 13, 4, 14],
					"rotation": 180,
					"texture": "#0"
				},
				"south": {
					"uv": [12.5, 9.5, 11.5, 11],
					"rotation": 270,
					"texture": "#0"
				},
				"west": {
					"uv": [13, 3, 14, 2],
					"texture": "#0"
				},
				"up": {
					"uv": [12.5, 6.5, 11.5, 8],
					"rotation": 270,
					"texture": "#0"
				},
				"down": {
					"uv": [9.5, 11.5, 8.5, 13],
					"rotation": 270,
					"texture": "#0"
				}
			}
		}
	]
}