{
	"textures": {
		"0": "animated_java:item/dupe_models/rarmtexture"
	},
	"display": {
		"head": {
			"rotation": [0, 180, 0]
		}
	},
	"elements": [
		{
			"from": [5.95448, 7.97437, 7.26549],
			"to": [9.58448, 11.60437, 9.32249],
			"rotation": {
				"angle": 0,
				"axis": "y",
				"origin": [8, 0, 8]
			},
			"faces": {
				"north": {
					"uv": [4, 5.5, 2, 7.5],
					"rotation": 90,
					"texture": "#0"
				},
				"east": {
					"uv": [1, 10, 2, 12],
					"rotation": 180,
					"texture": "#0"
				},
				"south": {
					"uv": [6, 5.5, 4, 7.5],
					"rotation": 270,
					"texture": "#0"
				},
				"west": {
					"uv": [9.5, 10.5, 10.5, 8.5],
					"texture": "#0"
				},
				"up": {
					"uv": [8.5, 9.5, 7.5, 11.5],
					"rotation": 270,
					"texture": "#0"
				},
				"down": {
					"uv": [9.5, 9.5, 8.5, 11.5],
					"rotation": 270,
					"texture": "#0"
				}
			}
		},
		{
			"from": [6.13598, 11.60437, 7.56799],
			"to": [9.40298, 11.90687, 9.01999],
			"rotation": {
				"angle": 0,
				"axis": "y",
				"origin": [8, 0, 8]
			},
			"faces": {
				"north": {
					"uv": [4.5, 12, 4, 13.5],
					"rotation": 90,
					"texture": "#0"
				},
				"east": {
					"uv": [10, 3.5, 10.5, 4],
					"rotation": 180,
					"texture": "#0"
				},
				"south": {
					"uv": [7.5, 12, 7, 13.5],
					"rotation": 270,
					"texture": "#0"
				},
				"west": {
					"uv": [4, 2.5, 4.5, 2],
					"texture": "#0"
				},
				"up": {
					"uv": [2, 12, 1.5, 13.5],
					"rotation": 270,
					"texture": "#0"
				},
				"down": {
					"uv": [5.5, 12, 5, 13.5],
					"rotation": 270,
					"texture": "#0"
				}
			}
		},
		{
			"from": [6.37798, 9.78937, 7.14449],
			"to": [6.98298, 11.36237, 7.26549],
			"rotation": {
				"angle": 0,
				"axis": "y",
				"origin": [8, 0, 8]
			},
			"faces": {
				"north": {
					"uv": [14, 3.5, 13, 4],
					"rotation": 90,
					"texture": "#0"
				},
				"east": {
					"uv": [4.5, 13, 5, 14],
					"rotation": 180,
					"texture": "#0"
				},
				"south": {
					"uv": [14, 4, 13, 4.5],
					"rotation": 270,
					"texture": "#0"
				},
				"west": {
					"uv": [6, 11, 6.5, 10],
					"texture": "#0"
				},
				"up": {
					"uv": [11.5, 7.5, 11, 8],
					"rotation": 270,
					"texture": "#0"
				},
				"down": {
					"uv": [12.5, 9, 12, 9.5],
					"rotation": 270,
					"texture": "#0"
				}
			}
		},
		{
			"from": [7.16448, 9.78937, 7.14449],
			"to": [7.76948, 11.36237, 7.26549],
			"rotation": {
				"angle": 0,
				"axis": "y",
				"origin": [8, 0, 8]
			},
			"faces": {
				"north": {
					"uv": [14, 4.5, 13, 5],
					"rotation": 90,
					"texture": "#0"
				},
				"east": {
					"uv": [6.5, 13, 7, 14],
					"rotation": 180,
					"texture": "#0"
				},
				"south": {
					"uv": [14, 5, 13, 5.5],
					"rotation": 270,
					"texture": "#0"
				},
				"west": {
					"uv": [6, 14, 6.5, 13],
					"texture": "#0"
				},
				"up": {
					"uv": [1, 14.5, 0.5, 15],
					"rotation": 270,
					"texture": "#0"
				},
				"down": {
					"uv": [2, 14.5, 1.5, 15],
					"rotation": 270,
					"texture": "#0"
				}
			}
		},
		{
			"from": [8.07198, 9.78937, 7.14449],
			"to": [8.67698, 11.36237, 7.26549],
			"rotation": {
				"angle": 0,
				"axis": "y",
				"origin": [8, 0, 8]
			},
			"faces": {
				"north": {
					"uv": [14, 6, 13, 6.5],
					"rotation": 90,
					"texture": "#0"
				},
				"east": {
					"uv": [8.5, 13, 9, 14],
					"rotation": 180,
					"texture": "#0"
				},
				"south": {
					"uv": [8.5, 13, 7.5, 13.5],
					"rotation": 270,
					"texture": "#0"
				},
				"west": {
					"uv": [13, 9, 13.5, 8],
					"texture": "#0"
				},
				"up": {
					"uv": [15, 1.5, 14.5, 2],
					"rotation": 270,
					"texture": "#0"
				},
				"down": {
					"uv": [2.5, 14.5, 2, 15],
					"rotation": 270,
					"texture": "#0"
				}
			}
		},
		{
			"from": [8.79798, 9.78937, 7.14449],
			"to": [9.40298, 11.36237, 7.26549],
			"rotation": {
				"angle": 0,
				"axis": "y",
				"origin": [8, 0, 8]
			},
			"faces": {
				"north": {
					"uv": [10, 13, 9, 13.5],
					"rotation": 90,
					"texture": "#0"
				},
				"east": {
					"uv": [11.5, 13, 12, 14],
					"rotation": 180,
					"texture": "#0"
				},
				"south": {
					"uv": [14, 11, 13, 11.5],
					"rotation": 270,
					"texture": "#0"
				},
				"west": {
					"uv": [10, 14, 10.5, 13],
					"texture": "#0"
				},
				"up": {
					"uv": [15, 2, 14.5, 2.5],
					"rotation": 270,
					"texture": "#0"
				},
				"down": {
					"uv": [3, 14.5, 2.5, 15],
					"rotation": 270,
					"texture": "#0"
				}
			}
		},
		{
			"from": [8.97948, 11.60437, 7.26549],
			"to": [9.58448, 13.72187, 8.71749],
			"rotation": {
				"angle": 0,
				"axis": "y",
				"origin": [8, 0, 8]
			},
			"faces": {
				"north": {
					"uv": [14, 11.5, 13, 12],
					"rotation": 90,
					"texture": "#0"
				},
				"east": {
					"uv": [13, 13, 13.5, 14],
					"rotation": 180,
					"texture": "#0"
				},
				"south": {
					"uv": [13, 13, 12, 13.5],
					"rotation": 270,
					"texture": "#0"
				},
				"west": {
					"uv": [13, 13, 13.5, 12],
					"texture": "#0"
				},
				"up": {
					"uv": [3.5, 14.5, 3, 15],
					"rotation": 270,
					"texture": "#0"
				},
				"down": {
					"uv": [15, 3, 14.5, 3.5],
					"rotation": 270,
					"texture": "#0"
				}
			}
		},
		{
			"from": [8.97948, 14.32687, 7.26549],
			"to": [9.58448, 15.83937, 8.71749],
			"rotation": {
				"angle": 0,
				"axis": "y",
				"origin": [8, 0, 8]
			},
			"faces": {
				"north": {
					"uv": [1, 13.5, 0, 14],
					"rotation": 90,
					"texture": "#0"
				},
				"east": {
					"uv": [2, 13.5, 2.5, 14.5],
					"rotation": 180,
					"texture": "#0"
				},
				"south": {
					"uv": [14.5, 0, 13.5, 0.5],
					"rotation": 270,
					"texture": "#0"
				},
				"west": {
					"uv": [1.5, 14.5, 2, 13.5],
					"texture": "#0"
				},
				"up": {
					"uv": [4, 14.5, 3.5, 15],
					"rotation": 270,
					"texture": "#0"
				},
				"down": {
					"uv": [15, 3.5, 14.5, 4],
					"rotation": 270,
					"texture": "#0"
				}
			}
		},
		{
			"from": [8.97948, 15.83937, 7.87049],
			"to": [9.58448, 17.35187, 8.71749],
			"rotation": {
				"angle": 0,
				"axis": "y",
				"origin": [8, 0, 8]
			},
			"faces": {
				"north": {
					"uv": [14.5, 0.5, 13.5, 1],
					"rotation": 90,
					"texture": "#0"
				},
				"east": {
					"uv": [4, 13.5, 4.5, 14.5],
					"rotation": 180,
					"texture": "#0"
				},
				"south": {
					"uv": [14.5, 3, 13.5, 3.5],
					"rotation": 270,
					"texture": "#0"
				},
				"west": {
					"uv": [2.5, 14.5, 3, 13.5],
					"texture": "#0"
				},
				"up": {
					"uv": [4.5, 14.5, 4, 15],
					"rotation": 270,
					"texture": "#0"
				},
				"down": {
					"uv": [15, 4, 14.5, 4.5],
					"rotation": 270,
					"texture": "#0"
				}
			}
		},
		{
			"from": [8.85848, 13.72187, 7.26549],
			"to": [9.70548, 14.32687, 8.71749],
			"rotation": {
				"angle": 0,
				"axis": "y",
				"origin": [8, 0, 8]
			},
			"faces": {
				"north": {
					"uv": [6, 14.5, 5.5, 15],
					"rotation": 90,
					"texture": "#0"
				},
				"east": {
					"uv": [7, 14.5, 7.5, 15],
					"rotation": 180,
					"texture": "#0"
				},
				"south": {
					"uv": [15, 6, 14.5, 6.5],
					"rotation": 270,
					"texture": "#0"
				},
				"west": {
					"uv": [14.5, 7, 15, 6.5],
					"texture": "#0"
				},
				"up": {
					"uv": [5.5, 14.5, 5, 15],
					"rotation": 270,
					"texture": "#0"
				},
				"down": {
					"uv": [15, 5.5, 14.5, 6],
					"rotation": 270,
					"texture": "#0"
				}
			}
		},
		{
			"from": [8.07198, 11.60437, 7.26549],
			"to": [8.67698, 13.72187, 8.71749],
			"rotation": {
				"angle": 0,
				"axis": "y",
				"origin": [8, 0, 8]
			},
			"faces": {
				"north": {
					"uv": [6, 13.5, 5, 14],
					"rotation": 90,
					"texture": "#0"
				},
				"east": {
					"uv": [7, 13.5, 7.5, 14.5],
					"rotation": 180,
					"texture": "#0"
				},
				"south": {
					"uv": [14.5, 5.5, 13.5, 6],
					"rotation": 270,
					"texture": "#0"
				},
				"west": {
					"uv": [13.5, 7.5, 14, 6.5],
					"texture": "#0"
				},
				"up": {
					"uv": [15, 7.5, 14.5, 8],
					"rotation": 270,
					"texture": "#0"
				},
				"down": {
					"uv": [8.5, 14.5, 8, 15],
					"rotation": 270,
					"texture": "#0"
				}
			}
		},
		{
			"from": [7.95098, 13.72187, 7.26549],
			"to": [8.79798, 14.32687, 8.71749],
			"rotation": {
				"angle": 0,
				"axis": "y",
				"origin": [8, 0, 8]
			},
			"faces": {
				"north": {
					"uv": [9.5, 14.5, 9, 15],
					"rotation": 90,
					"texture": "#0"
				},
				"east": {
					"uv": [14.5, 10, 15, 10.5],
					"rotation": 180,
					"texture": "#0"
				},
				"south": {
					"uv": [10, 14.5, 9.5, 15],
					"rotation": 270,
					"texture": "#0"
				},
				"west": {
					"uv": [14.5, 10, 15, 9.5],
					"texture": "#0"
				},
				"up": {
					"uv": [9, 14.5, 8.5, 15],
					"rotation": 270,
					"texture": "#0"
				},
				"down": {
					"uv": [15, 9, 14.5, 9.5],
					"rotation": 270,
					"texture": "#0"
				}
			}
		},
		{
			"from": [8.07198, 14.32687, 7.26549],
			"to": [8.67698, 15.83937, 8.71749],
			"rotation": {
				"angle": 0,
				"axis": "y",
				"origin": [8, 0, 8]
			},
			"faces": {
				"north": {
					"uv": [8.5, 13.5, 7.5, 14],
					"rotation": 90,
					"texture": "#0"
				},
				"east": {
					"uv": [9, 13.5, 9.5, 14.5],
					"rotation": 180,
					"texture": "#0"
				},
				"south": {
					"uv": [14.5, 7.5, 13.5, 8],
					"rotation": 270,
					"texture": "#0"
				},
				"west": {
					"uv": [13.5, 9, 14, 8],
					"texture": "#0"
				},
				"up": {
					"uv": [11, 14.5, 10.5, 15],
					"rotation": 270,
					"texture": "#0"
				},
				"down": {
					"uv": [15, 10.5, 14.5, 11],
					"rotation": 270,
					"texture": "#0"
				}
			}
		},
		{
			"from": [8.07198, 15.83937, 7.87049],
			"to": [8.67698, 17.35187, 8.71749],
			"rotation": {
				"angle": 0,
				"axis": "y",
				"origin": [8, 0, 8]
			},
			"faces": {
				"north": {
					"uv": [14.5, 9, 13.5, 9.5],
					"rotation": 90,
					"texture": "#0"
				},
				"east": {
					"uv": [13.5, 10, 14, 11],
					"rotation": 180,
					"texture": "#0"
				},
				"south": {
					"uv": [14.5, 9.5, 13.5, 10],
					"rotation": 270,
					"texture": "#0"
				},
				"west": {
					"uv": [9.5, 14.5, 10, 13.5],
					"texture": "#0"
				},
				"up": {
					"uv": [11.5, 14.5, 11, 15],
					"rotation": 270,
					"texture": "#0"
				},
				"down": {
					"uv": [15, 11, 14.5, 11.5],
					"rotation": 270,
					"texture": "#0"
				}
			}
		},
		{
			"from": [6.25698, 11.60437, 7.26549],
			"to": [6.86198, 13.72187, 8.71749],
			"rotation": {
				"angle": 0,
				"axis": "y",
				"origin": [8, 0, 8]
			},
			"faces": {
				"north": {
					"uv": [11.5, 13.5, 10.5, 14],
					"rotation": 90,
					"texture": "#0"
				},
				"east": {
					"uv": [13.5, 13, 14, 14],
					"rotation": 180,
					"texture": "#0"
				},
				"south": {
					"uv": [13, 13.5, 12, 14],
					"rotation": 270,
					"texture": "#0"
				},
				"west": {
					"uv": [13.5, 13, 14, 12],
					"texture": "#0"
				},
				"up": {
					"uv": [15, 11.5, 14.5, 12],
					"rotation": 270,
					"texture": "#0"
				},
				"down": {
					"uv": [12.5, 14.5, 12, 15],
					"rotation": 270,
					"texture": "#0"
				}
			}
		},
		{
			"from": [6.13598, 13.72187, 7.26549],
			"to": [6.98298, 14.32687, 8.71749],
			"rotation": {
				"angle": 0,
				"axis": "y",
				"origin": [8, 0, 8]
			},
			"faces": {
				"north": {
					"uv": [15, 12.5, 14.5, 13],
					"rotation": 90,
					"texture": "#0"
				},
				"east": {
					"uv": [14.5, 14, 15, 14.5],
					"rotation": 180,
					"texture": "#0"
				},
				"south": {
					"uv": [14, 14.5, 13.5, 15],
					"rotation": 270,
					"texture": "#0"
				},
				"west": {
					"uv": [14, 15, 14.5, 14.5],
					"texture": "#0"
				},
				"up": {
					"uv": [13, 14.5, 12.5, 15],
					"rotation": 270,
					"texture": "#0"
				},
				"down": {
					"uv": [15, 13, 14.5, 13.5],
					"rotation": 270,
					"texture": "#0"
				}
			}
		},
		{
			"from": [6.25698, 14.32687, 7.26549],
			"to": [6.86198, 15.83937, 8.71749],
			"rotation": {
				"angle": 0,
				"axis": "y",
				"origin": [8, 0, 8]
			},
			"faces": {
				"north": {
					"uv": [1, 14, 0, 14.5],
					"rotation": 90,
					"texture": "#0"
				},
				"east": {
					"uv": [14, 1.5, 14.5, 2.5],
					"rotation": 180,
					"texture": "#0"
				},
				"south": {
					"uv": [15, 1, 14, 1.5],
					"rotation": 270,
					"texture": "#0"
				},
				"west": {
					"uv": [1, 15, 1.5, 14],
					"texture": "#0"
				},
				"up": {
					"uv": [15, 14.5, 14.5, 15],
					"rotation": 270,
					"texture": "#0"
				},
				"down": {
					"uv": [15.5, 0, 15, 0.5],
					"rotation": 270,
					"texture": "#0"
				}
			}
		},
		{
			"from": [6.25698, 15.83937, 7.87049],
			"to": [6.86198, 17.35187, 8.71749],
			"rotation": {
				"angle": 0,
				"axis": "y",
				"origin": [8, 0, 8]
			},
			"faces": {
				"north": {
					"uv": [15, 2.5, 14, 3],
					"rotation": 90,
					"texture": "#0"
				},
				"east": {
					"uv": [4.5, 14, 5, 15],
					"rotation": 180,
					"texture": "#0"
				},
				"south": {
					"uv": [4, 14, 3, 14.5],
					"rotation": 270,
					"texture": "#0"
				},
				"west": {
					"uv": [14, 4.5, 14.5, 3.5],
					"texture": "#0"
				},
				"up": {
					"uv": [1, 15, 0.5, 15.5],
					"rotation": 270,
					"texture": "#0"
				},
				"down": {
					"uv": [15.5, 0.5, 15, 1],
					"rotation": 270,
					"texture": "#0"
				}
			}
		},
		{
			"from": [9.34631, 9.2693, 8.14274],
			"to": [10.79831, 11.3868, 8.74774],
			"rotation": {
				"angle": 22.5,
				"axis": "z",
				"origin": [8, 0, 8]
			},
			"faces": {
				"north": {
					"uv": [15, 4.5, 14, 5],
					"rotation": 90,
					"texture": "#0"
				},
				"east": {
					"uv": [14, 6, 14.5, 7],
					"rotation": 180,
					"texture": "#0"
				},
				"south": {
					"uv": [6, 14, 5, 14.5],
					"rotation": 270,
					"texture": "#0"
				},
				"west": {
					"uv": [6, 15, 6.5, 14],
					"texture": "#0"
				},
				"up": {
					"uv": [1.5, 15, 1, 15.5],
					"rotation": 270,
					"texture": "#0"
				},
				"down": {
					"uv": [15.5, 1, 15, 1.5],
					"rotation": 270,
					"texture": "#0"
				}
			}
		},
		{
			"from": [9.34631, 11.3868, 8.02174],
			"to": [10.79831, 11.9918, 8.86874],
			"rotation": {
				"angle": 22.5,
				"axis": "z",
				"origin": [8, 0, 8]
			},
			"faces": {
				"north": {
					"uv": [15.5, 1.5, 15, 2],
					"rotation": 90,
					"texture": "#0"
				},
				"east": {
					"uv": [15, 2.5, 15.5, 3],
					"rotation": 180,
					"texture": "#0"
				},
				"south": {
					"uv": [15.5, 2, 15, 2.5],
					"rotation": 270,
					"texture": "#0"
				},
				"west": {
					"uv": [2.5, 15.5, 3, 15],
					"texture": "#0"
				},
				"up": {
					"uv": [2, 15, 1.5, 15.5],
					"rotation": 270,
					"texture": "#0"
				},
				"down": {
					"uv": [2.5, 15, 2, 15.5],
					"rotation": 270,
					"texture": "#0"
				}
			}
		},
		{
			"from": [9.34631, 11.9918, 8.14274],
			"to": [10.79831, 13.5043, 8.74774],
			"rotation": {
				"angle": 22.5,
				"axis": "z",
				"origin": [8, 0, 8]
			},
			"faces": {
				"north": {
					"uv": [15, 5, 14, 5.5],
					"rotation": 90,
					"texture": "#0"
				},
				"east": {
					"uv": [7.5, 14, 8, 15],
					"rotation": 180,
					"texture": "#0"
				},
				"south": {
					"uv": [15, 7, 14, 7.5],
					"rotation": 270,
					"texture": "#0"
				},
				"west": {
					"uv": [6.5, 15, 7, 14],
					"texture": "#0"
				},
				"up": {
					"uv": [3.5, 15, 3, 15.5],
					"rotation": 270,
					"texture": "#0"
				},
				"down": {
					"uv": [15.5, 3, 15, 3.5],
					"rotation": 270,
					"texture": "#0"
				}
			}
		},
		{
			"from": [9.78376, 13.51389, 8.14274],
			"to": [10.93326, 15.02639, 8.74774],
			"rotation": {
				"angle": 22.5,
				"axis": "z",
				"origin": [8, 0, 8]
			},
			"faces": {
				"north": {
					"uv": [9, 14, 8, 14.5],
					"rotation": 90,
					"texture": "#0"
				},
				"east": {
					"uv": [14, 10, 14.5, 11],
					"rotation": 180,
					"texture": "#0"
				},
				"south": {
					"uv": [15, 8, 14, 8.5],
					"rotation": 270,
					"texture": "#0"
				},
				"west": {
					"uv": [10, 15, 10.5, 14],
					"texture": "#0"
				},
				"up": {
					"uv": [4, 15, 3.5, 15.5],
					"rotation": 270,
					"texture": "#0"
				},
				"down": {
					"uv": [15.5, 3.5, 15, 4],
					"rotation": 270,
					"texture": "#0"
				}
			}
		},
		{
			"from": [7.16448, 11.60437, 7.26549],
			"to": [7.76948, 13.72187, 8.71749],
			"rotation": {
				"angle": 0,
				"axis": "y",
				"origin": [8, 0, 8]
			},
			"faces": {
				"north": {
					"uv": [15, 8.5, 14, 9],
					"rotation": 90,
					"texture": "#0"
				},
				"east": {
					"uv": [11.5, 14, 12, 15],
					"rotation": 180,
					"texture": "#0"
				},
				"south": {
					"uv": [11.5, 14, 10.5, 14.5],
					"rotation": 270,
					"texture": "#0"
				},
				"west": {
					"uv": [14, 12, 14.5, 11],
					"texture": "#0"
				},
				"up": {
					"uv": [4.5, 15, 4, 15.5],
					"rotation": 270,
					"texture": "#0"
				},
				"down": {
					"uv": [15.5, 4, 15, 4.5],
					"rotation": 270,
					"texture": "#0"
				}
			}
		},
		{
			"from": [7.04348, 13.72187, 7.26549],
			"to": [7.89048, 14.32687, 8.71749],
			"rotation": {
				"angle": 0,
				"axis": "y",
				"origin": [8, 0, 8]
			},
			"faces": {
				"north": {
					"uv": [15.5, 4.5, 15, 5],
					"rotation": 90,
					"texture": "#0"
				},
				"east": {
					"uv": [15, 5.5, 15.5, 6],
					"rotation": 180,
					"texture": "#0"
				},
				"south": {
					"uv": [15.5, 5, 15, 5.5],
					"rotation": 270,
					"texture": "#0"
				},
				"west": {
					"uv": [5.5, 15.5, 6, 15],
					"texture": "#0"
				},
				"up": {
					"uv": [5, 15, 4.5, 15.5],
					"rotation": 270,
					"texture": "#0"
				},
				"down": {
					"uv": [5.5, 15, 5, 15.5],
					"rotation": 270,
					"texture": "#0"
				}
			}
		},
		{
			"from": [7.16448, 14.32687, 7.26549],
			"to": [7.76948, 15.83937, 8.71749],
			"rotation": {
				"angle": 0,
				"axis": "y",
				"origin": [8, 0, 8]
			},
			"faces": {
				"north": {
					"uv": [13, 14, 12, 14.5],
					"rotation": 90,
					"texture": "#0"
				},
				"east": {
					"uv": [13, 14, 13.5, 15],
					"rotation": 180,
					"texture": "#0"
				},
				"south": {
					"uv": [15, 12, 14, 12.5],
					"rotation": 270,
					"texture": "#0"
				},
				"west": {
					"uv": [14, 13.5, 14.5, 12.5],
					"texture": "#0"
				},
				"up": {
					"uv": [6.5, 15, 6, 15.5],
					"rotation": 270,
					"texture": "#0"
				},
				"down": {
					"uv": [15.5, 6, 15, 6.5],
					"rotation": 270,
					"texture": "#0"
				}
			}
		},
		{
			"from": [7.16448, 15.83937, 7.87049],
			"to": [7.76948, 17.35187, 8.71749],
			"rotation": {
				"angle": 0,
				"axis": "y",
				"origin": [8, 0, 8]
			},
			"faces": {
				"north": {
					"uv": [14.5, 14, 13.5, 14.5],
					"rotation": 90,
					"texture": "#0"
				},
				"east": {
					"uv": [14.5, 0, 15, 1],
					"rotation": 180,
					"texture": "#0"
				},
				"south": {
					"uv": [15, 13.5, 14, 14],
					"rotation": 270,
					"texture": "#0"
				},
				"west": {
					"uv": [0, 15.5, 0.5, 14.5],
					"texture": "#0"
				},
				"up": {
					"uv": [7, 15, 6.5, 15.5],
					"rotation": 270,
					"texture": "#0"
				},
				"down": {
					"uv": [15.5, 6.5, 15, 7],
					"rotation": 270,
					"texture": "#0"
				}
			}
		}
	]
}