{
	"textures": {
		"0": "animated_java:item/dupe_models/rarmtexture"
	},
	"display": {
		"head": {
			"rotation": [0, 180, 0]
		}
	},
	"elements": [
		{
			"from": [6.57366, 17.954, 5.8453],
			"to": [9.59866, 20.374, 7.9628],
			"rotation": {
				"angle": 0,
				"axis": "y",
				"origin": [8.79399, 7.33878, 6.61006]
			},
			"faces": {
				"north": {
					"uv": [7.5, 11.5, 8.5, 13],
					"rotation": 270,
					"texture": "#0"
				},
				"east": {
					"uv": [14, 3, 13, 2],
					"texture": "#0"
				},
				"south": {
					"uv": [11.5, 9.5, 12.5, 11],
					"rotation": 90,
					"texture": "#0"
				},
				"west": {
					"uv": [4, 13, 3, 14],
					"rotation": 180,
					"texture": "#0"
				},
				"up": {
					"uv": [11.5, 6.5, 12.5, 8],
					"rotation": 90,
					"texture": "#0"
				},
				"down": {
					"uv": [8.5, 11.5, 9.5, 13],
					"rotation": 90,
					"texture": "#0"
				}
			}
		},
		{
			"from": [9.66508, 9.51054, 5.99655],
			"to": [11.48008, 14.35054, 7.81155],
			"rotation": {
				"angle": 22.5,
				"axis": "z",
				"origin": [8.79399, 7.33878, 6.61006]
			},
			"faces": {
				"north": {
					"uv": [3, 7.5, 5.5, 8.5],
					"rotation": 270,
					"texture": "#0"
				},
				"east": {
					"uv": [8.5, 6.5, 7.5, 4],
					"texture": "#0"
				},
				"south": {
					"uv": [7.5, 3, 10, 4],
					"rotation": 90,
					"texture": "#0"
				},
				"west": {
					"uv": [6.5, 7.5, 5.5, 10],
					"rotation": 180,
					"texture": "#0"
				},
				"up": {
					"uv": [3, 12, 4, 13],
					"rotation": 90,
					"texture": "#0"
				},
				"down": {
					"uv": [12, 3.5, 13, 4.5],
					"rotation": 90,
					"texture": "#0"
				}
			}
		},
		{
			"from": [4.89522, 8.77776, 5.99655],
			"to": [6.71022, 13.31526, 7.81155],
			"rotation": {
				"angle": -22.5,
				"axis": "z",
				"origin": [8.79399, 7.33878, 6.61006]
			},
			"faces": {
				"north": {
					"uv": [6.5, 7.5, 9, 8.5],
					"rotation": 270,
					"texture": "#0"
				},
				"east": {
					"uv": [4, 11, 3, 8.5],
					"texture": "#0"
				},
				"south": {
					"uv": [7.5, 6.5, 10, 7.5],
					"rotation": 90,
					"texture": "#0"
				},
				"west": {
					"uv": [5, 8.5, 4, 11],
					"rotation": 180,
					"texture": "#0"
				},
				"up": {
					"uv": [12, 4.5, 13, 5.5],
					"rotation": 90,
					"texture": "#0"
				},
				"down": {
					"uv": [6, 12, 7, 13],
					"rotation": 90,
					"texture": "#0"
				}
			}
		},
		{
			"from": [15.42531, 15.1621, 5.39155],
			"to": [17.54281, 17.5821, 8.41655],
			"rotation": {
				"angle": 45,
				"axis": "z",
				"origin": [8.79399, 7.33878, 6.61006]
			},
			"faces": {
				"north": {
					"uv": [12, 8, 13, 9],
					"rotation": 270,
					"texture": "#0"
				},
				"east": {
					"uv": [12, 3, 10.5, 2],
					"texture": "#0"
				},
				"south": {
					"uv": [9.5, 12, 10.5, 13],
					"rotation": 90,
					"texture": "#0"
				},
				"west": {
					"uv": [12, 3.5, 10.5, 4.5],
					"rotation": 180,
					"texture": "#0"
				},
				"up": {
					"uv": [10, 6.5, 11.5, 7.5],
					"rotation": 90,
					"texture": "#0"
				},
				"down": {
					"uv": [10.5, 1, 12, 2],
					"rotation": 90,
					"texture": "#0"
				}
			}
		},
		{
			"from": [7.15715, 9.41818, 6.49757],
			"to": [8.97215, 13.95568, 8.31257],
			"rotation": {
				"angle": 0,
				"axis": "y",
				"origin": [8.79399, 7.33878, 6.61006]
			},
			"faces": {
				"north": {
					"uv": [8, 1, 10.5, 2],
					"rotation": 270,
					"texture": "#0"
				},
				"east": {
					"uv": [9.5, 6.5, 8.5, 4],
					"texture": "#0"
				},
				"south": {
					"uv": [8, 2, 10.5, 3],
					"rotation": 90,
					"texture": "#0"
				},
				"west": {
					"uv": [7.5, 8.5, 6.5, 11],
					"rotation": 180,
					"texture": "#0"
				},
				"up": {
					"uv": [12, 11, 13, 12],
					"rotation": 90,
					"texture": "#0"
				},
				"down": {
					"uv": [12, 12, 13, 13],
					"rotation": 90,
					"texture": "#0"
				}
			}
		},
		{
			"from": [7.15715, 9.5647, 4.0639],
			"to": [8.97215, 12.9527, 5.8789],
			"rotation": {
				"angle": 22.5,
				"axis": "x",
				"origin": [8.79399, 7.33878, 6.61006]
			},
			"faces": {
				"north": {
					"uv": [10.5, 4.5, 12, 5.5],
					"rotation": 270,
					"texture": "#0"
				},
				"east": {
					"uv": [10.5, 12, 9.5, 10.5],
					"texture": "#0"
				},
				"south": {
					"uv": [10.5, 8.5, 12, 9.5],
					"rotation": 90,
					"texture": "#0"
				},
				"west": {
					"uv": [11.5, 9.5, 10.5, 11],
					"rotation": 180,
					"texture": "#0"
				},
				"up": {
					"uv": [0, 12.5, 1, 13.5],
					"rotation": 90,
					"texture": "#0"
				},
				"down": {
					"uv": [12.5, 6.5, 13.5, 7.5],
					"rotation": 90,
					"texture": "#0"
				}
			}
		},
		{
			"from": [8.99366, 10.694, 6.60155],
			"to": [9.47766, 17.954, 7.20655],
			"rotation": {
				"angle": 0,
				"axis": "y",
				"origin": [8.79399, 7.33878, 6.61006]
			},
			"faces": {
				"north": {
					"uv": [9.5, 6, 13, 6.5],
					"rotation": 270,
					"texture": "#0"
				},
				"east": {
					"uv": [5.5, 12, 5, 8.5],
					"texture": "#0"
				},
				"south": {
					"uv": [10, 0, 13.5, 0.5],
					"rotation": 90,
					"texture": "#0"
				},
				"west": {
					"uv": [2.5, 10, 2, 13.5],
					"rotation": 180,
					"texture": "#0"
				},
				"up": {
					"uv": [7, 15, 7.5, 15.5],
					"rotation": 90,
					"texture": "#0"
				},
				"down": {
					"uv": [15, 7, 15.5, 7.5],
					"rotation": 90,
					"texture": "#0"
				}
			}
		},
		{
			"from": [6.81451, 10.37315, 5.69405],
			"to": [9.23451, 19.20615, 8.11405],
			"rotation": {
				"angle": 0,
				"axis": "y",
				"origin": [8.79399, 7.33878, 6.61006]
			},
			"faces": {
				"north": {
					"uv": [0, 2.5, 4.5, 3.5],
					"rotation": 270,
					"texture": "#0"
				},
				"east": {
					"uv": [1, 9, 0, 4.5],
					"texture": "#0"
				},
				"south": {
					"uv": [0, 3.5, 4.5, 4.5],
					"rotation": 90,
					"texture": "#0"
				},
				"west": {
					"uv": [5.5, 0, 4.5, 4.5],
					"rotation": 180,
					"texture": "#0"
				},
				"up": {
					"uv": [12, 1, 13, 2],
					"rotation": 90,
					"texture": "#0"
				},
				"down": {
					"uv": [12, 2, 13, 3],
					"rotation": 90,
					"texture": "#0"
				}
			}
		},
		{
			"from": [6.51201, 6.44065, 5.69405],
			"to": [10.14201, 7.04565, 8.11405],
			"rotation": {
				"angle": 0,
				"axis": "y",
				"origin": [8.79399, 7.33878, 6.61006]
			},
			"faces": {
				"north": {
					"uv": [11.5, 11, 12, 13],
					"rotation": 270,
					"texture": "#0"
				},
				"east": {
					"uv": [12, 8.5, 11, 8],
					"texture": "#0"
				},
				"south": {
					"uv": [1, 12, 1.5, 14],
					"rotation": 90,
					"texture": "#0"
				},
				"west": {
					"uv": [13.5, 7.5, 12.5, 8],
					"rotation": 180,
					"texture": "#0"
				},
				"up": {
					"uv": [0, 9, 1, 11],
					"rotation": 90,
					"texture": "#0"
				},
				"down": {
					"uv": [9.5, 4, 10.5, 6],
					"rotation": 90,
					"texture": "#0"
				}
			}
		},
		{
			"from": [5.60451, 7.95315, 5.08905],
			"to": [10.44451, 10.37315, 8.71905],
			"rotation": {
				"angle": 0,
				"axis": "y",
				"origin": [8.79399, 7.33878, 6.61006]
			},
			"faces": {
				"north": {
					"uv": [6.5, 3, 7.5, 5.5],
					"rotation": 270,
					"texture": "#0"
				},
				"east": {
					"uv": [9.5, 9.5, 7.5, 8.5],
					"texture": "#0"
				},
				"south": {
					"uv": [2, 7.5, 3, 10],
					"rotation": 90,
					"texture": "#0"
				},
				"west": {
					"uv": [11, 7.5, 9, 8.5],
					"rotation": 180,
					"texture": "#0"
				},
				"up": {
					"uv": [0, 0, 2, 2.5],
					"rotation": 90,
					"texture": "#0"
				},
				"down": {
					"uv": [2, 0, 4, 2.5],
					"rotation": 90,
					"texture": "#0"
				}
			}
		},
		{
			"from": [6.20951, 7.04565, 5.39155],
			"to": [10.44451, 7.95315, 8.41655],
			"rotation": {
				"angle": 0,
				"axis": "y",
				"origin": [8.79399, 7.33878, 6.61006]
			},
			"faces": {
				"north": {
					"uv": [4, 0, 4.5, 2],
					"rotation": 270,
					"texture": "#0"
				},
				"east": {
					"uv": [12, 6, 10.5, 5.5],
					"texture": "#0"
				},
				"south": {
					"uv": [4.5, 11, 5, 13],
					"rotation": 90,
					"texture": "#0"
				},
				"west": {
					"uv": [13.5, 5.5, 12, 6],
					"rotation": 180,
					"texture": "#0"
				},
				"up": {
					"uv": [6, 5.5, 7.5, 7.5],
					"rotation": 90,
					"texture": "#0"
				},
				"down": {
					"uv": [6.5, 1, 8, 3],
					"rotation": 90,
					"texture": "#0"
				}
			}
		}
	]
}