{
	"textures": {
		"0": "animated_java:item/dupe_models/rarmtexture"
	},
	"display": {
		"head": {
			"rotation": [0, 180, 0]
		}
	},
	"elements": [
		{
			"from": [6.41552, 7.97437, 7.26549],
			"to": [10.04552, 11.60437, 9.32249],
			"rotation": {
				"angle": 0,
				"axis": "y",
				"origin": [8, 0, 8]
			},
			"faces": {
				"north": {
					"uv": [2, 5.5, 4, 7.5],
					"rotation": 270,
					"texture": "#0"
				},
				"east": {
					"uv": [10.5, 10.5, 9.5, 8.5],
					"texture": "#0"
				},
				"south": {
					"uv": [4, 5.5, 6, 7.5],
					"rotation": 90,
					"texture": "#0"
				},
				"west": {
					"uv": [2, 10, 1, 12],
					"rotation": 180,
					"texture": "#0"
				},
				"up": {
					"uv": [7.5, 9.5, 8.5, 11.5],
					"rotation": 90,
					"texture": "#0"
				},
				"down": {
					"uv": [8.5, 9.5, 9.5, 11.5],
					"rotation": 90,
					"texture": "#0"
				}
			}
		},
		{
			"from": [6.41552, 11.60437, 7.26549],
			"to": [7.02052, 13.72187, 8.71749],
			"rotation": {
				"angle": 0,
				"axis": "y",
				"origin": [8, 0, 8]
			},
			"faces": {
				"north": {
					"uv": [13, 11.5, 14, 12],
					"rotation": 270,
					"texture": "#0"
				},
				"east": {
					"uv": [13.5, 13, 13, 12],
					"texture": "#0"
				},
				"south": {
					"uv": [12, 13, 13, 13.5],
					"rotation": 90,
					"texture": "#0"
				},
				"west": {
					"uv": [13.5, 13, 13, 14],
					"rotation": 180,
					"texture": "#0"
				},
				"up": {
					"uv": [3, 14.5, 3.5, 15],
					"rotation": 90,
					"texture": "#0"
				},
				"down": {
					"uv": [14.5, 3, 15, 3.5],
					"rotation": 90,
					"texture": "#0"
				}
			}
		},
		{
			"from": [6.29452, 13.72187, 7.26549],
			"to": [7.14152, 14.32687, 8.71749],
			"rotation": {
				"angle": 0,
				"axis": "y",
				"origin": [8, 0, 8]
			},
			"faces": {
				"north": {
					"uv": [5.5, 14.5, 6, 15],
					"rotation": 270,
					"texture": "#0"
				},
				"east": {
					"uv": [15, 7, 14.5, 6.5],
					"texture": "#0"
				},
				"south": {
					"uv": [14.5, 6, 15, 6.5],
					"rotation": 90,
					"texture": "#0"
				},
				"west": {
					"uv": [7.5, 14.5, 7, 15],
					"rotation": 180,
					"texture": "#0"
				},
				"up": {
					"uv": [5, 14.5, 5.5, 15],
					"rotation": 90,
					"texture": "#0"
				},
				"down": {
					"uv": [14.5, 5.5, 15, 6],
					"rotation": 90,
					"texture": "#0"
				}
			}
		},
		{
			"from": [6.41552, 14.32687, 7.26549],
			"to": [7.02052, 15.83937, 8.71749],
			"rotation": {
				"angle": 0,
				"axis": "y",
				"origin": [8, 0, 8]
			},
			"faces": {
				"north": {
					"uv": [0, 13.5, 1, 14],
					"rotation": 270,
					"texture": "#0"
				},
				"east": {
					"uv": [2, 14.5, 1.5, 13.5],
					"texture": "#0"
				},
				"south": {
					"uv": [13.5, 0, 14.5, 0.5],
					"rotation": 90,
					"texture": "#0"
				},
				"west": {
					"uv": [2.5, 13.5, 2, 14.5],
					"rotation": 180,
					"texture": "#0"
				},
				"up": {
					"uv": [3.5, 14.5, 4, 15],
					"rotation": 90,
					"texture": "#0"
				},
				"down": {
					"uv": [14.5, 3.5, 15, 4],
					"rotation": 90,
					"texture": "#0"
				}
			}
		},
		{
			"from": [6.41552, 15.83937, 7.87049],
			"to": [7.02052, 17.35187, 8.71749],
			"rotation": {
				"angle": 0,
				"axis": "y",
				"origin": [8, 0, 8]
			},
			"faces": {
				"north": {
					"uv": [13.5, 0.5, 14.5, 1],
					"rotation": 270,
					"texture": "#0"
				},
				"east": {
					"uv": [3, 14.5, 2.5, 13.5],
					"texture": "#0"
				},
				"south": {
					"uv": [13.5, 3, 14.5, 3.5],
					"rotation": 90,
					"texture": "#0"
				},
				"west": {
					"uv": [4.5, 13.5, 4, 14.5],
					"rotation": 180,
					"texture": "#0"
				},
				"up": {
					"uv": [4, 14.5, 4.5, 15],
					"rotation": 90,
					"texture": "#0"
				},
				"down": {
					"uv": [14.5, 4, 15, 4.5],
					"rotation": 90,
					"texture": "#0"
				}
			}
		},
		{
			"from": [7.32302, 15.83937, 7.87049],
			"to": [7.92802, 17.35187, 8.71749],
			"rotation": {
				"angle": 0,
				"axis": "y",
				"origin": [8, 0, 8]
			},
			"faces": {
				"north": {
					"uv": [13.5, 9, 14.5, 9.5],
					"rotation": 270,
					"texture": "#0"
				},
				"east": {
					"uv": [10, 14.5, 9.5, 13.5],
					"texture": "#0"
				},
				"south": {
					"uv": [13.5, 9.5, 14.5, 10],
					"rotation": 90,
					"texture": "#0"
				},
				"west": {
					"uv": [14, 10, 13.5, 11],
					"rotation": 180,
					"texture": "#0"
				},
				"up": {
					"uv": [11, 14.5, 11.5, 15],
					"rotation": 90,
					"texture": "#0"
				},
				"down": {
					"uv": [14.5, 11, 15, 11.5],
					"rotation": 90,
					"texture": "#0"
				}
			}
		},
		{
			"from": [7.32302, 14.32687, 7.26549],
			"to": [7.92802, 15.83937, 8.71749],
			"rotation": {
				"angle": 0,
				"axis": "y",
				"origin": [8, 0, 8]
			},
			"faces": {
				"north": {
					"uv": [7.5, 13.5, 8.5, 14],
					"rotation": 270,
					"texture": "#0"
				},
				"east": {
					"uv": [14, 9, 13.5, 8],
					"texture": "#0"
				},
				"south": {
					"uv": [13.5, 7.5, 14.5, 8],
					"rotation": 90,
					"texture": "#0"
				},
				"west": {
					"uv": [9.5, 13.5, 9, 14.5],
					"rotation": 180,
					"texture": "#0"
				},
				"up": {
					"uv": [10.5, 14.5, 11, 15],
					"rotation": 90,
					"texture": "#0"
				},
				"down": {
					"uv": [14.5, 10.5, 15, 11],
					"rotation": 90,
					"texture": "#0"
				}
			}
		},
		{
			"from": [7.20202, 13.72187, 7.26549],
			"to": [8.04902, 14.32687, 8.71749],
			"rotation": {
				"angle": 0,
				"axis": "y",
				"origin": [8, 0, 8]
			},
			"faces": {
				"north": {
					"uv": [9, 14.5, 9.5, 15],
					"rotation": 270,
					"texture": "#0"
				},
				"east": {
					"uv": [15, 10, 14.5, 9.5],
					"texture": "#0"
				},
				"south": {
					"uv": [9.5, 14.5, 10, 15],
					"rotation": 90,
					"texture": "#0"
				},
				"west": {
					"uv": [15, 10, 14.5, 10.5],
					"rotation": 180,
					"texture": "#0"
				},
				"up": {
					"uv": [8.5, 14.5, 9, 15],
					"rotation": 90,
					"texture": "#0"
				},
				"down": {
					"uv": [14.5, 9, 15, 9.5],
					"rotation": 90,
					"texture": "#0"
				}
			}
		},
		{
			"from": [7.32302, 11.60437, 7.26549],
			"to": [7.92802, 13.72187, 8.71749],
			"rotation": {
				"angle": 0,
				"axis": "y",
				"origin": [8, 0, 8]
			},
			"faces": {
				"north": {
					"uv": [5, 13.5, 6, 14],
					"rotation": 270,
					"texture": "#0"
				},
				"east": {
					"uv": [14, 7.5, 13.5, 6.5],
					"texture": "#0"
				},
				"south": {
					"uv": [13.5, 5.5, 14.5, 6],
					"rotation": 90,
					"texture": "#0"
				},
				"west": {
					"uv": [7.5, 13.5, 7, 14.5],
					"rotation": 180,
					"texture": "#0"
				},
				"up": {
					"uv": [14.5, 7.5, 15, 8],
					"rotation": 90,
					"texture": "#0"
				},
				"down": {
					"uv": [8, 14.5, 8.5, 15],
					"rotation": 90,
					"texture": "#0"
				}
			}
		},
		{
			"from": [8.23052, 15.83937, 7.87049],
			"to": [8.83552, 17.35187, 8.71749],
			"rotation": {
				"angle": 0,
				"axis": "y",
				"origin": [8, 0, 8]
			},
			"faces": {
				"north": {
					"uv": [13.5, 14, 14.5, 14.5],
					"rotation": 270,
					"texture": "#0"
				},
				"east": {
					"uv": [0.5, 15.5, 0, 14.5],
					"texture": "#0"
				},
				"south": {
					"uv": [14, 13.5, 15, 14],
					"rotation": 90,
					"texture": "#0"
				},
				"west": {
					"uv": [15, 0, 14.5, 1],
					"rotation": 180,
					"texture": "#0"
				},
				"up": {
					"uv": [6.5, 15, 7, 15.5],
					"rotation": 90,
					"texture": "#0"
				},
				"down": {
					"uv": [15, 6.5, 15.5, 7],
					"rotation": 90,
					"texture": "#0"
				}
			}
		},
		{
			"from": [8.23052, 14.32687, 7.26549],
			"to": [8.83552, 15.83937, 8.71749],
			"rotation": {
				"angle": 0,
				"axis": "y",
				"origin": [8, 0, 8]
			},
			"faces": {
				"north": {
					"uv": [12, 14, 13, 14.5],
					"rotation": 270,
					"texture": "#0"
				},
				"east": {
					"uv": [14.5, 13.5, 14, 12.5],
					"texture": "#0"
				},
				"south": {
					"uv": [14, 12, 15, 12.5],
					"rotation": 90,
					"texture": "#0"
				},
				"west": {
					"uv": [13.5, 14, 13, 15],
					"rotation": 180,
					"texture": "#0"
				},
				"up": {
					"uv": [6, 15, 6.5, 15.5],
					"rotation": 90,
					"texture": "#0"
				},
				"down": {
					"uv": [15, 6, 15.5, 6.5],
					"rotation": 90,
					"texture": "#0"
				}
			}
		},
		{
			"from": [8.10952, 13.72187, 7.26549],
			"to": [8.95652, 14.32687, 8.71749],
			"rotation": {
				"angle": 0,
				"axis": "y",
				"origin": [8, 0, 8]
			},
			"faces": {
				"north": {
					"uv": [15, 4.5, 15.5, 5],
					"rotation": 270,
					"texture": "#0"
				},
				"east": {
					"uv": [6, 15.5, 5.5, 15],
					"texture": "#0"
				},
				"south": {
					"uv": [15, 5, 15.5, 5.5],
					"rotation": 90,
					"texture": "#0"
				},
				"west": {
					"uv": [15.5, 5.5, 15, 6],
					"rotation": 180,
					"texture": "#0"
				},
				"up": {
					"uv": [4.5, 15, 5, 15.5],
					"rotation": 90,
					"texture": "#0"
				},
				"down": {
					"uv": [5, 15, 5.5, 15.5],
					"rotation": 90,
					"texture": "#0"
				}
			}
		},
		{
			"from": [8.23052, 11.60437, 7.26549],
			"to": [8.83552, 13.72187, 8.71749],
			"rotation": {
				"angle": 0,
				"axis": "y",
				"origin": [8, 0, 8]
			},
			"faces": {
				"north": {
					"uv": [14, 8.5, 15, 9],
					"rotation": 270,
					"texture": "#0"
				},
				"east": {
					"uv": [14.5, 12, 14, 11],
					"texture": "#0"
				},
				"south": {
					"uv": [10.5, 14, 11.5, 14.5],
					"rotation": 90,
					"texture": "#0"
				},
				"west": {
					"uv": [12, 14, 11.5, 15],
					"rotation": 180,
					"texture": "#0"
				},
				"up": {
					"uv": [4, 15, 4.5, 15.5],
					"rotation": 90,
					"texture": "#0"
				},
				"down": {
					"uv": [15, 4, 15.5, 4.5],
					"rotation": 90,
					"texture": "#0"
				}
			}
		},
		{
			"from": [9.13802, 15.83937, 7.87049],
			"to": [9.74302, 17.35187, 8.71749],
			"rotation": {
				"angle": 0,
				"axis": "y",
				"origin": [8, 0, 8]
			},
			"faces": {
				"north": {
					"uv": [14, 2.5, 15, 3],
					"rotation": 270,
					"texture": "#0"
				},
				"east": {
					"uv": [14.5, 4.5, 14, 3.5],
					"texture": "#0"
				},
				"south": {
					"uv": [3, 14, 4, 14.5],
					"rotation": 90,
					"texture": "#0"
				},
				"west": {
					"uv": [5, 14, 4.5, 15],
					"rotation": 180,
					"texture": "#0"
				},
				"up": {
					"uv": [0.5, 15, 1, 15.5],
					"rotation": 90,
					"texture": "#0"
				},
				"down": {
					"uv": [15, 0.5, 15.5, 1],
					"rotation": 90,
					"texture": "#0"
				}
			}
		},
		{
			"from": [9.13802, 14.32687, 7.26549],
			"to": [9.74302, 15.83937, 8.71749],
			"rotation": {
				"angle": 0,
				"axis": "y",
				"origin": [8, 0, 8]
			},
			"faces": {
				"north": {
					"uv": [0, 14, 1, 14.5],
					"rotation": 270,
					"texture": "#0"
				},
				"east": {
					"uv": [1.5, 15, 1, 14],
					"texture": "#0"
				},
				"south": {
					"uv": [14, 1, 15, 1.5],
					"rotation": 90,
					"texture": "#0"
				},
				"west": {
					"uv": [14.5, 1.5, 14, 2.5],
					"rotation": 180,
					"texture": "#0"
				},
				"up": {
					"uv": [14.5, 14.5, 15, 15],
					"rotation": 90,
					"texture": "#0"
				},
				"down": {
					"uv": [15, 0, 15.5, 0.5],
					"rotation": 90,
					"texture": "#0"
				}
			}
		},
		{
			"from": [9.01702, 13.72187, 7.26549],
			"to": [9.86402, 14.32687, 8.71749],
			"rotation": {
				"angle": 0,
				"axis": "y",
				"origin": [8, 0, 8]
			},
			"faces": {
				"north": {
					"uv": [14.5, 12.5, 15, 13],
					"rotation": 270,
					"texture": "#0"
				},
				"east": {
					"uv": [14.5, 15, 14, 14.5],
					"texture": "#0"
				},
				"south": {
					"uv": [13.5, 14.5, 14, 15],
					"rotation": 90,
					"texture": "#0"
				},
				"west": {
					"uv": [15, 14, 14.5, 14.5],
					"rotation": 180,
					"texture": "#0"
				},
				"up": {
					"uv": [12.5, 14.5, 13, 15],
					"rotation": 90,
					"texture": "#0"
				},
				"down": {
					"uv": [14.5, 13, 15, 13.5],
					"rotation": 90,
					"texture": "#0"
				}
			}
		},
		{
			"from": [9.13802, 11.60437, 7.26549],
			"to": [9.74302, 13.72187, 8.71749],
			"rotation": {
				"angle": 0,
				"axis": "y",
				"origin": [8, 0, 8]
			},
			"faces": {
				"north": {
					"uv": [10.5, 13.5, 11.5, 14],
					"rotation": 270,
					"texture": "#0"
				},
				"east": {
					"uv": [14, 13, 13.5, 12],
					"texture": "#0"
				},
				"south": {
					"uv": [12, 13.5, 13, 14],
					"rotation": 90,
					"texture": "#0"
				},
				"west": {
					"uv": [14, 13, 13.5, 14],
					"rotation": 180,
					"texture": "#0"
				},
				"up": {
					"uv": [14.5, 11.5, 15, 12],
					"rotation": 90,
					"texture": "#0"
				},
				"down": {
					"uv": [12, 14.5, 12.5, 15],
					"rotation": 90,
					"texture": "#0"
				}
			}
		},
		{
			"from": [5.06674, 13.51389, 8.14274],
			"to": [6.21624, 15.02639, 8.74774],
			"rotation": {
				"angle": -22.5,
				"axis": "z",
				"origin": [8, 0, 8]
			},
			"faces": {
				"north": {
					"uv": [8, 14, 9, 14.5],
					"rotation": 270,
					"texture": "#0"
				},
				"east": {
					"uv": [10.5, 15, 10, 14],
					"texture": "#0"
				},
				"south": {
					"uv": [14, 8, 15, 8.5],
					"rotation": 90,
					"texture": "#0"
				},
				"west": {
					"uv": [14.5, 10, 14, 11],
					"rotation": 180,
					"texture": "#0"
				},
				"up": {
					"uv": [3.5, 15, 4, 15.5],
					"rotation": 90,
					"texture": "#0"
				},
				"down": {
					"uv": [15, 3.5, 15.5, 4],
					"rotation": 90,
					"texture": "#0"
				}
			}
		},
		{
			"from": [5.20169, 11.9918, 8.14274],
			"to": [6.65369, 13.5043, 8.74774],
			"rotation": {
				"angle": -22.5,
				"axis": "z",
				"origin": [8, 0, 8]
			},
			"faces": {
				"north": {
					"uv": [14, 5, 15, 5.5],
					"rotation": 270,
					"texture": "#0"
				},
				"east": {
					"uv": [7, 15, 6.5, 14],
					"texture": "#0"
				},
				"south": {
					"uv": [14, 7, 15, 7.5],
					"rotation": 90,
					"texture": "#0"
				},
				"west": {
					"uv": [8, 14, 7.5, 15],
					"rotation": 180,
					"texture": "#0"
				},
				"up": {
					"uv": [3, 15, 3.5, 15.5],
					"rotation": 90,
					"texture": "#0"
				},
				"down": {
					"uv": [15, 3, 15.5, 3.5],
					"rotation": 90,
					"texture": "#0"
				}
			}
		},
		{
			"from": [5.20169, 11.3868, 8.02174],
			"to": [6.65369, 11.9918, 8.86874],
			"rotation": {
				"angle": -22.5,
				"axis": "z",
				"origin": [8, 0, 8]
			},
			"faces": {
				"north": {
					"uv": [15, 1.5, 15.5, 2],
					"rotation": 270,
					"texture": "#0"
				},
				"east": {
					"uv": [3, 15.5, 2.5, 15],
					"texture": "#0"
				},
				"south": {
					"uv": [15, 2, 15.5, 2.5],
					"rotation": 90,
					"texture": "#0"
				},
				"west": {
					"uv": [15.5, 2.5, 15, 3],
					"rotation": 180,
					"texture": "#0"
				},
				"up": {
					"uv": [1.5, 15, 2, 15.5],
					"rotation": 90,
					"texture": "#0"
				},
				"down": {
					"uv": [2, 15, 2.5, 15.5],
					"rotation": 90,
					"texture": "#0"
				}
			}
		},
		{
			"from": [5.20169, 9.2693, 8.14274],
			"to": [6.65369, 11.3868, 8.74774],
			"rotation": {
				"angle": -22.5,
				"axis": "z",
				"origin": [8, 0, 8]
			},
			"faces": {
				"north": {
					"uv": [14, 4.5, 15, 5],
					"rotation": 270,
					"texture": "#0"
				},
				"east": {
					"uv": [6.5, 15, 6, 14],
					"texture": "#0"
				},
				"south": {
					"uv": [5, 14, 6, 14.5],
					"rotation": 90,
					"texture": "#0"
				},
				"west": {
					"uv": [14.5, 6, 14, 7],
					"rotation": 180,
					"texture": "#0"
				},
				"up": {
					"uv": [1, 15, 1.5, 15.5],
					"rotation": 90,
					"texture": "#0"
				},
				"down": {
					"uv": [15, 1, 15.5, 1.5],
					"rotation": 90,
					"texture": "#0"
				}
			}
		},
		{
			"from": [9.01702, 9.78937, 7.14449],
			"to": [9.62202, 11.36237, 7.26549],
			"rotation": {
				"angle": 0,
				"axis": "y",
				"origin": [8, 0, 8]
			},
			"faces": {
				"north": {
					"uv": [13, 3.5, 14, 4],
					"rotation": 270,
					"texture": "#0"
				},
				"east": {
					"uv": [6.5, 11, 6, 10],
					"texture": "#0"
				},
				"south": {
					"uv": [13, 4, 14, 4.5],
					"rotation": 90,
					"texture": "#0"
				},
				"west": {
					"uv": [5, 13, 4.5, 14],
					"rotation": 180,
					"texture": "#0"
				},
				"up": {
					"uv": [11, 7.5, 11.5, 8],
					"rotation": 90,
					"texture": "#0"
				},
				"down": {
					"uv": [12, 9, 12.5, 9.5],
					"rotation": 90,
					"texture": "#0"
				}
			}
		},
		{
			"from": [8.23052, 9.78937, 7.14449],
			"to": [8.83552, 11.36237, 7.26549],
			"rotation": {
				"angle": 0,
				"axis": "y",
				"origin": [8, 0, 8]
			},
			"faces": {
				"north": {
					"uv": [13, 4.5, 14, 5],
					"rotation": 270,
					"texture": "#0"
				},
				"east": {
					"uv": [6.5, 14, 6, 13],
					"texture": "#0"
				},
				"south": {
					"uv": [13, 5, 14, 5.5],
					"rotation": 90,
					"texture": "#0"
				},
				"west": {
					"uv": [7, 13, 6.5, 14],
					"rotation": 180,
					"texture": "#0"
				},
				"up": {
					"uv": [0.5, 14.5, 1, 15],
					"rotation": 90,
					"texture": "#0"
				},
				"down": {
					"uv": [1.5, 14.5, 2, 15],
					"rotation": 90,
					"texture": "#0"
				}
			}
		},
		{
			"from": [7.32302, 9.78937, 7.14449],
			"to": [7.92802, 11.36237, 7.26549],
			"rotation": {
				"angle": 0,
				"axis": "y",
				"origin": [8, 0, 8]
			},
			"faces": {
				"north": {
					"uv": [13, 6, 14, 6.5],
					"rotation": 270,
					"texture": "#0"
				},
				"east": {
					"uv": [13.5, 9, 13, 8],
					"texture": "#0"
				},
				"south": {
					"uv": [7.5, 13, 8.5, 13.5],
					"rotation": 90,
					"texture": "#0"
				},
				"west": {
					"uv": [9, 13, 8.5, 14],
					"rotation": 180,
					"texture": "#0"
				},
				"up": {
					"uv": [14.5, 1.5, 15, 2],
					"rotation": 90,
					"texture": "#0"
				},
				"down": {
					"uv": [2, 14.5, 2.5, 15],
					"rotation": 90,
					"texture": "#0"
				}
			}
		},
		{
			"from": [6.59702, 9.78937, 7.14449],
			"to": [7.20202, 11.36237, 7.26549],
			"rotation": {
				"angle": 0,
				"axis": "y",
				"origin": [8, 0, 8]
			},
			"faces": {
				"north": {
					"uv": [9, 13, 10, 13.5],
					"rotation": 270,
					"texture": "#0"
				},
				"east": {
					"uv": [10.5, 14, 10, 13],
					"texture": "#0"
				},
				"south": {
					"uv": [13, 11, 14, 11.5],
					"rotation": 90,
					"texture": "#0"
				},
				"west": {
					"uv": [12, 13, 11.5, 14],
					"rotation": 180,
					"texture": "#0"
				},
				"up": {
					"uv": [14.5, 2, 15, 2.5],
					"rotation": 90,
					"texture": "#0"
				},
				"down": {
					"uv": [2.5, 14.5, 3, 15],
					"rotation": 90,
					"texture": "#0"
				}
			}
		},
		{
			"from": [6.59702, 11.60437, 7.56799],
			"to": [9.86402, 11.90687, 9.01999],
			"rotation": {
				"angle": 0,
				"axis": "y",
				"origin": [8, 0, 8]
			},
			"faces": {
				"north": {
					"uv": [4, 12, 4.5, 13.5],
					"rotation": 270,
					"texture": "#0"
				},
				"east": {
					"uv": [4.5, 2.5, 4, 2],
					"texture": "#0"
				},
				"south": {
					"uv": [7, 12, 7.5, 13.5],
					"rotation": 90,
					"texture": "#0"
				},
				"west": {
					"uv": [10.5, 3.5, 10, 4],
					"rotation": 180,
					"texture": "#0"
				},
				"up": {
					"uv": [1.5, 12, 2, 13.5],
					"rotation": 90,
					"texture": "#0"
				},
				"down": {
					"uv": [5, 12, 5.5, 13.5],
					"rotation": 90,
					"texture": "#0"
				}
			}
		}
	]
}