{
	"credit": "Made with Blockbench",
	"texture_size": [32, 32],
	"textures": {
		"0": "item/doors/equipment/battery",
		"particle": "item/doors/equipment/battery"
	},
	"elements": [
		{
			"from": [6, 5, 4],
			"to": [10, 9, 13],
			"rotation": {"angle": 0, "axis": "y", "origin": [7, 5, 5]},
			"faces": {
				"north": {"uv": [4, 4, 6, 6], "texture": "#0"},
				"east": {"uv": [0, 0, 4.5, 2], "texture": "#0"},
				"south": {"uv": [4.5, 0, 6.5, 2], "texture": "#0"},
				"west": {"uv": [0, 2, 4.5, 4], "texture": "#0"},
				"up": {"uv": [2, 8.5, 0, 4], "texture": "#0"},
				"down": {"uv": [4, 4, 2, 8.5], "texture": "#0"}
			}
		},
		{
			"from": [9, 6, 3.5],
			"to": [10, 8, 4],
			"rotation": {"angle": 0, "axis": "y", "origin": [7, 5, -4]},
			"faces": {
				"north": {"uv": [6, 5.5, 6.5, 6.5], "texture": "#0"},
				"east": {"uv": [6.5, 0, 7, 1], "texture": "#0"},
				"south": {"uv": [6.5, 1, 7, 2], "texture": "#0"},
				"west": {"uv": [6.5, 2, 7, 3], "texture": "#0"},
				"up": {"uv": [7.5, 1, 7, 0.5], "texture": "#0"},
				"down": {"uv": [7.5, 1, 7, 1.5], "texture": "#0"}
			}
		},
		{
			"from": [6, 6, 3.5],
			"to": [7, 8, 4],
			"rotation": {"angle": 0, "axis": "y", "origin": [4, 5, -4]},
			"faces": {
				"north": {"uv": [6.5, 3, 7, 4], "texture": "#0"},
				"east": {"uv": [4, 6.5, 4.5, 7.5], "texture": "#0"},
				"south": {"uv": [4.5, 6.5, 5, 7.5], "texture": "#0"},
				"west": {"uv": [5, 6.5, 5.5, 7.5], "texture": "#0"},
				"up": {"uv": [7.5, 2, 7, 1.5], "texture": "#0"},
				"down": {"uv": [7.5, 2, 7, 2.5], "texture": "#0"}
			}
		},
		{
			"from": [6, 8, 3.5],
			"to": [10, 9, 4],
			"rotation": {"angle": 0, "axis": "z", "origin": [8, 7, 3.5]},
			"faces": {
				"north": {"uv": [4, 6, 6, 6.5], "texture": "#0"},
				"east": {"uv": [7, 3.5, 7.5, 4], "texture": "#0"},
				"south": {"uv": [6, 4, 8, 4.5], "texture": "#0"},
				"west": {"uv": [5.5, 7, 6, 7.5], "texture": "#0"},
				"up": {"uv": [8, 5, 6, 4.5], "texture": "#0"},
				"down": {"uv": [8, 5, 6, 5.5], "texture": "#0"}
			}
		},
		{
			"from": [7.4, 6.4, 3.5],
			"to": [8.6, 7.6, 4],
			"rotation": {"angle": 0, "axis": "z", "origin": [8, 5.5, 3.5]},
			"faces": {
				"north": {"uv": [5.5, 6.5, 6, 7], "texture": "#0"},
				"east": {"uv": [6.5, 5.5, 7, 6], "texture": "#0"},
				"south": {"uv": [6, 6.5, 6.5, 7], "texture": "#0"},
				"west": {"uv": [6.5, 6, 7, 6.5], "texture": "#0"},
				"up": {"uv": [7, 7, 6.5, 6.5], "texture": "#0"},
				"down": {"uv": [7.5, 0, 7, 0.5], "texture": "#0"}
			}
		},
		{
			"from": [6, 5, 3.5],
			"to": [10, 6, 4],
			"rotation": {"angle": 0, "axis": "z", "origin": [8, 7, 3.5]},
			"faces": {
				"north": {"uv": [4.5, 2, 6.5, 2.5], "texture": "#0"},
				"east": {"uv": [7, 2.5, 7.5, 3], "texture": "#0"},
				"south": {"uv": [4.5, 2.5, 6.5, 3], "texture": "#0"},
				"west": {"uv": [7, 3, 7.5, 3.5], "texture": "#0"},
				"up": {"uv": [6.5, 3.5, 4.5, 3], "texture": "#0"},
				"down": {"uv": [6.5, 3.5, 4.5, 4], "texture": "#0"}
			}
		}
	],
	"display": {
		"thirdperson_righthand": {
			"rotation": [90, 0, 0],
			"translation": [0, -2, 0],
			"scale": [0.5, 0.5, 0.5]
		},
		"thirdperson_lefthand": {
			"rotation": [90, 0, 0],
			"translation": [0, -1.75, 0],
			"scale": [0.5, 0.5, 0.5]
		},
		"firstperson_righthand": {
			"rotation": [80, 0, 0]
		},
		"firstperson_lefthand": {
			"rotation": [80, 0, 0]
		},
		"ground": {
			"rotation": [0, 90, 0],
			"translation": [0, 1, 0],
			"scale": [0.7, 0.7, 0.7]
		},
		"gui": {
			"rotation": [114.09, -11.72, -13.75]
		},
		"head": {
			"rotation": [90, 0, 0],
			"translation": [0, 11.25, 1.25]
		},
		"fixed": {
			"rotation": [90, 0, 0],
			"scale": [1.5, 1.5, 1.5]
		}
	}
}