{
	"credit": "Made with Blockbench",
	"textures": {
		"0": "item/doors/equipment/candle_lit",
		"particle": "item/doors/equipment/candle_lit"
	},
	"elements": [
		{
			"from": [7.25, 0, 7.25],
			"to": [8.75, 0.15, 8.75],
			"rotation": {"angle": 0, "axis": "y", "origin": [7, 0, 7]},
			"faces": {
				"north": {"uv": [8, 0, 9.5, 0.25], "texture": "#0"},
				"east": {"uv": [8, 1, 9.5, 1.25], "texture": "#0"},
				"south": {"uv": [8, 2, 9.5, 2.25], "texture": "#0"},
				"west": {"uv": [3, 8, 4.5, 8.25], "texture": "#0"},
				"up": {"uv": [1.5, 1.5, 0, 0], "texture": "#0"},
				"down": {"uv": [1.5, 2, 0, 3.5], "texture": "#0"}
			}
		},
		{
			"from": [7.25, 0.2, 7.25],
			"to": [8.75, 0.35, 8.75],
			"rotation": {"angle": 0, "axis": "y", "origin": [7, 0.2, 7]},
			"faces": {
				"north": {"uv": [0, 9, 1.5, 9.25], "texture": "#0"},
				"east": {"uv": [2, 9, 3.5, 9.25], "texture": "#0"},
				"south": {"uv": [4, 9, 5.5, 9.25], "texture": "#0"},
				"west": {"uv": [6, 9, 7.5, 9.25], "texture": "#0"},
				"up": {"uv": [3.5, 1.5, 2, 0], "texture": "#0"},
				"down": {"uv": [3.5, 2, 2, 3.5], "texture": "#0"}
			}
		},
		{
			"from": [7.35, 0.1, 7.35],
			"to": [8.65, 0.25, 8.65],
			"rotation": {"angle": 0, "axis": "y", "origin": [7, 0.1, 7]},
			"faces": {
				"north": {"uv": [9, 7, 10.25, 7.25], "texture": "#0"},
				"east": {"uv": [8, 9, 9.25, 9.25], "texture": "#0"},
				"south": {"uv": [9, 8, 10.25, 8.25], "texture": "#0"},
				"west": {"uv": [0, 10, 1.25, 10.25], "texture": "#0"},
				"up": {"uv": [1.25, 5.25, 0, 4], "texture": "#0"},
				"down": {"uv": [5.25, 0, 4, 1.25], "texture": "#0"}
			}
		},
		{
			"from": [8.75, 0.25, 7.25],
			"to": [9.25, 0.5, 8.75],
			"rotation": {"angle": 0, "axis": "y", "origin": [8.75, 0.25, 7]},
			"faces": {
				"north": {"uv": [10, 10, 10.5, 10.25], "texture": "#0"},
				"east": {"uv": [8, 3, 9.5, 3.25], "texture": "#0"},
				"south": {"uv": [0, 11, 0.5, 11.25], "texture": "#0"},
				"west": {"uv": [8, 4, 9.5, 4.25], "texture": "#0"},
				"up": {"uv": [5.5, 5.5, 5, 4], "texture": "#0"},
				"down": {"uv": [0.5, 6, 0, 7.5], "texture": "#0"}
			}
		},
		{
			"from": [6.75, 0.25, 7.25],
			"to": [7.25, 0.5, 8.75],
			"rotation": {"angle": 0, "axis": "y", "origin": [5.75, 0.25, 7]},
			"faces": {
				"north": {"uv": [11, 0, 11.5, 0.25], "texture": "#0"},
				"east": {"uv": [5, 8, 6.5, 8.25], "texture": "#0"},
				"south": {"uv": [1, 11, 1.5, 11.25], "texture": "#0"},
				"west": {"uv": [8, 5, 9.5, 5.25], "texture": "#0"},
				"up": {"uv": [6.5, 1.5, 6, 0], "texture": "#0"},
				"down": {"uv": [1.5, 6, 1, 7.5], "texture": "#0"}
			}
		},
		{
			"from": [7, 0.25, 7],
			"to": [7.25, 0.5, 7.25],
			"rotation": {"angle": 0, "axis": "y", "origin": [5.75, 0.25, 6.75]},
			"faces": {
				"north": {"uv": [11, 10, 11.25, 10.25], "texture": "#0"},
				"east": {"uv": [11, 11, 11.25, 11.25], "texture": "#0"},
				"south": {"uv": [0, 12, 0.25, 12.25], "texture": "#0"},
				"west": {"uv": [12, 0, 12.25, 0.25], "texture": "#0"},
				"up": {"uv": [1.25, 12.25, 1, 12], "texture": "#0"},
				"down": {"uv": [12.25, 1, 12, 1.25], "texture": "#0"}
			}
		},
		{
			"from": [7, 0.25, 8.75],
			"to": [7.25, 0.5, 9],
			"rotation": {"angle": 0, "axis": "y", "origin": [5.75, 0.25, 8.5]},
			"faces": {
				"north": {"uv": [2, 12, 2.25, 12.25], "texture": "#0"},
				"east": {"uv": [12, 2, 12.25, 2.25], "texture": "#0"},
				"south": {"uv": [3, 12, 3.25, 12.25], "texture": "#0"},
				"west": {"uv": [12, 3, 12.25, 3.25], "texture": "#0"},
				"up": {"uv": [4.25, 12.25, 4, 12], "texture": "#0"},
				"down": {"uv": [12.25, 4, 12, 4.25], "texture": "#0"}
			}
		},
		{
			"from": [8.75, 0.25, 8.75],
			"to": [9, 0.5, 9],
			"rotation": {"angle": 0, "axis": "y", "origin": [7.5, 0.25, 8.5]},
			"faces": {
				"north": {"uv": [8, 12, 8.25, 12.25], "texture": "#0"},
				"east": {"uv": [12, 8, 12.25, 8.25], "texture": "#0"},
				"south": {"uv": [9, 12, 9.25, 12.25], "texture": "#0"},
				"west": {"uv": [12, 9, 12.25, 9.25], "texture": "#0"},
				"up": {"uv": [10.25, 12.25, 10, 12], "texture": "#0"},
				"down": {"uv": [12.25, 10, 12, 10.25], "texture": "#0"}
			}
		},
		{
			"from": [8.75, 0.25, 7],
			"to": [9, 0.5, 7.25],
			"rotation": {"angle": 0, "axis": "y", "origin": [7.5, 0.25, 6.75]},
			"faces": {
				"north": {"uv": [5, 12, 5.25, 12.25], "texture": "#0"},
				"east": {"uv": [12, 5, 12.25, 5.25], "texture": "#0"},
				"south": {"uv": [6, 12, 6.25, 12.25], "texture": "#0"},
				"west": {"uv": [12, 6, 12.25, 6.25], "texture": "#0"},
				"up": {"uv": [7.25, 12.25, 7, 12], "texture": "#0"},
				"down": {"uv": [12.25, 7, 12, 7.25], "texture": "#0"}
			}
		},
		{
			"from": [7.25, 0.25, 6.75],
			"to": [8.75, 0.5, 7.25],
			"rotation": {"angle": 0, "axis": "y", "origin": [7.25, 0.25, 5.25]},
			"faces": {
				"north": {"uv": [7, 7, 8.5, 7.25], "texture": "#0"},
				"east": {"uv": [9, 10, 9.5, 10.25], "texture": "#0"},
				"south": {"uv": [0, 8, 1.5, 8.25], "texture": "#0"},
				"west": {"uv": [10, 9, 10.5, 9.25], "texture": "#0"},
				"up": {"uv": [6.5, 2.5, 5, 2], "texture": "#0"},
				"down": {"uv": [6.5, 3, 5, 3.5], "texture": "#0"}
			}
		},
		{
			"from": [7.25, 0.25, 8.75],
			"to": [8.75, 0.5, 9.25],
			"rotation": {"angle": 0, "axis": "y", "origin": [7.25, 0.25, 8.75]},
			"faces": {
				"north": {"uv": [8, 6, 9.5, 6.25], "texture": "#0"},
				"east": {"uv": [11, 1, 11.5, 1.25], "texture": "#0"},
				"south": {"uv": [7, 8, 8.5, 8.25], "texture": "#0"},
				"west": {"uv": [2, 11, 2.5, 11.25], "texture": "#0"},
				"up": {"uv": [3.5, 6.5, 2, 6], "texture": "#0"},
				"down": {"uv": [5.5, 6, 4, 6.5], "texture": "#0"}
			}
		},
		{
			"from": [7.65, 0.1, 7.65],
			"to": [8.35, 1.35, 8.35],
			"rotation": {"angle": 0, "axis": "y", "origin": [7, 0.1, 7]},
			"faces": {
				"north": {"uv": [2, 4, 2.75, 5.25], "texture": "#0"},
				"east": {"uv": [4, 2, 4.75, 3.25], "texture": "#0"},
				"south": {"uv": [3, 4, 3.75, 5.25], "texture": "#0"},
				"west": {"uv": [4, 4, 4.75, 5.25], "texture": "#0"},
				"up": {"uv": [7.75, 2.75, 7, 2], "texture": "#0"},
				"down": {"uv": [3.75, 7, 3, 7.75], "texture": "#0"}
			}
		},
		{
			"from": [7.75, 0.3, 7.95],
			"to": [8.45, 0.45, 8.65],
			"rotation": {"angle": 0, "axis": "y", "origin": [7.1, 0.1, 7.3]},
			"faces": {
				"north": {"uv": [4, 10, 4.75, 10.25], "texture": "#0"},
				"east": {"uv": [10, 4, 10.75, 4.25], "texture": "#0"},
				"south": {"uv": [5, 10, 5.75, 10.25], "texture": "#0"},
				"west": {"uv": [10, 5, 10.75, 5.25], "texture": "#0"},
				"up": {"uv": [7.75, 3.75, 7, 3], "texture": "#0"},
				"down": {"uv": [4.75, 7, 4, 7.75], "texture": "#0"}
			}
		},
		{
			"from": [7.35, 0.3, 7.35],
			"to": [8.05, 0.45, 8.05],
			"rotation": {"angle": 0, "axis": "y", "origin": [6.7, 0.1, 6.7]},
			"faces": {
				"north": {"uv": [6, 10, 6.75, 10.25], "texture": "#0"},
				"east": {"uv": [10, 6, 10.75, 6.25], "texture": "#0"},
				"south": {"uv": [7, 10, 7.75, 10.25], "texture": "#0"},
				"west": {"uv": [8, 10, 8.75, 10.25], "texture": "#0"},
				"up": {"uv": [7.75, 4.75, 7, 4], "texture": "#0"},
				"down": {"uv": [5.75, 7, 5, 7.75], "texture": "#0"}
			}
		},
		{
			"from": [8.35, 0.3, 7.45],
			"to": [8.65, 0.45, 7.75],
			"rotation": {"angle": 0, "axis": "y", "origin": [7.3, 0.1, 6.8]},
			"faces": {
				"north": {"uv": [11, 12, 11.25, 12.25], "texture": "#0"},
				"east": {"uv": [12, 11, 12.25, 11.25], "texture": "#0"},
				"south": {"uv": [12, 12, 12.25, 12.25], "texture": "#0"},
				"west": {"uv": [0, 13, 0.25, 13.25], "texture": "#0"},
				"up": {"uv": [13.25, 0.25, 13, 0], "texture": "#0"},
				"down": {"uv": [1.25, 13, 1, 13.25], "texture": "#0"}
			}
		},
		{
			"from": [7.7, 1.35, 7.7],
			"to": [8.3, 2.6, 8.3],
			"rotation": {"angle": 0, "axis": "y", "origin": [8, 1.975, 8]},
			"faces": {
				"north": {"uv": [6, 4, 6.5, 5.25], "texture": "#0"},
				"east": {"uv": [6, 6, 6.5, 7.25], "texture": "#0"},
				"south": {"uv": [7, 0, 7.5, 1.25], "texture": "#0"},
				"west": {"uv": [2, 7, 2.5, 8.25], "texture": "#0"},
				"up": {"uv": [10.5, 0.5, 10, 0], "texture": "#0"},
				"down": {"uv": [10.5, 1, 10, 1.5], "texture": "#0"}
			}
		},
		{
			"from": [7.85, 2.6, 8],
			"to": [8.15, 3.3, 8],
			"rotation": {"angle": 0, "axis": "y", "origin": [7, 2.35, 7.1]},
			"faces": {
				"north": {"uv": [2, 10, 2.25, 10.75], "texture": "#0"},
				"east": {"uv": [0, 0, 0, 0.75], "texture": "#0"},
				"south": {"uv": [10, 2, 10.25, 2.75], "texture": "#0"},
				"west": {"uv": [0, 0, 0, 0.75], "texture": "#0"},
				"up": {"uv": [0.25, 0, 0, 0], "texture": "#0"},
				"down": {"uv": [0.25, 0, 0, 0], "texture": "#0"}
			}
		},
		{
			"from": [7.65, 3.2, 7.999],
			"to": [8.35, 3.95, 7.999],
			"rotation": {"angle": 0, "axis": "y", "origin": [7, 2.95, 7]},
			"faces": {
				"north": {"uv": [7, 5, 7.75, 5.75], "texture": "#0"},
				"east": {"uv": [0, 0, 0, 0.75], "texture": "#0"},
				"south": {"uv": [7, 6, 7.75, 6.75], "texture": "#0"},
				"west": {"uv": [0, 0, 0, 0.75], "texture": "#0"},
				"up": {"uv": [0.75, 0, 0, 0], "texture": "#0"},
				"down": {"uv": [0.75, 0, 0, 0], "texture": "#0"}
			}
		},
		{
			"from": [7.65, 3.2, 8.001],
			"to": [8.35, 3.95, 8.001],
			"rotation": {"angle": 0, "axis": "y", "origin": [7, 2.95, 7]},
			"faces": {
				"north": {"uv": [7, 5, 7.75, 5.75], "texture": "#0"},
				"east": {"uv": [0, 0, 0, 0.75], "texture": "#0"},
				"south": {"uv": [7, 6, 7.75, 6.75], "texture": "#0"},
				"west": {"uv": [0, 0, 0, 0.75], "texture": "#0"},
				"up": {"uv": [0.75, 0, 0, 0], "texture": "#0"},
				"down": {"uv": [0.75, 0, 0, 0], "texture": "#0"}
			}
		},
		{
			"from": [8.001, 3.2, 7.65],
			"to": [8.001, 3.95, 8.35],
			"rotation": {"angle": 0, "axis": "y", "origin": [8, 3.675, 8]},
			"faces": {
				"north": {"uv": [0, 0, 0, 0.75], "texture": "#0"},
				"east": {"uv": [7, 6, 7.75, 6.75], "texture": "#0"},
				"south": {"uv": [0, 0, 0, 0.75], "texture": "#0"},
				"west": {"uv": [7, 5, 7.75, 5.75], "texture": "#0"},
				"up": {"uv": [0.75, 0, 0, 0], "rotation": 270, "texture": "#0"},
				"down": {"uv": [0.75, 0, 0, 0], "rotation": 90, "texture": "#0"}
			}
		},
		{
			"from": [7.999, 3.2, 7.65],
			"to": [7.999, 3.95, 8.35],
			"rotation": {"angle": 0, "axis": "y", "origin": [8, 3.675, 8]},
			"faces": {
				"north": {"uv": [0, 0, 0, 0.75], "texture": "#0"},
				"east": {"uv": [7, 6, 7.75, 6.75], "texture": "#0"},
				"south": {"uv": [0, 0, 0, 0.75], "texture": "#0"},
				"west": {"uv": [7, 5, 7.75, 5.75], "texture": "#0"},
				"up": {"uv": [0.75, 0, 0, 0], "rotation": 270, "texture": "#0"},
				"down": {"uv": [0.75, 0, 0, 0], "rotation": 90, "texture": "#0"}
			}
		},
		{
			"from": [8, 2.6, 7.85],
			"to": [8, 3.3, 8.15],
			"rotation": {"angle": 0, "axis": "y", "origin": [8, 2.825, 8]},
			"faces": {
				"north": {"uv": [0, 0, 0, 0.75], "texture": "#0"},
				"east": {"uv": [3, 10, 3.25, 10.75], "texture": "#0"},
				"south": {"uv": [0, 0, 0, 0.75], "texture": "#0"},
				"west": {"uv": [10, 3, 10.25, 3.75], "texture": "#0"},
				"up": {"uv": [0, 0.25, 0, 0], "texture": "#0"},
				"down": {"uv": [0, 0, 0, 0.25], "texture": "#0"}
			}
		},
		{
			"from": [6.65, 0.25, 7.95],
			"to": [6.75, 0.8, 8.05],
			"rotation": {"angle": 0, "axis": "y", "origin": [5.25, 0.25, 7.7]},
			"faces": {
				"north": {"uv": [11, 2, 11.25, 2.5], "texture": "#0"},
				"east": {"uv": [3, 11, 3.25, 11.5], "texture": "#0"},
				"south": {"uv": [11, 3, 11.25, 3.5], "texture": "#0"},
				"west": {"uv": [4, 11, 4.25, 11.5], "texture": "#0"},
				"up": {"uv": [13.25, 1.25, 13, 1], "texture": "#0"},
				"down": {"uv": [2.25, 13, 2, 13.25], "texture": "#0"}
			}
		},
		{
			"from": [6.15, 0.25, 7.95],
			"to": [6.25, 0.8, 8.05],
			"rotation": {"angle": 0, "axis": "y", "origin": [4.75, 0.25, 7.7]},
			"faces": {
				"north": {"uv": [11, 4, 11.25, 4.5], "texture": "#0"},
				"east": {"uv": [5, 11, 5.25, 11.5], "texture": "#0"},
				"south": {"uv": [11, 5, 11.25, 5.5], "texture": "#0"},
				"west": {"uv": [6, 11, 6.25, 11.5], "texture": "#0"},
				"up": {"uv": [13.25, 2.25, 13, 2], "texture": "#0"},
				"down": {"uv": [3.25, 13, 3, 13.25], "texture": "#0"}
			}
		},
		{
			"from": [6.25, 0.7, 7.95],
			"to": [6.65, 0.8, 8.05],
			"rotation": {"angle": 0, "axis": "z", "origin": [6.4, 0.725, 8]},
			"faces": {
				"north": {"uv": [11, 6, 11.5, 6.25], "texture": "#0"},
				"east": {"uv": [13, 3, 13.25, 3.25], "texture": "#0"},
				"south": {"uv": [7, 11, 7.5, 11.25], "texture": "#0"},
				"west": {"uv": [4, 13, 4.25, 13.25], "texture": "#0"},
				"up": {"uv": [11.5, 7.25, 11, 7], "texture": "#0"},
				"down": {"uv": [8.5, 11, 8, 11.25], "texture": "#0"}
			}
		},
		{
			"from": [6.25, 0.25, 7.95],
			"to": [6.65, 0.35, 8.05],
			"rotation": {"angle": 0, "axis": "z", "origin": [6.4, 0.225, 8]},
			"faces": {
				"north": {"uv": [11, 8, 11.5, 8.25], "texture": "#0"},
				"east": {"uv": [13, 4, 13.25, 4.25], "texture": "#0"},
				"south": {"uv": [9, 11, 9.5, 11.25], "texture": "#0"},
				"west": {"uv": [5, 13, 5.25, 13.25], "texture": "#0"},
				"up": {"uv": [11.5, 9.25, 11, 9], "texture": "#0"},
				"down": {"uv": [10.5, 11, 10, 11.25], "texture": "#0"}
			}
		}
	],
	"display": {
		"thirdperson_righthand": {
			"translation": [0, 15.5, 0],
			"scale": [2, 2, 2]
		},
		"thirdperson_lefthand": {
			"translation": [0, 15.5, 0],
			"scale": [2, 2, 2]
		},
		"firstperson_righthand": {
			"translation": [0, 15.75, 0],
			"scale": [2, 2, 2]
		},
		"firstperson_lefthand": {
			"translation": [0, 15.75, 0],
			"scale": [2, 2, 2]
		},
		"ground": {
			"translation": [0, 12.25, 0],
			"scale": [2, 2, 2]
		},
		"gui": {
			"rotation": [-0.74, -21.74, -5.04],
			"translation": [2.5, 25.5, 0],
			"scale": [4, 4, 4]
		},
		"head": {
			"translation": [0, 38.25, 0],
			"scale": [4, 4, 4]
		},
		"fixed": {
			"translation": [0, 25.5, 0],
			"scale": [4, 4, 4]
		}
	},
	"groups": [
		{
			"name": "Plate",
			"origin": [7.25, 0.25, 8.75],
			"color": 0,
			"children": [0, 1, 2, 3, 4, 5, 6, 7, 8, 9, 10]
		},
		11,
		12,
		13,
		14,
		15,
		16,
		17,
		18,
		19,
		20,
		21,
		22,
		23,
		24,
		25
	]
}