{
	"credit": "Made with Blockbench",
	"texture_size": [32, 32],
	"textures": {
		"0": "item/doors/equipment/crucifix_active",
		"particle": "item/doors/equipment/crucifix_active"
	},
	"elements": [
		{
			"from": [7, 0, 7],
			"to": [9, 15, 9],
			"rotation": {"angle": 0, "axis": "y", "origin": [7, 0, 7]},
			"faces": {
				"north": {"uv": [0, 0, 1, 7.5], "texture": "#0"},
				"east": {"uv": [1, 0, 2, 7.5], "texture": "#0"},
				"south": {"uv": [2, 0, 3, 7.5], "texture": "#0"},
				"west": {"uv": [3, 0, 4, 7.5], "texture": "#0"},
				"up": {"uv": [6.5, 8, 5.5, 7], "texture": "#0"},
				"down": {"uv": [8, 5.5, 7, 6.5], "texture": "#0"}
			}
		},
		{
			"from": [4, 10, 7.1],
			"to": [12, 12, 8.9],
			"rotation": {"angle": 0, "axis": "y", "origin": [7, 10, 7]},
			"faces": {
				"north": {"uv": [4, 0, 8, 1], "texture": "#0"},
				"east": {"uv": [6.5, 7, 7.5, 8], "texture": "#0"},
				"south": {"uv": [4, 1, 8, 2], "texture": "#0"},
				"west": {"uv": [0, 7.5, 1, 8.5], "texture": "#0"},
				"up": {"uv": [8, 3, 4, 2], "texture": "#0"},
				"down": {"uv": [8, 3, 4, 4], "texture": "#0"}
			}
		},
		{
			"from": [6.5, 15, 6.75],
			"to": [9.5, 16, 9.25],
			"rotation": {"angle": 0, "axis": "y", "origin": [7, 15, 7]},
			"faces": {
				"north": {"uv": [7, 6.5, 8.5, 7], "texture": "#0"},
				"east": {"uv": [1, 7.5, 2.5, 8], "texture": "#0"},
				"south": {"uv": [2.5, 7.5, 4, 8], "texture": "#0"},
				"west": {"uv": [7.5, 7, 9, 7.5], "texture": "#0"},
				"up": {"uv": [5.5, 5.5, 4, 4], "texture": "#0"},
				"down": {"uv": [5.5, 5.5, 4, 7], "texture": "#0"}
			}
		},
		{
			"from": [3, 9.5, 6.75],
			"to": [4, 12.5, 9.25],
			"rotation": {"angle": 0, "axis": "y", "origin": [4, 10, 7]},
			"faces": {
				"north": {"uv": [7.5, 7.5, 8, 9], "texture": "#0"},
				"east": {"uv": [5.5, 4, 7, 5.5], "texture": "#0"},
				"south": {"uv": [8, 0, 8.5, 1.5], "texture": "#0"},
				"west": {"uv": [5.5, 5.5, 7, 7], "texture": "#0"},
				"up": {"uv": [1.5, 9.5, 1, 8], "texture": "#0"},
				"down": {"uv": [2, 8, 1.5, 9.5], "texture": "#0"}
			}
		},
		{
			"from": [12, 9.5, 6.75],
			"to": [13, 12.5, 9.25],
			"rotation": {"angle": 0, "axis": "y", "origin": [13, 10, 7]},
			"faces": {
				"north": {"uv": [8, 1.5, 8.5, 3], "texture": "#0"},
				"east": {"uv": [4, 7, 5.5, 8.5], "texture": "#0"},
				"south": {"uv": [2, 8, 2.5, 9.5], "texture": "#0"},
				"west": {"uv": [7, 4, 8.5, 5.5], "texture": "#0"},
				"up": {"uv": [3, 9.5, 2.5, 8], "texture": "#0"},
				"down": {"uv": [3.5, 8, 3, 9.5], "texture": "#0"}
			}
		}
	],
	"gui_light": "front",
	"display": {
		"thirdperson_righthand": {
			"translation": [0, 2.25, 2],
			"scale": [0.7, 0.7, 0.7]
		},
		"thirdperson_lefthand": {
			"rotation": [49.75, 0, 0],
			"translation": [0, 2.25, 4.75],
			"scale": [0.7, 0.7, 0.7]
		},
		"firstperson_righthand": {
			"rotation": [-29.84, 4.33, 2.49],
			"translation": [-4.25, -1, -2.75]
		},
		"firstperson_lefthand": {
			"rotation": [-29.84, 4.33, 2.49],
			"translation": [-4.25, -1, -2.75]
		},
		"ground": {
			"translation": [0, 2, 0],
			"scale": [0.7, 0.7, 0.7]
		},
		"gui": {
			"rotation": [-3.5, -27, 20],
			"translation": [0.75, 0, 0]
		},
		"head": {
			"translation": [0, 14.5, 0]
		},
		"fixed": {
			"scale": [1.2, 1.2, 1.2]
		}
	},
	"groups": [
		{
			"name": "root",
			"origin": [13, 10, 0],
			"color": 0,
			"children": [0, 1, 2, 3, 4]
		}
	]
}