{
	"credit": "Made with Blockbench",
	"texture_size": [64, 64],
	"textures": {
		"1": "item/doors/equipment/flashlight_on",
		"particle": "item/doors/equipment/flashlight_on"
	},
	"elements": [
		{
			"name": "octagon",
			"from": [6.77, 7.40353, 4.37],
			"to": [9.65, 8.59647, 11.61],
			"rotation": {"angle": 45, "axis": "z", "origin": [8.21, 8, 8]},
			"faces": {
				"north": {"uv": [7, 6, 8.5, 6.5], "texture": "#1"},
				"east": {"uv": [7, 5, 10.5, 5.5], "texture": "#1"},
				"south": {"uv": [7.5, 4, 9, 4.5], "texture": "#1"},
				"west": {"uv": [7, 5.5, 10.5, 6], "texture": "#1"},
				"up": {"uv": [5.5, 5, 4, 1.5], "texture": "#1"},
				"down": {"uv": [1.5, 4.5, 0, 8], "texture": "#1"}
			}
		},
		{
			"name": "octagon",
			"from": [7.02, 7.52853, 4.37],
			"to": [9.4, 8.47147, 11.63],
			"rotation": {"angle": 0, "axis": "y", "origin": [8.46, 8.375, 8]},
			"faces": {
				"north": {"uv": [14.5, 5.5, 15.095, 5.73574], "texture": "#1"},
				"east": {"uv": [12, 3, 13.815, 3.23574], "texture": "#1"},
				"south": {"uv": [6, 14.5, 6.595, 14.73574], "texture": "#1"},
				"west": {"uv": [12, 3.5, 13.815, 3.73574], "texture": "#1"},
				"up": {"uv": [3.095, 9.815, 2.5, 8], "texture": "#1"},
				"down": {"uv": [8.595, 7, 8, 8.815], "texture": "#1"}
			}
		},
		{
			"name": "octagon",
			"from": [7.61353, 6.56, 4.37],
			"to": [8.80647, 9.44, 11.62],
			"rotation": {"angle": 45, "axis": "z", "origin": [8.21, 8, 8]},
			"faces": {
				"north": {"uv": [7.5, 1.5, 8, 3], "texture": "#1"},
				"east": {"uv": [0, 0, 3.75, 1.5], "texture": "#1"},
				"south": {"uv": [5, 11.5, 5.5, 13], "texture": "#1"},
				"west": {"uv": [0, 1.5, 3.75, 3], "texture": "#1"},
				"up": {"uv": [7.5, 10.75, 7, 7], "texture": "#1"},
				"down": {"uv": [8, 7, 7.5, 10.75], "texture": "#1"}
			}
		},
		{
			"name": "octagon",
			"from": [7.61353, 6.56, 4.37],
			"to": [8.80647, 9.44, 11.64],
			"rotation": {"angle": 0, "axis": "y", "origin": [8.21, 8, 8]},
			"faces": {
				"north": {"uv": [0, 12, 0.5, 13.5], "texture": "#1"},
				"east": {"uv": [0, 3, 3.75, 4.5], "texture": "#1"},
				"south": {"uv": [0.5, 12, 1, 13.5], "texture": "#1"},
				"west": {"uv": [4, 0, 7.75, 1.5], "texture": "#1"},
				"up": {"uv": [0.5, 11.75, 0, 8], "texture": "#1"},
				"down": {"uv": [8.5, 0, 8, 3.75], "texture": "#1"}
			}
		},
		{
			"name": "octagon",
			"from": [7.81353, 7.56, 5.52],
			"to": [8.60647, 9.49, 7.29],
			"rotation": {"angle": 0, "axis": "y", "origin": [8.21, 9, 6.4]},
			"faces": {
				"north": {"uv": [7.5, 3, 8, 4], "texture": "#1"},
				"east": {"uv": [11.5, 2, 12.5, 3], "texture": "#1"},
				"south": {"uv": [12.5, 6, 13, 7], "texture": "#1"},
				"west": {"uv": [10.5, 11.5, 11.5, 12.5], "texture": "#1"},
				"up": {"uv": [13, 8, 12.5, 7], "texture": "#1"},
				"down": {"uv": [13, 8, 12.5, 9], "texture": "#1"}
			}
		},
		{
			"name": "octagon",
			"from": [7.88853, 8.76, 5.72],
			"to": [8.53147, 9.54, 7.09],
			"rotation": {"angle": 22.5, "axis": "x", "origin": [8.21, 9.15, 6.405]},
			"faces": {
				"north": {"uv": [7.5, 14.5, 7.75, 15], "texture": "#1"},
				"east": {"uv": [0, 13.5, 0.75, 14], "texture": "#1"},
				"south": {"uv": [14.5, 7.5, 14.75, 8], "texture": "#1"},
				"west": {"uv": [13.5, 0, 14.25, 0.5], "texture": "#1"},
				"up": {"uv": [3.25, 15.25, 3, 14.5], "texture": "#1"},
				"down": {"uv": [3.75, 14.5, 3.5, 15.25], "texture": "#1"}
			}
		},
		{
			"name": "octagon",
			"from": [7.88853, 8.76, 6.47],
			"to": [8.53147, 9.54, 7.065],
			"rotation": {"angle": 0, "axis": "y", "origin": [8.21, 9.15, 6.58625]},
			"faces": {
				"north": {"uv": [14.5, 8, 14.75, 8.5], "texture": "#1"},
				"east": {"uv": [8.5, 14.5, 8.75, 15], "texture": "#1"},
				"south": {"uv": [14.5, 8.5, 14.75, 9], "texture": "#1"},
				"west": {"uv": [9, 14.5, 9.25, 15], "texture": "#1"},
				"up": {"uv": [1.25, 15.25, 1, 15], "texture": "#1"},
				"down": {"uv": [15.25, 1, 15, 1.25], "texture": "#1"}
			}
		},
		{
			"name": "octagon",
			"from": [6.77, 7.57853, 4.87],
			"to": [7.65, 8.42147, 5.63],
			"rotation": {"angle": 0, "axis": "y", "origin": [8.21, 8.25, 8]},
			"faces": {
				"north": {"uv": [5, 14.5, 5.22, 14.71074], "texture": "#1"},
				"east": {"uv": [11.5, 11, 11.69, 11.21074], "texture": "#1"},
				"south": {"uv": [14.5, 5, 14.72, 5.21074], "texture": "#1"},
				"west": {"uv": [11.5, 11.5, 11.69, 11.71074], "texture": "#1"},
				"up": {"uv": [1.72, 8.19, 1.5, 8], "texture": "#1"},
				"down": {"uv": [2.22, 8, 2, 8.19], "texture": "#1"}
			}
		},
		{
			"name": "octagon",
			"from": [6.77, 8.40353, 4.37],
			"to": [7.65, 8.59647, 11.63],
			"rotation": {"angle": 0, "axis": "y", "origin": [8.21, 8.75, 8]},
			"faces": {
				"north": {"uv": [5, 14.5, 5.22, 14.71074], "texture": "#1"},
				"east": {"uv": [11.5, 11, 11.69, 11.21074], "texture": "#1"},
				"south": {"uv": [14.5, 5, 14.72, 5.21074], "texture": "#1"},
				"west": {"uv": [11.5, 11.5, 11.69, 11.71074], "texture": "#1"},
				"up": {"uv": [1.72, 8.19, 1.5, 8], "texture": "#1"},
				"down": {"uv": [2.22, 8, 2, 8.19], "texture": "#1"}
			}
		},
		{
			"name": "octagon",
			"from": [6.77, 7.40353, 4.37],
			"to": [7.65, 7.59647, 11.63],
			"rotation": {"angle": 0, "axis": "y", "origin": [8.21, 8, 8]},
			"faces": {
				"north": {"uv": [5, 14.5, 5.22, 14.71074], "texture": "#1"},
				"east": {"uv": [11.5, 11, 11.69, 11.21074], "texture": "#1"},
				"south": {"uv": [14.5, 5, 14.72, 5.21074], "texture": "#1"},
				"west": {"uv": [11.5, 11.5, 11.69, 11.71074], "texture": "#1"},
				"up": {"uv": [1.72, 8.19, 1.5, 8], "texture": "#1"},
				"down": {"uv": [2.22, 8, 2, 8.19], "texture": "#1"}
			}
		},
		{
			"name": "octagon",
			"from": [6.77, 7.57853, 10.87],
			"to": [7.65, 8.42147, 11.63],
			"rotation": {"angle": 0, "axis": "y", "origin": [8.21, 8.25, 14]},
			"faces": {
				"north": {"uv": [5, 14.5, 5.22, 14.71074], "texture": "#1"},
				"east": {"uv": [11.5, 11, 11.69, 11.21074], "texture": "#1"},
				"south": {"uv": [14.5, 5, 14.72, 5.21074], "texture": "#1"},
				"west": {"uv": [11.5, 11.5, 11.69, 11.71074], "texture": "#1"},
				"up": {"uv": [1.72, 8.19, 1.5, 8], "texture": "#1"},
				"down": {"uv": [2.22, 8, 2, 8.19], "texture": "#1"}
			}
		},
		{
			"name": "octagon",
			"from": [8.77, 7.57853, 10.87],
			"to": [9.65, 8.42147, 11.63],
			"rotation": {"angle": 0, "axis": "y", "origin": [10.21, 8.25, 14]},
			"faces": {
				"north": {"uv": [5, 14.5, 5.22, 14.71074], "texture": "#1"},
				"east": {"uv": [11.5, 11, 11.69, 11.21074], "texture": "#1"},
				"south": {"uv": [14.5, 5, 14.72, 5.21074], "texture": "#1"},
				"west": {"uv": [11.5, 11.5, 11.69, 11.71074], "texture": "#1"},
				"up": {"uv": [1.72, 8.19, 1.5, 8], "texture": "#1"},
				"down": {"uv": [2.22, 8, 2, 8.19], "texture": "#1"}
			}
		},
		{
			"name": "octagon",
			"from": [8.77, 7.40353, 4.37],
			"to": [9.65, 7.59647, 11.63],
			"rotation": {"angle": 0, "axis": "y", "origin": [10.21, 8, 8]},
			"faces": {
				"north": {"uv": [5, 14.5, 5.22, 14.71074], "texture": "#1"},
				"east": {"uv": [11.5, 11, 11.69, 11.21074], "texture": "#1"},
				"south": {"uv": [14.5, 5, 14.72, 5.21074], "texture": "#1"},
				"west": {"uv": [11.5, 11.5, 11.69, 11.71074], "texture": "#1"},
				"up": {"uv": [1.72, 8.19, 1.5, 8], "texture": "#1"},
				"down": {"uv": [2.22, 8, 2, 8.19], "texture": "#1"}
			}
		},
		{
			"name": "octagon",
			"from": [8.77, 7.57853, 4.87],
			"to": [9.65, 8.42147, 5.63],
			"rotation": {"angle": 0, "axis": "y", "origin": [10.21, 8.25, 8]},
			"faces": {
				"north": {"uv": [5, 14.5, 5.22, 14.71074], "texture": "#1"},
				"east": {"uv": [11.5, 11, 11.69, 11.21074], "texture": "#1"},
				"south": {"uv": [14.5, 5, 14.72, 5.21074], "texture": "#1"},
				"west": {"uv": [11.5, 11.5, 11.69, 11.71074], "texture": "#1"},
				"up": {"uv": [1.72, 8.19, 1.5, 8], "texture": "#1"},
				"down": {"uv": [2.22, 8, 2, 8.19], "texture": "#1"}
			}
		},
		{
			"name": "octagon",
			"from": [8.77, 8.40353, 4.37],
			"to": [9.65, 8.59647, 11.63],
			"rotation": {"angle": 0, "axis": "y", "origin": [10.21, 8.75, 8]},
			"faces": {
				"north": {"uv": [5, 14.5, 5.22, 14.71074], "texture": "#1"},
				"east": {"uv": [11.5, 11, 11.69, 11.21074], "texture": "#1"},
				"south": {"uv": [14.5, 5, 14.72, 5.21074], "texture": "#1"},
				"west": {"uv": [11.5, 11.5, 11.69, 11.71074], "texture": "#1"},
				"up": {"uv": [1.72, 8.19, 1.5, 8], "texture": "#1"},
				"down": {"uv": [2.22, 8, 2, 8.19], "texture": "#1"}
			}
		},
		{
			"name": "octagon",
			"from": [6.77, 7.40353, 11.62],
			"to": [9.65, 8.59647, 12.36],
			"rotation": {"angle": 45, "axis": "z", "origin": [8.21, 8, 15.25]},
			"faces": {
				"north": {"uv": [8.5, 6, 10, 6.5], "texture": "#1"},
				"east": {"uv": [6.5, 14.5, 6.75, 15], "texture": "#1"},
				"south": {"uv": [9, 4, 10.5, 4.5], "texture": "#1"},
				"west": {"uv": [7, 14.5, 7.25, 15], "texture": "#1"},
				"up": {"uv": [14.5, 7.75, 13, 7.5], "texture": "#1"},
				"down": {"uv": [14.5, 8, 13, 8.25], "texture": "#1"}
			}
		},
		{
			"name": "octagon",
			"from": [8.77, 7.40353, 11.62],
			"to": [9.65, 8.59647, 12.38],
			"rotation": {"angle": 0, "axis": "y", "origin": [8.21, 8, 15.25]},
			"faces": {
				"north": {"uv": [10.5, 4, 11, 4.5], "texture": "#1"},
				"east": {"uv": [5.5, 10.5, 6, 11], "texture": "#1"},
				"south": {"uv": [13.5, 0.5, 14, 1], "texture": "#1"},
				"west": {"uv": [1, 13.5, 1.5, 14], "texture": "#1"},
				"up": {"uv": [14, 1.5, 13.5, 1], "texture": "#1"},
				"down": {"uv": [2, 13.5, 1.5, 14], "texture": "#1"}
			}
		},
		{
			"name": "octagon",
			"from": [6.77, 7.40353, 11.62],
			"to": [7.65, 8.59647, 12.38],
			"rotation": {"angle": 0, "axis": "y", "origin": [8.21, 8, 15.25]},
			"faces": {
				"north": {"uv": [13.5, 1.5, 14, 2], "texture": "#1"},
				"east": {"uv": [2, 13.5, 2.5, 14], "texture": "#1"},
				"south": {"uv": [2.5, 13.5, 3, 14], "texture": "#1"},
				"west": {"uv": [13.5, 2.5, 14, 3], "texture": "#1"},
				"up": {"uv": [6, 14, 5.5, 13.5], "texture": "#1"},
				"down": {"uv": [6.5, 13.5, 6, 14], "texture": "#1"}
			}
		},
		{
			"name": "octagon",
			"from": [7.61353, 6.56, 11.62],
			"to": [8.80647, 9.44, 12.37],
			"rotation": {"angle": 45, "axis": "z", "origin": [8.21, 8, 15.25]},
			"faces": {
				"north": {"uv": [1, 12, 1.5, 13.5], "texture": "#1"},
				"east": {"uv": [1.5, 12, 2, 13.5], "texture": "#1"},
				"south": {"uv": [2, 12, 2.5, 13.5], "texture": "#1"},
				"west": {"uv": [2.5, 12, 3, 13.5], "texture": "#1"},
				"up": {"uv": [7, 14, 6.5, 13.5], "texture": "#1"},
				"down": {"uv": [7.5, 13.5, 7, 14], "texture": "#1"}
			}
		},
		{
			"name": "octagon",
			"from": [7.61353, 6.56, 11.62],
			"to": [8.80647, 9.44, 12.39],
			"rotation": {"angle": 0, "axis": "y", "origin": [8.21, 8, 15.25]},
			"faces": {
				"north": {"uv": [5.5, 12, 6, 13.5], "texture": "#1"},
				"east": {"uv": [6, 12, 6.5, 13.5], "texture": "#1"},
				"south": {"uv": [6.5, 12, 7, 13.5], "texture": "#1"},
				"west": {"uv": [7, 12, 7.5, 13.5], "texture": "#1"},
				"up": {"uv": [8, 14, 7.5, 13.5], "texture": "#1"},
				"down": {"uv": [8.5, 13.5, 8, 14], "texture": "#1"}
			}
		},
		{
			"name": "octagon",
			"from": [6.66878, 7.34607, 4.23767],
			"to": [9.82622, 8.65393, 4.94981],
			"rotation": {"angle": 45, "axis": "z", "origin": [8.2475, 8, 4.85114]},
			"faces": {
				"north": {"uv": [9.5, 3, 11, 3.75], "texture": "#1"},
				"east": {"uv": [13.5, 14, 13.75, 14.75], "texture": "#1"},
				"south": {"uv": [10, 6, 11.5, 6.75], "texture": "#1"},
				"west": {"uv": [14, 13.5, 14.25, 14.25], "texture": "#1"},
				"up": {"uv": [10, 13.25, 8.5, 13], "texture": "#1"},
				"down": {"uv": [14.5, 8.5, 13, 8.75], "texture": "#1"}
			}
		},
		{
			"name": "octagon",
			"from": [6.66878, 7.34607, 4.23767],
			"to": [9.82622, 8.65393, 4.94981],
			"rotation": {"angle": 0, "axis": "y", "origin": [8.2475, 8, 4.85114]},
			"faces": {
				"north": {"uv": [4, 10.5, 5.5, 11.25], "texture": "#1"},
				"east": {"uv": [0, 14.5, 0.25, 15.25], "texture": "#1"},
				"south": {"uv": [10.5, 5, 12, 5.75], "texture": "#1"},
				"west": {"uv": [0.5, 14.5, 0.75, 15.25], "texture": "#1"},
				"up": {"uv": [14.5, 9.25, 13, 9], "texture": "#1"},
				"down": {"uv": [14.5, 9.5, 13, 9.75], "texture": "#1"}
			}
		},
		{
			"name": "octagon",
			"from": [7.59357, 6.42128, 4.23767],
			"to": [8.90143, 9.57872, 4.94981],
			"rotation": {"angle": 45, "axis": "z", "origin": [8.2475, 8, 4.85114]},
			"faces": {
				"north": {"uv": [10.5, 7, 11.25, 8.5], "texture": "#1"},
				"east": {"uv": [5, 13, 5.25, 14.5], "texture": "#1"},
				"south": {"uv": [10.5, 8.5, 11.25, 10], "texture": "#1"},
				"west": {"uv": [10, 13, 10.25, 14.5], "texture": "#1"},
				"up": {"uv": [15.25, 0.25, 14.5, 0], "texture": "#1"},
				"down": {"uv": [1.75, 14.5, 1, 14.75], "texture": "#1"}
			}
		},
		{
			"name": "octagon",
			"from": [7.59357, 6.42128, 4.23767],
			"to": [8.90143, 9.57872, 4.94981],
			"rotation": {"angle": 0, "axis": "y", "origin": [8.2475, 8, 4.85114]},
			"faces": {
				"north": {"uv": [10.5, 10, 11.25, 11.5], "texture": "#1"},
				"east": {"uv": [13, 12, 13.25, 13.5], "texture": "#1"},
				"south": {"uv": [11, 3, 11.75, 4.5], "texture": "#1"},
				"west": {"uv": [12.5, 13, 12.75, 14.5], "texture": "#1"},
				"up": {"uv": [2.75, 14.75, 2, 14.5], "texture": "#1"},
				"down": {"uv": [15.25, 2, 14.5, 2.25], "texture": "#1"}
			}
		},
		{
			"name": "octagon",
			"from": [7.44175, 5.91992, 1.52792],
			"to": [9.16494, 10.08008, 1.64019],
			"light_emission": 15,
			"rotation": {"angle": 0, "axis": "y", "origin": [8.30334, 8, 1.09489]},
			"faces": {
				"north": {"uv": [8.5, 0, 9.25, 2], "texture": "#1"},
				"east": {"uv": [11.5, 12, 11.75, 14], "texture": "#1"},
				"south": {"uv": [8.5, 2, 9.25, 4], "texture": "#1"},
				"west": {"uv": [12, 12, 12.25, 14], "texture": "#1"},
				"up": {"uv": [4.75, 14.25, 4, 14], "texture": "#1"},
				"down": {"uv": [14.75, 4, 14, 4.25], "texture": "#1"}
			}
		},
		{
			"name": "octagon",
			"from": [9.11227, 7.1384, 1.54237],
			"to": [10.38342, 8.8616, 1.64019],
			"light_emission": 15,
			"rotation": {"angle": 0, "axis": "y", "origin": [8.30334, 8, 1.09489]},
			"faces": {
				"north": {"uv": [12, 5, 12.75, 5.75], "texture": "#1"},
				"east": {"uv": [14, 5, 14.25, 5.75], "texture": "#1"},
				"south": {"uv": [7.5, 12, 8.25, 12.75], "texture": "#1"},
				"west": {"uv": [5.5, 14, 5.75, 14.75], "texture": "#1"},
				"up": {"uv": [6.75, 14.25, 6, 14], "texture": "#1"},
				"down": {"uv": [14.75, 6, 14, 6.25], "texture": "#1"}
			}
		},
		{
			"name": "octagon",
			"from": [7.44175, 5.91992, 1.55681],
			"to": [9.16494, 10.08008, 1.64019],
			"light_emission": 15,
			"rotation": {"angle": -45, "axis": "z", "origin": [8.30334, 8, 1.09489]},
			"faces": {
				"north": {"uv": [3, 8.5, 3.75, 10.5], "texture": "#1"},
				"east": {"uv": [3, 12.5, 3.25, 14.5], "texture": "#1"},
				"south": {"uv": [4, 8.5, 4.75, 10.5], "texture": "#1"},
				"west": {"uv": [3.5, 12.5, 3.75, 14.5], "texture": "#1"},
				"up": {"uv": [14.75, 6.75, 14, 6.5], "texture": "#1"},
				"down": {"uv": [7.75, 14, 7, 14.25], "texture": "#1"}
			}
		},
		{
			"name": "octagon",
			"from": [6.22326, 7.1384, 1.57126],
			"to": [10.38342, 8.8616, 1.64019],
			"light_emission": 15,
			"rotation": {"angle": -45, "axis": "z", "origin": [8.30334, 8, 1.09489]},
			"faces": {
				"north": {"uv": [8.5, 7, 10.5, 7.75], "texture": "#1"},
				"east": {"uv": [8, 14, 8.25, 14.75], "texture": "#1"},
				"south": {"uv": [8.5, 8, 10.5, 8.75], "texture": "#1"},
				"west": {"uv": [11.5, 14, 11.75, 14.75], "texture": "#1"},
				"up": {"uv": [14, 4.25, 12, 4], "texture": "#1"},
				"down": {"uv": [14.5, 2, 12.5, 2.25], "texture": "#1"}
			}
		},
		{
			"name": "octagon",
			"from": [6.22327, 7.1384, 1.54237],
			"to": [7.49442, 8.8616, 1.64019],
			"light_emission": 15,
			"rotation": {"angle": 0, "axis": "y", "origin": [8.30334, 8, 1.09489]},
			"faces": {
				"north": {"uv": [8.5, 12, 9.25, 12.75], "texture": "#1"},
				"east": {"uv": [12, 14, 12.25, 14.75], "texture": "#1"},
				"south": {"uv": [9.5, 12, 10.25, 12.75], "texture": "#1"},
				"west": {"uv": [14, 12, 14.25, 12.75], "texture": "#1"},
				"up": {"uv": [14.75, 7.25, 14, 7], "texture": "#1"},
				"down": {"uv": [14.75, 13, 14, 13.25], "texture": "#1"}
			}
		},
		{
			"name": "octagon",
			"from": [10.1504, 7.08144, 0.9714],
			"to": [10.4276, 8.91856, 2.0986],
			"rotation": {"angle": 45, "axis": "z", "origin": [8.21, 8, 1.96]},
			"faces": {
				"north": {"uv": [8.5, 13.5, 8.75, 14.5], "texture": "#1"},
				"east": {"uv": [12.5, 9, 13, 10], "texture": "#1"},
				"south": {"uv": [9, 13.5, 9.25, 14.5], "texture": "#1"},
				"west": {"uv": [10.5, 12.5, 11, 13.5], "texture": "#1"},
				"up": {"uv": [14.75, 9.5, 14.5, 9], "texture": "#1"},
				"down": {"uv": [9.75, 14.5, 9.5, 15], "texture": "#1"}
			}
		},
		{
			"name": "octagon",
			"from": [10.1504, 7.08144, 0.9715],
			"to": [10.4276, 8.91856, 2.0986],
			"rotation": {"angle": 0, "axis": "y", "origin": [8.21, 8, 1.96]},
			"faces": {
				"north": {"uv": [9.5, 13.5, 9.75, 14.5], "texture": "#1"},
				"east": {"uv": [11, 12.5, 11.5, 13.5], "texture": "#1"},
				"south": {"uv": [10.5, 13.5, 10.75, 14.5], "texture": "#1"},
				"west": {"uv": [12.5, 12, 13, 13], "texture": "#1"},
				"up": {"uv": [14.75, 10, 14.5, 9.5], "texture": "#1"},
				"down": {"uv": [10.25, 14.5, 10, 15], "texture": "#1"}
			}
		},
		{
			"name": "octagon",
			"from": [5.9924, 7.08144, 0.9714],
			"to": [6.2696, 8.91856, 2.0986],
			"rotation": {"angle": 45, "axis": "z", "origin": [8.21, 8, 1.96]},
			"faces": {
				"north": {"uv": [11, 13.5, 11.25, 14.5], "texture": "#1"},
				"east": {"uv": [13, 0, 13.5, 1], "texture": "#1"},
				"south": {"uv": [13.5, 12, 13.75, 13], "texture": "#1"},
				"west": {"uv": [13, 1, 13.5, 2], "texture": "#1"},
				"up": {"uv": [14.75, 10.5, 14.5, 10], "texture": "#1"},
				"down": {"uv": [10.75, 14.5, 10.5, 15], "texture": "#1"}
			}
		},
		{
			"name": "octagon",
			"from": [5.9924, 7.08144, 0.9715],
			"to": [6.2696, 8.91856, 2.0986],
			"rotation": {"angle": 0, "axis": "y", "origin": [8.21, 8, 1.96]},
			"faces": {
				"north": {"uv": [13, 13.5, 13.25, 14.5], "texture": "#1"},
				"east": {"uv": [4, 13, 4.5, 14], "texture": "#1"},
				"south": {"uv": [13.5, 13, 13.75, 14], "texture": "#1"},
				"west": {"uv": [4.5, 13, 5, 14], "texture": "#1"},
				"up": {"uv": [11.25, 15, 11, 14.5], "texture": "#1"},
				"down": {"uv": [14.75, 12, 14.5, 12.5], "texture": "#1"}
			}
		},
		{
			"name": "octagon",
			"from": [7.29144, 5.7824, 0.9714],
			"to": [9.12856, 6.0596, 2.0986],
			"rotation": {"angle": 45, "axis": "z", "origin": [8.21, 8, 1.96]},
			"faces": {
				"north": {"uv": [13.5, 10, 14.5, 10.25], "texture": "#1"},
				"east": {"uv": [12.5, 14.5, 13, 14.75], "texture": "#1"},
				"south": {"uv": [0, 14, 1, 14.25], "texture": "#1"},
				"west": {"uv": [14.5, 12.5, 15, 12.75], "texture": "#1"},
				"up": {"uv": [13.5, 3, 12.5, 2.5], "texture": "#1"},
				"down": {"uv": [13.5, 10, 12.5, 10.5], "texture": "#1"}
			}
		},
		{
			"name": "octagon",
			"from": [7.29144, 5.7824, 0.9715],
			"to": [9.12856, 6.0596, 2.0986],
			"rotation": {"angle": 0, "axis": "y", "origin": [8.21, 8, 1.96]},
			"faces": {
				"north": {"uv": [14, 0.5, 15, 0.75], "texture": "#1"},
				"east": {"uv": [13, 14.5, 13.5, 14.75], "texture": "#1"},
				"south": {"uv": [1, 14, 2, 14.25], "texture": "#1"},
				"west": {"uv": [14.5, 13.5, 15, 13.75], "texture": "#1"},
				"up": {"uv": [14, 5.5, 13, 5], "texture": "#1"},
				"down": {"uv": [14, 5.5, 13, 6], "texture": "#1"}
			}
		},
		{
			"name": "octagon",
			"from": [7.29144, 9.9404, 0.9714],
			"to": [9.12856, 10.2176, 2.0986],
			"rotation": {"angle": 45, "axis": "z", "origin": [8.21, 8, 1.96]},
			"faces": {
				"north": {"uv": [14, 1, 15, 1.25], "texture": "#1"},
				"east": {"uv": [14, 14.5, 14.5, 14.75], "texture": "#1"},
				"south": {"uv": [14, 1.5, 15, 1.75], "texture": "#1"},
				"west": {"uv": [14.5, 14, 15, 14.25], "texture": "#1"},
				"up": {"uv": [14, 6.5, 13, 6], "texture": "#1"},
				"down": {"uv": [14, 6.5, 13, 7], "texture": "#1"}
			}
		},
		{
			"name": "octagon",
			"from": [7.29144, 9.9404, 0.9715],
			"to": [9.12856, 10.2176, 2.0986],
			"rotation": {"angle": 0, "axis": "y", "origin": [8.21, 8, 1.96]},
			"faces": {
				"north": {"uv": [2, 14, 3, 14.25], "texture": "#1"},
				"east": {"uv": [14.5, 14.5, 15, 14.75], "texture": "#1"},
				"south": {"uv": [14, 2.5, 15, 2.75], "texture": "#1"},
				"west": {"uv": [15, 0.5, 15.5, 0.75], "texture": "#1"},
				"up": {"uv": [14, 7.5, 13, 7], "texture": "#1"},
				"down": {"uv": [8.5, 13, 7.5, 13.5], "texture": "#1"}
			}
		},
		{
			"name": "octagon",
			"from": [6.2378, 7.17687, 1.5962],
			"to": [10.2122, 8.82313, 4.7426],
			"rotation": {"angle": 45, "axis": "z", "origin": [8.225, 8, 4.6184]},
			"faces": {
				"north": {"uv": [8.5, 9, 10.5, 9.75], "texture": "#1"},
				"east": {"uv": [5.5, 11, 7, 11.75], "texture": "#1"},
				"south": {"uv": [9.5, 0, 11.5, 0.75], "texture": "#1"},
				"west": {"uv": [7, 11, 8.5, 11.75], "texture": "#1"},
				"up": {"uv": [3.5, 6, 1.5, 4.5], "texture": "#1"},
				"down": {"uv": [5.5, 5, 3.5, 6.5], "texture": "#1"}
			}
		},
		{
			"name": "octagon",
			"from": [6.2378, 7.17687, 1.5962],
			"to": [10.2122, 8.82313, 4.7426],
			"rotation": {"angle": 0, "axis": "y", "origin": [8.225, 8, 4.6184]},
			"faces": {
				"north": {"uv": [9.5, 1, 11.5, 1.75], "texture": "#1"},
				"east": {"uv": [11.5, 0, 13, 0.75], "texture": "#1"},
				"south": {"uv": [9.5, 2, 11.5, 2.75], "texture": "#1"},
				"west": {"uv": [11.5, 1, 13, 1.75], "texture": "#1"},
				"up": {"uv": [7.5, 3, 5.5, 1.5], "texture": "#1"},
				"down": {"uv": [7.5, 3, 5.5, 4.5], "texture": "#1"}
			}
		},
		{
			"name": "octagon",
			"from": [7.40187, 6.0128, 1.5962],
			"to": [9.04813, 9.9872, 4.7426],
			"rotation": {"angle": 45, "axis": "z", "origin": [8.225, 8, 4.6184]},
			"faces": {
				"north": {"uv": [5, 8.5, 5.75, 10.5], "texture": "#1"},
				"east": {"uv": [5.5, 4.5, 7, 6.5], "texture": "#1"},
				"south": {"uv": [8.5, 10, 9.25, 12], "texture": "#1"},
				"west": {"uv": [1.5, 6, 3, 8], "texture": "#1"},
				"up": {"uv": [4.75, 13, 4, 11.5], "texture": "#1"},
				"down": {"uv": [12.25, 6, 11.5, 7.5], "texture": "#1"}
			}
		},
		{
			"name": "octagon",
			"from": [7.40187, 6.0128, 1.5962],
			"to": [9.04813, 9.9872, 4.7426],
			"rotation": {"angle": 0, "axis": "y", "origin": [8.225, 8, 4.6184]},
			"faces": {
				"north": {"uv": [9.5, 10, 10.25, 12], "texture": "#1"},
				"east": {"uv": [3, 6.5, 4.5, 8.5], "texture": "#1"},
				"south": {"uv": [3, 10.5, 3.75, 12.5], "texture": "#1"},
				"west": {"uv": [4.5, 6.5, 6, 8.5], "texture": "#1"},
				"up": {"uv": [12.25, 9, 11.5, 7.5], "texture": "#1"},
				"down": {"uv": [12.25, 9, 11.5, 10.5], "texture": "#1"}
			}
		}
	],
	"display": {
		"thirdperson_righthand": {
			"rotation": [75, 0, 0],
			"translation": [0, 1.75, 0.5],
			"scale": [0.75, 0.75, 0.75]
		},
		"thirdperson_lefthand": {
			"rotation": [75, 0, 0],
			"translation": [0, 1.75, 0.5],
			"scale": [0.75, 0.75, 0.75]
		},
		"firstperson_righthand": {
			"translation": [0, 8.75, 3.75]
		},
		"firstperson_lefthand": {
			"translation": [0, 8.75, 3.75]
		},
		"ground": {
			"translation": [0, -1, 0]
		},
		"gui": {
			"rotation": [145, -35, 94],
			"translation": [-1.25, -1.25, 0],
			"scale": [1.4, 1.4, 1.4]
		},
		"head": {
			"translation": [0, 7.75, -3]
		},
		"fixed": {
			"rotation": [90, 0, 0],
			"translation": [0, -1, 0],
			"scale": [1.5, 1.5, 1.5]
		}
	},
	"groups": [
		{
			"name": "Shaft",
			"origin": [8, 8, 8],
			"color": 0,
			"children": [
				{
					"name": "octagon",
					"origin": [8, 8, 8],
					"color": 0,
					"children": [0, 1, 2, 3, 4, 5, 6, 7, 8, 9, 10, 11, 12, 13, 14]
				},
				{
					"name": "octagon",
					"origin": [8, 8, 8],
					"color": 0,
					"children": [15, 16, 17, 18, 19]
				},
				{
					"name": "octagon",
					"origin": [8, 8, 8],
					"color": 0,
					"children": [20, 21, 22, 23]
				}
			]
		},
		{
			"name": "Head",
			"origin": [8, 8, 8],
			"color": 0,
			"children": [
				{
					"name": "octagon",
					"origin": [8, 8, 8],
					"color": 0,
					"children": [
						{
							"name": "Light",
							"origin": [8.30334, 8, 1.09489],
							"color": 0,
							"children": [24, 25, 26, 27, 28]
						}
					]
				},
				{
					"name": "octagon",
					"origin": [8, 8, 8],
					"color": 0,
					"children": [29, 30, 31, 32, 33, 34, 35, 36]
				},
				{
					"name": "octagon",
					"origin": [8, 8, 8],
					"color": 0,
					"children": [37, 38, 39, 40]
				}
			]
		}
	]
}