{
	"credit": "Made with Blockbench",
	"texture_size": [32, 32],
	"textures": {
		"0": "item/doors/equipment/lighter_closed",
		"particle": "item/doors/equipment/lighter_closed"
	},
	"elements": [
		{
			"from": [5, 6, 6.5],
			"to": [11, 8, 9.5],
			"rotation": {"angle": 0, "axis": "y", "origin": [5, 0, 8]},
			"faces": {
				"north": {"uv": [6, 1.5, 9, 2.5], "texture": "#0"},
				"east": {"uv": [3, 6, 4.5, 7], "texture": "#0"},
				"south": {"uv": [6, 2.5, 9, 3.5], "texture": "#0"},
				"west": {"uv": [6, 3.5, 7.5, 4.5], "texture": "#0"},
				"up": {"uv": [6, 1.5, 3, 0], "texture": "#0"},
				"down": {"uv": [6, 1.5, 3, 3], "texture": "#0"}
			}
		},
		{
			"from": [0.75736, 2.82843, 7.5],
			"to": [1.75736, 3.82843, 8.5],
			"rotation": {"angle": -45, "axis": "z", "origin": [5, 0, 8]},
			"faces": {
				"north": {"uv": [4.5, 6, 5, 6.5], "texture": "#0"},
				"east": {"uv": [6, 4.5, 6.5, 5], "texture": "#0"},
				"south": {"uv": [5, 6, 5.5, 6.5], "texture": "#0"},
				"west": {"uv": [6, 5, 6.5, 5.5], "texture": "#0"},
				"up": {"uv": [6, 6.5, 5.5, 6], "texture": "#0"},
				"down": {"uv": [6.5, 5.5, 6, 6], "texture": "#0"}
			}
		},
		{
			"from": [5, 0, 6.5],
			"to": [11, 6, 9.5],
			"rotation": {"angle": 0, "axis": "y", "origin": [5, 0, 8]},
			"faces": {
				"north": {"uv": [0, 0, 3, 3], "texture": "#0"},
				"east": {"uv": [3, 3, 4.5, 6], "texture": "#0"},
				"south": {"uv": [0, 3, 3, 6], "texture": "#0"},
				"west": {"uv": [4.5, 3, 6, 6], "texture": "#0"},
				"up": {"uv": [3, 7.5, 0, 6], "texture": "#0"},
				"down": {"uv": [9, 0, 6, 1.5], "texture": "#0"}
			}
		}
	],
	"gui_light": "front",
	"display": {
		"thirdperson_righthand": {
			"rotation": [40, -90, 0],
			"translation": [0, 3.5, 4],
			"scale": [0.7, 0.7, 0.7]
		},
		"thirdperson_lefthand": {
			"rotation": [40, 90, 0],
			"translation": [0, 3.5, 4],
			"scale": [0.7, 0.7, 0.7]
		},
		"firstperson_righthand": {
			"rotation": [0, -90, 0],
			"translation": [0, 4, 0]
		},
		"firstperson_lefthand": {
			"rotation": [0, 90, 0],
			"translation": [0, 4, 0]
		},
		"ground": {
			"translation": [0, 2, 0],
			"scale": [0.7, 0.7, 0.7]
		},
		"gui": {
			"rotation": [16, -32, -16],
			"translation": [1, 1.25, 0]
		},
		"head": {
			"translation": [0, 14.5, 0]
		},
		"fixed": {
			"rotation": [3, 150, -24],
			"translation": [-1.75, 1.75, -2.25]
		}
	},
	"groups": [
		{
			"name": "root",
			"origin": [0, 0, 0],
			"color": 0,
			"children": [0, 1, 2]
		}
	]
}