{
	"credit": "Made with Blockbench",
	"texture_size": [32, 32],
	"textures": {
		"1": "item/doors/equipment/lockpick",
		"particle": "item/doors/equipment/lockpick"
	},
	"elements": [
		{
			"from": [9, 0, 6],
			"to": [11, 9, 7],
			"rotation": {"angle": 22.5, "axis": "z", "origin": [9, 0, 6]},
			"faces": {
				"north": {"uv": [0, 0, 1, 4.5], "texture": "#1"},
				"east": {"uv": [2, 0, 2.5, 4.5], "texture": "#1"},
				"south": {"uv": [1, 0, 2, 4.5], "texture": "#1"},
				"west": {"uv": [2.5, 0, 3, 4.5], "texture": "#1"},
				"up": {"uv": [3, 5, 2, 4.5], "texture": "#1"},
				"down": {"uv": [4, 4.5, 3, 5], "texture": "#1"}
			}
		},
		{
			"from": [7.25, 0, 5.25],
			"to": [8, 9, 6],
			"rotation": {"angle": -22.5, "axis": "z", "origin": [6, 0, 5.25]},
			"faces": {
				"north": {"uv": [3, 0, 3.5, 4.5], "texture": "#1"},
				"east": {"uv": [3.5, 0, 4, 4.5], "texture": "#1"},
				"south": {"uv": [4, 0, 4.5, 4.5], "texture": "#1"},
				"west": {"uv": [0, 4.5, 0.5, 9], "texture": "#1"},
				"up": {"uv": [5.5, 2, 5, 1.5], "texture": "#1"},
				"down": {"uv": [2.5, 5, 2, 5.5], "texture": "#1"}
			}
		},
		{
			"from": [9.2, 8.15, 5.25],
			"to": [10.575, 8.65, 6],
			"rotation": {"angle": -22.5, "axis": "z", "origin": [8.575, 8.15, 5.25]},
			"faces": {
				"north": {"uv": [5, 2, 5.5, 2.5], "texture": "#1"},
				"east": {"uv": [2.5, 5, 3, 5.5], "texture": "#1"},
				"south": {"uv": [5, 2.5, 5.5, 3], "texture": "#1"},
				"west": {"uv": [3, 5, 3.5, 5.5], "texture": "#1"},
				"up": {"uv": [5.5, 3.5, 5, 3], "texture": "#1"},
				"down": {"uv": [4, 5, 3.5, 5.5], "texture": "#1"}
			}
		},
		{
			"from": [4.87778, 8.32404, 6.075],
			"to": [5.87778, 13.82404, 6.825],
			"rotation": {"angle": 22.5, "axis": "z", "origin": [5.25, 10.75, 5.825]},
			"faces": {
				"north": {"uv": [4.5, 0, 5, 3], "texture": "#1"},
				"east": {"uv": [0.5, 4.5, 1, 7.5], "texture": "#1"},
				"south": {"uv": [1, 4.5, 1.5, 7.5], "texture": "#1"},
				"west": {"uv": [1.5, 4.5, 2, 7.5], "texture": "#1"},
				"up": {"uv": [5, 3.5, 4.5, 3], "texture": "#1"},
				"down": {"uv": [5, 3.5, 4.5, 4], "texture": "#1"}
			}
		},
		{
			"from": [2.47708, 12.18546, 6.075],
			"to": [3.97708, 13.18546, 6.825],
			"rotation": {"angle": 22.5, "axis": "z", "origin": [3.225, 12.675, 6.425]},
			"faces": {
				"north": {"uv": [4, 4.5, 4.5, 5], "texture": "#1"},
				"east": {"uv": [4.5, 4, 5, 4.5], "texture": "#1"},
				"south": {"uv": [4.5, 4.5, 5, 5], "texture": "#1"},
				"west": {"uv": [5, 0, 5.5, 0.5], "texture": "#1"},
				"up": {"uv": [5.5, 1, 5, 0.5], "texture": "#1"},
				"down": {"uv": [5.5, 1, 5, 1.5], "texture": "#1"}
			}
		}
	],
	"display": {
		"thirdperson_righthand": {
			"translation": [0, 0, 1]
		}
	},
	"groups": [
		{
			"name": "root",
			"origin": [3.225, 12.675, 6.425],
			"color": 0,
			"children": [0, 1, 2, 3, 4]
		}
	]
}