{
	"credit": "Made with Blockbench",
	"textures": {
		"0": "item/doors/equipment/vitamins",
		"particle": "item/doors/equipment/vitamins"
	},
	"elements": [
		{
			"from": [7.15, 8, 7.3],
			"to": [8.85, 8.15, 8.7],
			"rotation": {"angle": 0, "axis": "y", "origin": [7, 7.9, 9]},
			"faces": {
				"north": {"uv": [11, 11, 12.5, 11.5], "texture": "#0"},
				"east": {"uv": [0, 12, 1.5, 12.5], "texture": "#0"},
				"south": {"uv": [12, 0, 13.5, 0.5], "texture": "#0"},
				"west": {"uv": [12, 1, 13.5, 1.5], "texture": "#0"},
				"up": {"uv": [1.5, 9.5, 0, 8], "texture": "#0"},
				"down": {"uv": [9.5, 0, 8, 1.5], "texture": "#0"}
			}
		},
		{
			"from": [7.35, 8, 8.7],
			"to": [8.65, 8.15, 8.8],
			"rotation": {"angle": 0, "axis": "y", "origin": [7, 7.9, 10.4]},
			"faces": {
				"north": {"uv": [12, 6, 13.5, 6.5], "texture": "#0"},
				"east": {"uv": [0, 14, 0.5, 14.5], "texture": "#0"},
				"south": {"uv": [7, 12, 8.5, 12.5], "texture": "#0"},
				"west": {"uv": [14, 0, 14.5, 0.5], "texture": "#0"},
				"up": {"uv": [13.5, 7.5, 12, 7], "texture": "#0"},
				"down": {"uv": [13.5, 8, 12, 8.5], "texture": "#0"}
			}
		},
		{
			"from": [7.35, 8, 7.2],
			"to": [8.65, 8.15, 7.3],
			"rotation": {"angle": 0, "axis": "y", "origin": [7, 7.9, 8.9]},
			"faces": {
				"north": {"uv": [2, 12, 3.5, 12.5], "texture": "#0"},
				"east": {"uv": [13, 12, 13.5, 12.5], "texture": "#0"},
				"south": {"uv": [4, 12, 5.5, 12.5], "texture": "#0"},
				"west": {"uv": [13, 13, 13.5, 13.5], "texture": "#0"},
				"up": {"uv": [13.5, 4.5, 12, 4], "texture": "#0"},
				"down": {"uv": [13.5, 5, 12, 5.5], "texture": "#0"}
			}
		},
		{
			"from": [7.25, 10.9, 7.3],
			"to": [8.75, 11.45, 8.7],
			"rotation": {"angle": 0, "axis": "y", "origin": [7, 10.8, 9]},
			"faces": {
				"north": {"uv": [12, 9, 13.5, 9.5], "texture": "#0"},
				"east": {"uv": [12, 10, 13.5, 10.5], "texture": "#0"},
				"south": {"uv": [11, 12, 12.5, 12.5], "texture": "#0"},
				"west": {"uv": [0, 13, 1.5, 13.5], "texture": "#0"},
				"up": {"uv": [3.5, 9.5, 2, 8], "texture": "#0"},
				"down": {"uv": [9.5, 2, 8, 3.5], "texture": "#0"}
			}
		},
		{
			"from": [7.05, 11.45, 7.1],
			"to": [8.95, 11.95, 8.9],
			"rotation": {"angle": 0, "axis": "y", "origin": [7, 10.8, 9]},
			"faces": {
				"north": {"uv": [8, 9, 10, 9.5], "texture": "#0"},
				"east": {"uv": [0, 10, 2, 10.5], "texture": "#0"},
				"south": {"uv": [10, 0, 12, 0.5], "texture": "#0"},
				"west": {"uv": [10, 1, 12, 1.5], "texture": "#0"},
				"up": {"uv": [2, 5, 0, 3], "texture": "#0"},
				"down": {"uv": [4, 3, 2, 5], "texture": "#0"}
			}
		},
		{
			"from": [7.15, 11.35, 7.2],
			"to": [8.85, 11.45, 8.8],
			"rotation": {"angle": 0, "axis": "y", "origin": [7, 10.7, 9]},
			"faces": {
				"north": {"uv": [2, 13, 3.5, 13.5], "texture": "#0"},
				"east": {"uv": [13, 2, 14.5, 2.5], "texture": "#0"},
				"south": {"uv": [13, 3, 14.5, 3.5], "texture": "#0"},
				"west": {"uv": [4, 13, 5.5, 13.5], "texture": "#0"},
				"up": {"uv": [5.5, 9.5, 4, 8], "texture": "#0"},
				"down": {"uv": [9.5, 4, 8, 5.5], "texture": "#0"}
			}
		},
		{
			"from": [7.25, 8.1, 7],
			"to": [8.75, 10.75, 9],
			"rotation": {"angle": 0, "axis": "y", "origin": [7, 8, 9]},
			"faces": {
				"north": {"uv": [0, 5, 1.5, 7.5], "texture": "#0"},
				"east": {"uv": [0, 0, 2, 2.5], "texture": "#0"},
				"south": {"uv": [2, 5, 3.5, 7.5], "texture": "#0"},
				"west": {"uv": [2, 0, 4, 2.5], "texture": "#0"},
				"up": {"uv": [5.5, 8, 4, 6], "texture": "#0"},
				"down": {"uv": [7.5, 6, 6, 8], "texture": "#0"}
			}
		},
		{
			"from": [7.255, 10.75, 7],
			"to": [8.745, 11.25, 7.25],
			"rotation": {"angle": 45, "axis": "x", "origin": [7.25, 10.75, 7]},
			"faces": {
				"north": {"uv": [10, 4, 11.5, 4.5], "texture": "#0"},
				"east": {"uv": [6, 13, 6.5, 13.5], "texture": "#0"},
				"south": {"uv": [10, 5, 11.5, 5.5], "texture": "#0"},
				"west": {"uv": [7, 13, 7.5, 13.5], "texture": "#0"},
				"up": {"uv": [11.5, 6.5, 10, 6], "texture": "#0"},
				"down": {"uv": [11.5, 7, 10, 7.5], "texture": "#0"}
			}
		},
		{
			"from": [7.255, 10.75, 8.75],
			"to": [8.745, 11.25, 9],
			"rotation": {"angle": -45, "axis": "x", "origin": [7.25, 10.75, 9]},
			"faces": {
				"north": {"uv": [8, 10, 9.5, 10.5], "texture": "#0"},
				"east": {"uv": [8, 13, 8.5, 13.5], "texture": "#0"},
				"south": {"uv": [10, 8, 11.5, 8.5], "texture": "#0"},
				"west": {"uv": [9, 13, 9.5, 13.5], "texture": "#0"},
				"up": {"uv": [11.5, 9.5, 10, 9], "texture": "#0"},
				"down": {"uv": [11.5, 10, 10, 10.5], "texture": "#0"}
			}
		},
		{
			"from": [7, 10.75, 7.255],
			"to": [7.25, 11.25, 8.745],
			"rotation": {"angle": -45, "axis": "z", "origin": [7, 10.75, 8.75]},
			"faces": {
				"north": {"uv": [10, 13, 10.5, 13.5], "texture": "#0"},
				"east": {"uv": [0, 11, 1.5, 11.5], "texture": "#0"},
				"south": {"uv": [11, 13, 11.5, 13.5], "texture": "#0"},
				"west": {"uv": [11, 2, 12.5, 2.5], "texture": "#0"},
				"up": {"uv": [5.5, 11.5, 5, 10], "texture": "#0"},
				"down": {"uv": [6.5, 11, 6, 12.5], "texture": "#0"}
			}
		},
		{
			"from": [8.75, 10.75, 7.255],
			"to": [9, 11.25, 8.745],
			"rotation": {"angle": 45, "axis": "z", "origin": [9, 10.75, 7.25]},
			"faces": {
				"north": {"uv": [13, 11, 13.5, 11.5], "texture": "#0"},
				"east": {"uv": [11, 3, 12.5, 3.5], "texture": "#0"},
				"south": {"uv": [12, 13, 12.5, 13.5], "texture": "#0"},
				"west": {"uv": [7, 11, 8.5, 11.5], "texture": "#0"},
				"up": {"uv": [9.5, 12.5, 9, 11], "texture": "#0"},
				"down": {"uv": [10.5, 11, 10, 12.5], "texture": "#0"}
			}
		},
		{
			"from": [8.75, 8.1, 7.25],
			"to": [9, 10.75, 8.75],
			"rotation": {"angle": 0, "axis": "y", "origin": [7, 8, 7]},
			"faces": {
				"north": {"uv": [6, 8, 6.5, 10.5], "texture": "#0"},
				"east": {"uv": [4, 0, 5.5, 2.5], "texture": "#0"},
				"south": {"uv": [8, 6, 8.5, 8.5], "texture": "#0"},
				"west": {"uv": [4, 3, 5.5, 5.5], "texture": "#0"},
				"up": {"uv": [2.5, 11.5, 2, 10], "texture": "#0"},
				"down": {"uv": [10.5, 2, 10, 3.5], "texture": "#0"}
			}
		},
		{
			"from": [7, 8.1, 7.25],
			"to": [7.25, 10.75, 8.75],
			"rotation": {"angle": 0, "axis": "y", "origin": [5.25, 8, 7]},
			"faces": {
				"north": {"uv": [7, 8, 7.5, 10.5], "texture": "#0"},
				"east": {"uv": [6, 0, 7.5, 2.5], "texture": "#0"},
				"south": {"uv": [9, 6, 9.5, 8.5], "texture": "#0"},
				"west": {"uv": [6, 3, 7.5, 5.5], "texture": "#0"},
				"up": {"uv": [3.5, 11.5, 3, 10], "texture": "#0"},
				"down": {"uv": [4.5, 10, 4, 11.5], "texture": "#0"}
			}
		}
	],
	"display": {
		"thirdperson_righthand": {
			"translation": [0, -0.75, 1.25]
		},
		"thirdperson_lefthand": {
			"translation": [0, -0.75, 1.25]
		},
		"firstperson_righthand": {
			"rotation": [-180, 42.25, -180],
			"translation": [-0.5, 0, 1.75]
		},
		"firstperson_lefthand": {
			"rotation": [-180, 42.25, -180],
			"translation": [-0.5, 0, 1.75]
		},
		"ground": {
			"translation": [0, -4, 0]
		},
		"gui": {
			"rotation": [153.7, 22, -166.85],
			"translation": [-1, -5.5, 0],
			"scale": [3, 3, 3]
		},
		"head": {
			"translation": [0, 6.25, 0]
		},
		"fixed": {
			"translation": [0, -4, 0],
			"scale": [2, 2, 2]
		}
	},
	"groups": [
		{
			"name": "Bottom",
			"origin": [7, -0.1, 8.9],
			"color": 0,
			"children": [0, 1, 2]
		},
		{
			"name": "Top",
			"origin": [7, -0.1, 8.9],
			"color": 3,
			"children": [3, 4, 5]
		},
		{
			"name": "Bottle",
			"origin": [5.25, 0, 7],
			"color": 0,
			"children": [6, 7, 8, 9, 10, 11, 12]
		}
	]
}