{
	"credit": "Made with Blockbench",
	"texture_size": [128, 128],
	"textures": {
		"0": "item/doors/doors/hotel_door",
		"particle": "item/doors/doors/hotel_door"
	},
	"elements": [
		{
			"from": [7, 10, 6.5],
			"to": [9, 18, 8.5],
			"rotation": {"angle": 0, "axis": "y", "origin": [23, -5, 7.5]},
			"faces": {
				"north": {"uv": [0, 0, 0.25, 1], "texture": "#0"},
				"east": {"uv": [2.25, 4, 2.5, 5], "texture": "#0"},
				"south": {"uv": [2, 0, 2.25, 1], "texture": "#0"},
				"west": {"uv": [2.5, 4, 2.75, 5], "texture": "#0"},
				"up": {"uv": [5.375, 2.375, 5.125, 2.125], "texture": "#0"},
				"down": {"uv": [5.875, 5.125, 5.625, 5.375], "texture": "#0"}
			}
		},
		{
			"from": [21, 10, 6.5],
			"to": [23, 18, 8.5],
			"rotation": {"angle": 0, "axis": "y", "origin": [38, -5, 7.5]},
			"faces": {
				"north": {"uv": [0, 0, 0.25, 1], "texture": "#0"},
				"east": {"uv": [2.25, 4, 2.5, 5], "texture": "#0"},
				"south": {"uv": [2, 0, 2.25, 1], "texture": "#0"},
				"west": {"uv": [2.5, 4, 2.75, 5], "texture": "#0"},
				"up": {"uv": [5.375, 2.375, 5.125, 2.125], "texture": "#0"},
				"down": {"uv": [5.875, 5.125, 5.625, 5.375], "texture": "#0"}
			}
		},
		{
			"from": [7, 18, 6.5],
			"to": [23, 32, 8.5],
			"rotation": {"angle": 0, "axis": "y", "origin": [23, 0, 7.5]},
			"faces": {
				"north": {"uv": [0, 0, 2, 1.75], "texture": "#0"},
				"east": {"uv": [2.25, 4, 2.5, 5.75], "texture": "#0"},
				"south": {"uv": [2, 0, 4, 1.75], "texture": "#0"},
				"west": {"uv": [2.5, 4, 2.75, 5.75], "texture": "#0"},
				"up": {"uv": [7.125, 2.375, 5.125, 2.125], "texture": "#0"},
				"down": {"uv": [7.625, 5.125, 5.625, 5.375], "texture": "#0"}
			}
		},
		{
			"from": [19, 17, 6.5],
			"to": [23, 18, 8.5],
			"rotation": {"angle": 0, "axis": "y", "origin": [23, -1, 7.5]},
			"faces": {
				"north": {"uv": [0, 0, 0.5, 0.125], "texture": "#0"},
				"east": {"uv": [2.25, 4, 2.5, 4.125], "texture": "#0"},
				"south": {"uv": [2, 0, 2.5, 0.125], "texture": "#0"},
				"west": {"uv": [2.5, 4, 2.75, 4.125], "texture": "#0"},
				"up": {"uv": [5.625, 2.375, 5.125, 2.125], "texture": "#0"},
				"down": {"uv": [6.125, 5.125, 5.625, 5.375], "texture": "#0"}
			}
		},
		{
			"from": [7, 17, 6.5],
			"to": [11, 18, 8.5],
			"rotation": {"angle": 0, "axis": "y", "origin": [11, -1, 7.5]},
			"faces": {
				"north": {"uv": [0, 0, 0.5, 0.125], "texture": "#0"},
				"east": {"uv": [2.25, 4, 2.5, 4.125], "texture": "#0"},
				"south": {"uv": [2, 0, 2.5, 0.125], "texture": "#0"},
				"west": {"uv": [2.5, 4, 2.75, 4.125], "texture": "#0"},
				"up": {"uv": [5.625, 2.375, 5.125, 2.125], "texture": "#0"},
				"down": {"uv": [6.125, 5.125, 5.625, 5.375], "texture": "#0"}
			}
		},
		{
			"from": [7, 0, 6.5],
			"to": [23, 10, 8.5],
			"rotation": {"angle": 0, "axis": "y", "origin": [23, -15, 7.5]},
			"faces": {
				"north": {"uv": [0, 0, 2, 1.25], "texture": "#0"},
				"east": {"uv": [2.25, 4, 2.5, 5.25], "texture": "#0"},
				"south": {"uv": [2, 0, 4, 1.25], "texture": "#0"},
				"west": {"uv": [2.5, 4, 2.75, 5.25], "texture": "#0"},
				"up": {"uv": [7.125, 2.375, 5.125, 2.125], "texture": "#0"},
				"down": {"uv": [7.625, 5.125, 5.625, 5.375], "texture": "#0"}
			}
		},
		{
			"from": [9, 13, 7],
			"to": [21, 17, 8],
			"rotation": {"angle": 0, "axis": "y", "origin": [23, -5, 7.5]},
			"faces": {
				"north": {"uv": [0, 0, 1.5, 0.5], "texture": "#0"},
				"east": {"uv": [2.25, 4, 2.375, 4.5], "texture": "#0"},
				"south": {"uv": [2, 0, 3.5, 0.5], "texture": "#0"},
				"west": {"uv": [2.5, 4, 2.625, 4.5], "texture": "#0"},
				"up": {"uv": [6.625, 2.25, 5.125, 2.125], "texture": "#0"},
				"down": {"uv": [7.125, 5.125, 5.625, 5.25], "texture": "#0"}
			}
		},
		{
			"from": [11, 12, 7],
			"to": [21, 13, 8],
			"rotation": {"angle": 0, "axis": "y", "origin": [25, -6, 7.5]},
			"faces": {
				"north": {"uv": [0, 0, 1.25, 0.125], "texture": "#0"},
				"east": {"uv": [2.25, 4, 2.375, 4.125], "texture": "#0"},
				"south": {"uv": [2, 0, 3.25, 0.125], "texture": "#0"},
				"west": {"uv": [2.5, 4, 2.625, 4.125], "texture": "#0"},
				"up": {"uv": [6.375, 2.25, 5.125, 2.125], "texture": "#0"},
				"down": {"uv": [6.875, 5.125, 5.625, 5.25], "texture": "#0"}
			}
		},
		{
			"from": [11, 10, 6.75],
			"to": [21, 12, 8.25],
			"rotation": {"angle": 0, "axis": "y", "origin": [25, -7, 7.5]},
			"faces": {
				"north": {"uv": [0, 0, 1.25, 0.25], "texture": "#0"},
				"east": {"uv": [2.25, 4, 2.4375, 4.25], "texture": "#0"},
				"south": {"uv": [2, 0, 3.25, 0.25], "texture": "#0"},
				"west": {"uv": [2.5, 4, 2.6875, 4.25], "texture": "#0"},
				"up": {"uv": [6.375, 2.3125, 5.125, 2.125], "texture": "#0"},
				"down": {"uv": [6.875, 5.125, 5.625, 5.3125], "texture": "#0"}
			}
		},
		{
			"from": [9, 10, 6.5],
			"to": [11, 13, 8.5],
			"rotation": {"angle": 0, "axis": "y", "origin": [15, -7, 7.5]},
			"faces": {
				"north": {"uv": [0, 0, 0.25, 0.375], "texture": "#0"},
				"east": {"uv": [2.25, 4, 2.5, 4.375], "texture": "#0"},
				"south": {"uv": [2, 0, 2.25, 0.375], "texture": "#0"},
				"west": {"uv": [2.5, 4, 2.75, 4.375], "texture": "#0"},
				"up": {"uv": [5.375, 2.375, 5.125, 2.125], "texture": "#0"},
				"down": {"uv": [5.875, 5.125, 5.625, 5.375], "texture": "#0"}
			}
		},
		{
			"from": [11, 17, 7],
			"to": [19, 18, 8],
			"rotation": {"angle": 0, "axis": "y", "origin": [23, -4, 7.5]},
			"faces": {
				"north": {"uv": [0, 0, 1, 0.125], "texture": "#0"},
				"east": {"uv": [2.25, 4, 2.375, 4.125], "texture": "#0"},
				"south": {"uv": [2, 0, 3, 0.125], "texture": "#0"},
				"west": {"uv": [2.5, 4, 2.625, 4.125], "texture": "#0"},
				"up": {"uv": [6.125, 2.25, 5.125, 2.125], "texture": "#0"},
				"down": {"uv": [6.625, 5.125, 5.625, 5.25], "texture": "#0"}
			}
		},
		{
			"from": [10.5, 19, 6],
			"to": [19.5, 28, 6.5],
			"rotation": {"angle": 0, "axis": "y", "origin": [19, -6, 6]},
			"faces": {
				"north": {"uv": [0, 4, 1.125, 5.125], "texture": "#0"},
				"east": {"uv": [1.875, 5.25, 1.9375, 6.375], "texture": "#0"},
				"south": {"uv": [4, 0, 5.125, 1.125], "texture": "#0"},
				"west": {"uv": [2, 5.25, 2.0625, 6.375], "texture": "#0"},
				"up": {"uv": [7, 4.8125, 5.875, 4.75], "texture": "#0"},
				"down": {"uv": [7, 4.875, 5.875, 4.9375], "texture": "#0"}
			}
		},
		{
			"from": [10.5, 18.5, 6],
			"to": [14.5, 19, 6.5],
			"rotation": {"angle": 0, "axis": "y", "origin": [19, -7, 6]},
			"faces": {
				"north": {"uv": [0, 4, 0.5, 4.0625], "texture": "#0"},
				"east": {"uv": [1.875, 5.25, 1.9375, 5.3125], "texture": "#0"},
				"south": {"uv": [4, 0, 4.5, 0.0625], "texture": "#0"},
				"west": {"uv": [2, 5.25, 2.0625, 5.3125], "texture": "#0"},
				"up": {"uv": [6.375, 4.8125, 5.875, 4.75], "texture": "#0"},
				"down": {"uv": [6.375, 4.875, 5.875, 4.9375], "texture": "#0"}
			}
		},
		{
			"from": [16.5, 18.25, 6],
			"to": [19.5, 19, 6.5],
			"rotation": {"angle": 0, "axis": "y", "origin": [24, -7, 6]},
			"faces": {
				"north": {"uv": [0, 4, 0.375, 4.09375], "texture": "#0"},
				"east": {"uv": [1.875, 5.25, 1.9375, 5.34375], "texture": "#0"},
				"south": {"uv": [4, 0, 4.375, 0.09375], "texture": "#0"},
				"west": {"uv": [2, 5.25, 2.0625, 5.34375], "texture": "#0"},
				"up": {"uv": [6.25, 4.8125, 5.875, 4.75], "texture": "#0"},
				"down": {"uv": [6.25, 4.875, 5.875, 4.9375], "texture": "#0"}
			}
		},
		{
			"from": [10.5, 4, 6],
			"to": [19.5, 9, 6.5],
			"rotation": {"angle": 0, "axis": "y", "origin": [19, -20, 6]},
			"faces": {
				"north": {"uv": [4.75, 2.5, 5.875, 3.125], "texture": "#0"},
				"east": {"uv": [0.125, 5.875, 0.1875, 6.5], "texture": "#0"},
				"south": {"uv": [4.75, 3.375, 5.875, 4], "texture": "#0"},
				"west": {"uv": [0.25, 5.875, 0.3125, 6.5], "texture": "#0"},
				"up": {"uv": [7, 5.0625, 5.875, 5], "texture": "#0"},
				"down": {"uv": [7.125, 0.875, 6, 0.9375], "texture": "#0"}
			}
		},
		{
			"from": [10.5, 18, 8.5],
			"to": [19.5, 28, 9],
			"rotation": {"angle": 0, "axis": "y", "origin": [19, -6, 8.5]},
			"faces": {
				"north": {"uv": [1.125, 4, 2.25, 5.25], "texture": "#0"},
				"east": {"uv": [2.125, 5.25, 2.1875, 6.5], "texture": "#0"},
				"south": {"uv": [4, 1.25, 5.125, 2.5], "texture": "#0"},
				"west": {"uv": [0, 5.875, 0.0625, 7.125], "texture": "#0"},
				"up": {"uv": [7.125, 1.0625, 6, 1], "texture": "#0"},
				"down": {"uv": [7.125, 1.125, 6, 1.1875], "texture": "#0"}
			}
		},
		{
			"from": [10.5, 4, 8.5],
			"to": [19.5, 11, 9],
			"rotation": {"angle": 0, "axis": "y", "origin": [19, -20, 8.5]},
			"faces": {
				"north": {"uv": [4.75, 4.25, 5.875, 5.125], "texture": "#0"},
				"east": {"uv": [0.375, 5.875, 0.4375, 6.75], "texture": "#0"},
				"south": {"uv": [5.125, 0, 6.25, 0.875], "texture": "#0"},
				"west": {"uv": [0.5, 5.875, 0.5625, 6.75], "texture": "#0"},
				"up": {"uv": [7.125, 1.3125, 6, 1.25], "texture": "#0"},
				"down": {"uv": [7.125, 1.375, 6, 1.4375], "texture": "#0"}
			}
		},
		{
			"from": [9, 30, 6],
			"to": [21, 32, 6.5],
			"rotation": {"angle": 0, "axis": "y", "origin": [19, 0, 6]},
			"faces": {
				"north": {"uv": [5.625, 5.375, 7.125, 5.625], "texture": "#0"},
				"east": {"uv": [0.625, 6.25, 0.6875, 6.5], "texture": "#0"},
				"south": {"uv": [5.625, 5.625, 7.125, 5.875], "texture": "#0"},
				"west": {"uv": [0.75, 6.25, 0.8125, 6.5], "texture": "#0"},
				"up": {"uv": [7.375, 3.9375, 5.875, 3.875], "texture": "#0"},
				"down": {"uv": [7.375, 4, 5.875, 4.0625], "texture": "#0"}
			}
		},
		{
			"from": [21, 0, 6],
			"to": [23, 32, 6.5],
			"rotation": {"angle": 0, "axis": "y", "origin": [21, 0, 6]},
			"faces": {
				"north": {"uv": [4, 2.5, 4.25, 6.5], "texture": "#0"},
				"east": {"uv": [0.875, 5.25, 0.9375, 9.25], "texture": "#0"},
				"south": {"uv": [2.75, 4, 3, 8], "texture": "#0"},
				"west": {"uv": [1, 5.25, 1.0625, 9.25], "texture": "#0"},
				"up": {"uv": [6.5, 6.3125, 6.25, 6.25], "texture": "#0"},
				"down": {"uv": [6.625, 0, 6.375, 0.0625], "texture": "#0"}
			}
		},
		{
			"from": [7, 0, 6],
			"to": [9, 32, 6.5],
			"rotation": {"angle": 0, "axis": "y", "origin": [7, 0, 6]},
			"faces": {
				"north": {"uv": [3, 4, 3.25, 8], "texture": "#0"},
				"east": {"uv": [1.125, 5.25, 1.1875, 9.25], "texture": "#0"},
				"south": {"uv": [3.25, 4, 3.5, 8], "texture": "#0"},
				"west": {"uv": [1.25, 5.25, 1.3125, 9.25], "texture": "#0"},
				"up": {"uv": [6.625, 0.1875, 6.375, 0.125], "texture": "#0"},
				"down": {"uv": [6.625, 0.25, 6.375, 0.3125], "texture": "#0"}
			}
		},
		{
			"from": [9, 0, 6],
			"to": [21, 2, 6.5],
			"rotation": {"angle": 0, "axis": "y", "origin": [19, -30, 6]},
			"faces": {
				"north": {"uv": [5.875, 2.375, 7.375, 2.625], "texture": "#0"},
				"east": {"uv": [6.375, 0.375, 6.4375, 0.625], "texture": "#0"},
				"south": {"uv": [5.875, 2.625, 7.375, 2.875], "texture": "#0"},
				"west": {"uv": [6.375, 1.875, 6.4375, 2.125], "texture": "#0"},
				"up": {"uv": [7.375, 4.1875, 5.875, 4.125], "texture": "#0"},
				"down": {"uv": [7.375, 4.25, 5.875, 4.3125], "texture": "#0"}
			}
		},
		{
			"from": [9, 30, 8.5],
			"to": [21, 32, 9],
			"rotation": {"angle": 0, "axis": "y", "origin": [19, 0, 8.5]},
			"faces": {
				"north": {"uv": [5.875, 2.875, 7.375, 3.125], "texture": "#0"},
				"east": {"uv": [4.75, 6.375, 4.8125, 6.625], "texture": "#0"},
				"south": {"uv": [5.875, 3.125, 7.375, 3.375], "texture": "#0"},
				"west": {"uv": [4.875, 6.375, 4.9375, 6.625], "texture": "#0"},
				"up": {"uv": [7.375, 4.4375, 5.875, 4.375], "texture": "#0"},
				"down": {"uv": [7.375, 4.5, 5.875, 4.5625], "texture": "#0"}
			}
		},
		{
			"from": [7, 0, 8.5],
			"to": [9, 32, 9],
			"rotation": {"angle": 0, "axis": "y", "origin": [7, 0, 8.5]},
			"faces": {
				"north": {"uv": [3.5, 4, 3.75, 8], "texture": "#0"},
				"east": {"uv": [1.375, 5.25, 1.4375, 9.25], "texture": "#0"},
				"south": {"uv": [3.75, 4, 4, 8], "texture": "#0"},
				"west": {"uv": [1.5, 5.25, 1.5625, 9.25], "texture": "#0"},
				"up": {"uv": [6.625, 0.6875, 6.375, 0.625], "texture": "#0"},
				"down": {"uv": [5.25, 6.375, 5, 6.4375], "texture": "#0"}
			}
		},
		{
			"from": [21, 0, 8.5],
			"to": [23, 32, 9],
			"rotation": {"angle": 0, "axis": "y", "origin": [21, 0, 8.5]},
			"faces": {
				"north": {"uv": [4.25, 2.5, 4.5, 6.5], "texture": "#0"},
				"east": {"uv": [1.625, 5.25, 1.6875, 9.25], "texture": "#0"},
				"south": {"uv": [4.5, 2.5, 4.75, 6.5], "texture": "#0"},
				"west": {"uv": [1.75, 5.25, 1.8125, 9.25], "texture": "#0"},
				"up": {"uv": [5.5, 6.4375, 5.25, 6.375], "texture": "#0"},
				"down": {"uv": [6.25, 6.375, 6, 6.4375], "texture": "#0"}
			}
		},
		{
			"from": [9, 0, 8.5],
			"to": [21, 2, 9],
			"rotation": {"angle": 0, "axis": "y", "origin": [19, -30, 8.5]},
			"faces": {
				"north": {"uv": [5.875, 3.375, 7.375, 3.625], "texture": "#0"},
				"east": {"uv": [6.25, 6.375, 6.3125, 6.625], "texture": "#0"},
				"south": {"uv": [5.875, 3.625, 7.375, 3.875], "texture": "#0"},
				"west": {"uv": [6.375, 6.375, 6.4375, 6.625], "texture": "#0"},
				"up": {"uv": [7.375, 4.6875, 5.875, 4.625], "texture": "#0"},
				"down": {"uv": [6.25, 5.875, 4.75, 5.9375], "texture": "#0"}
			}
		},
		{
			"from": [18.25, 13, 6.5],
			"to": [19.75, 16, 7],
			"rotation": {"angle": 0, "axis": "y", "origin": [18, 14, 6.5]},
			"faces": {
				"north": {"uv": [0.625, 5.875, 0.8125, 6.25], "texture": "#0"},
				"east": {"uv": [6, 6, 6.0625, 6.375], "texture": "#0"},
				"south": {"uv": [4.75, 6, 4.9375, 6.375], "texture": "#0"},
				"west": {"uv": [6.125, 6, 6.1875, 6.375], "texture": "#0"},
				"up": {"uv": [6.6875, 0.4375, 6.5, 0.375], "texture": "#0"},
				"down": {"uv": [6.6875, 0.5, 6.5, 0.5625], "texture": "#0"}
			}
		},
		{
			"from": [18.25, 13, 8],
			"to": [19.75, 16, 8.5],
			"rotation": {"angle": 0, "axis": "y", "origin": [18, 14, 8]},
			"faces": {
				"north": {"uv": [5, 6, 5.1875, 6.375], "texture": "#0"},
				"east": {"uv": [6.25, 0, 6.3125, 0.375], "texture": "#0"},
				"south": {"uv": [5.25, 6, 5.4375, 6.375], "texture": "#0"},
				"west": {"uv": [6.25, 0.375, 6.3125, 0.75], "texture": "#0"},
				"up": {"uv": [0.8125, 6.5625, 0.625, 6.5], "texture": "#0"},
				"down": {"uv": [2.0625, 6.5, 1.875, 6.5625], "texture": "#0"}
			}
		},
		{
			"from": [18.25, 14.5, 5.5],
			"to": [19.25, 15.5, 6.5],
			"rotation": {"angle": 22.5, "axis": "z", "origin": [19.25, 15.5, 6]},
			"faces": {
				"north": {"uv": [6.5, 1.875, 6.625, 2], "texture": "#0"},
				"east": {"uv": [6.5, 2, 6.625, 2.125], "texture": "#0"},
				"south": {"uv": [2.125, 6.5, 2.25, 6.625], "texture": "#0"},
				"west": {"uv": [4, 6.5, 4.125, 6.625], "texture": "#0"},
				"up": {"uv": [4.25, 6.625, 4.125, 6.5], "texture": "#0"},
				"down": {"uv": [4.375, 6.5, 4.25, 6.625], "texture": "#0"}
			}
		},
		{
			"from": [18.25, 14.5, 8.5],
			"to": [19.25, 15.5, 9.5],
			"rotation": {"angle": 22.5, "axis": "z", "origin": [19.25, 15.5, 9.5]},
			"faces": {
				"north": {"uv": [4.375, 6.5, 4.5, 6.625], "texture": "#0"},
				"east": {"uv": [4.5, 6.5, 4.625, 6.625], "texture": "#0"},
				"south": {"uv": [4.625, 6.5, 4.75, 6.625], "texture": "#0"},
				"west": {"uv": [5, 6.5, 5.125, 6.625], "texture": "#0"},
				"up": {"uv": [5.25, 6.625, 5.125, 6.5], "texture": "#0"},
				"down": {"uv": [5.375, 6.5, 5.25, 6.625], "texture": "#0"}
			}
		},
		{
			"from": [15.25, 14.5, 5.5],
			"to": [18.25, 15.5, 6],
			"rotation": {"angle": 22.5, "axis": "z", "origin": [19.25, 15.5, 6]},
			"faces": {
				"north": {"uv": [5.125, 2.375, 5.5, 2.5], "texture": "#0"},
				"east": {"uv": [5.375, 6.5, 5.4375, 6.625], "texture": "#0"},
				"south": {"uv": [5.5, 2.375, 5.875, 2.5], "texture": "#0"},
				"west": {"uv": [6, 6.5, 6.0625, 6.625], "texture": "#0"},
				"up": {"uv": [6.375, 1.9375, 6, 1.875], "texture": "#0"},
				"down": {"uv": [6.375, 2, 6, 2.0625], "texture": "#0"}
			}
		},
		{
			"from": [15.25, 14.5, 9],
			"to": [18.25, 15.5, 9.5],
			"rotation": {"angle": 22.5, "axis": "z", "origin": [19.25, 15.5, 9.5]},
			"faces": {
				"north": {"uv": [6.25, 0.75, 6.625, 0.875], "texture": "#0"},
				"east": {"uv": [6.125, 6.5, 6.1875, 6.625], "texture": "#0"},
				"south": {"uv": [6.25, 5.875, 6.625, 6], "texture": "#0"},
				"west": {"uv": [6.5, 6.25, 6.5625, 6.375], "texture": "#0"},
				"up": {"uv": [6.625, 6.0625, 6.25, 6], "texture": "#0"},
				"down": {"uv": [6.625, 6.125, 6.25, 6.1875], "texture": "#0"}
			}
		}
	],
	"groups": [
		{
			"name": "root",
			"origin": [8, 8, 8],
			"color": 0,
			"children": [
				0,
				1,
				2,
				3,
				4,
				5,
				6,
				7,
				8,
				9,
				10,
				{
					"name": "extrusions",
					"origin": [12, -20, 0],
					"color": 0,
					"children": [11, 12, 13, 14, 15, 16]
				},
				{
					"name": "outline",
					"origin": [12, -30, 2.5],
					"color": 0,
					"children": [17, 18, 19, 20, 21, 22, 23, 24]
				},
				{
					"name": "handles",
					"origin": [8, 8, 8],
					"color": 0,
					"children": [25, 26, 27, 28, 29, 30]
				}
			]
		}
	]
}