{
	"credit": "Made with Blockbench",
	"texture_size": [128, 128],
	"textures": {
		"0": "item/doors/doors/hotel_door",
		"particle": "item/doors/doors/hotel_door"
	},
	"elements": [
		{
			"from": [-2, 30, 7.5],
			"to": [18, 30.5, 8],
			"rotation": {"angle": 0, "axis": "y", "origin": [12, 0, 7.75]},
			"faces": {
				"north": {"uv": [2.875, 3.625, 5.375, 3.6875], "texture": "#0"},
				"east": {"uv": [0.625, 6.25, 0.75, 6.3125], "texture": "#0"},
				"south": {"uv": [4.25, 3.75, 6.75, 3.8125], "texture": "#0"},
				"west": {"uv": [0.75, 6.25, 0.875, 6.3125], "texture": "#0"},
				"up": {"uv": [4.75, 3.875, 2.25, 3.75], "texture": "#0"},
				"down": {"uv": [3.75, 4, 2.25, 4.125], "texture": "#0"}
			}
		},
		{
			"from": [-2.5, 30.5, 7.25],
			"to": [18.5, 32, 8],
			"rotation": {"angle": 0, "axis": "y", "origin": [12, 1, 7.75]},
			"faces": {
				"north": {"uv": [0.375, 2.25, 3, 2.4375], "texture": "#0"},
				"east": {"uv": [0.625, 6.25, 0.78125, 6.4375], "texture": "#0"},
				"south": {"uv": [2.875, 4.5, 5.5, 4.6875], "texture": "#0"},
				"west": {"uv": [0.75, 6.25, 0.90625, 6.4375], "texture": "#0"},
				"up": {"uv": [4.875, 3.90625, 2.25, 3.75], "texture": "#0"},
				"down": {"uv": [3.75, 4, 2.25, 4.125], "texture": "#0"}
			}
		},
		{
			"from": [16, -2, 7.5],
			"to": [18, 30, 8],
			"rotation": {"angle": 0, "axis": "y", "origin": [16, -1, 7.75]},
			"faces": {
				"north": {"uv": [3, 1.25, 3.25, 5.125], "texture": "#0"},
				"east": {"uv": [0.875, 5.25, 1, 9.125], "texture": "#0"},
				"south": {"uv": [0.375, 1.25, 0.625, 5.125], "texture": "#0"},
				"west": {"uv": [1, 5.25, 1.125, 9.125], "texture": "#0"},
				"up": {"uv": [2.875, 6.25, 2.625, 6.125], "texture": "#0"},
				"down": {"uv": [3, 0, 2.75, 0.125], "texture": "#0"}
			}
		},
		{
			"from": [-2, -2, 7.5],
			"to": [0, 30, 8],
			"rotation": {"angle": 0, "axis": "y", "origin": [-2, -1, 7.75]},
			"faces": {
				"north": {"uv": [4, 1.75, 4.25, 5.625], "texture": "#0"},
				"east": {"uv": [1.125, 5.25, 1.25, 9.125], "texture": "#0"},
				"south": {"uv": [2.25, 1.5, 2.5, 5.375], "texture": "#0"},
				"west": {"uv": [1.25, 5.25, 1.375, 9.125], "texture": "#0"},
				"up": {"uv": [3, 0.125, 2.75, 0], "texture": "#0"},
				"down": {"uv": [3, 0.25, 2.75, 0.375], "texture": "#0"}
			}
		}
	],
	"groups": [
		{
			"name": "root",
			"origin": [8, 8, 8],
			"color": 0,
			"children": [
				{
					"name": "extrusions",
					"origin": [12, -20, 0],
					"color": 0,
					"children": []
				},
				{
					"name": "outline",
					"origin": [12, -30, 2.5],
					"color": 0,
					"children": [0, 1, 2, 3]
				}
			]
		}
	]
}