{
	"credit": "Made with Blockbench",
	"texture_size": [128, 128],
	"textures": {
		"0": "item/doors/doors/hotel_door",
		"particle": "item/doors/doors/hotel_door"
	},
	"elements": [
		{
			"from": [7, 0, 6.5],
			"to": [23, 32, 8.5],
			"rotation": {"angle": 0, "axis": "y", "origin": [23, 0, 7.5]},
			"faces": {
				"north": {"uv": [0, 0, 2, 4], "texture": "#0"},
				"east": {"uv": [2.25, 4, 2.5, 8], "texture": "#0"},
				"south": {"uv": [2, 0, 4, 4], "texture": "#0"},
				"west": {"uv": [2.5, 4, 2.75, 8], "texture": "#0"},
				"up": {"uv": [7.125, 2.375, 5.125, 2.125], "texture": "#0"},
				"down": {"uv": [7.625, 5.125, 5.625, 5.375], "texture": "#0"}
			}
		},
		{
			"from": [10.5, 18, 6],
			"to": [19.5, 28, 6.5],
			"rotation": {"angle": 0, "axis": "y", "origin": [19, -6, 6]},
			"faces": {
				"north": {"uv": [0, 4, 1.125, 5.25], "texture": "#0"},
				"east": {"uv": [1.875, 5.25, 2, 6.5], "texture": "#0"},
				"south": {"uv": [4, 0, 5.125, 1.25], "texture": "#0"},
				"west": {"uv": [2, 5.25, 2.125, 6.5], "texture": "#0"},
				"up": {"uv": [7, 4.875, 5.875, 4.75], "texture": "#0"},
				"down": {"uv": [7, 4.875, 5.875, 5], "texture": "#0"}
			}
		},
		{
			"from": [10.5, 4, 6],
			"to": [19.5, 11, 6.5],
			"rotation": {"angle": 0, "axis": "y", "origin": [19, -20, 6]},
			"faces": {
				"north": {"uv": [4.75, 2.5, 5.875, 3.375], "texture": "#0"},
				"east": {"uv": [0.125, 5.875, 0.25, 6.75], "texture": "#0"},
				"south": {"uv": [4.75, 3.375, 5.875, 4.25], "texture": "#0"},
				"west": {"uv": [0.25, 5.875, 0.375, 6.75], "texture": "#0"},
				"up": {"uv": [7, 5.125, 5.875, 5], "texture": "#0"},
				"down": {"uv": [7.125, 0.875, 6, 1], "texture": "#0"}
			}
		},
		{
			"from": [10.5, 18, 8.5],
			"to": [19.5, 28, 9],
			"rotation": {"angle": 0, "axis": "y", "origin": [19, -6, 8.5]},
			"faces": {
				"north": {"uv": [1.125, 4, 2.25, 5.25], "texture": "#0"},
				"east": {"uv": [2.125, 5.25, 2.25, 6.5], "texture": "#0"},
				"south": {"uv": [4, 1.25, 5.125, 2.5], "texture": "#0"},
				"west": {"uv": [0, 5.875, 0.125, 7.125], "texture": "#0"},
				"up": {"uv": [7.125, 1.125, 6, 1], "texture": "#0"},
				"down": {"uv": [7.125, 1.125, 6, 1.25], "texture": "#0"}
			}
		},
		{
			"from": [10.5, 4, 8.5],
			"to": [19.5, 11, 9],
			"rotation": {"angle": 0, "axis": "y", "origin": [19, -20, 8.5]},
			"faces": {
				"north": {"uv": [4.75, 4.25, 5.875, 5.125], "texture": "#0"},
				"east": {"uv": [0.375, 5.875, 0.5, 6.75], "texture": "#0"},
				"south": {"uv": [5.125, 0, 6.25, 0.875], "texture": "#0"},
				"west": {"uv": [0.5, 5.875, 0.625, 6.75], "texture": "#0"},
				"up": {"uv": [7.125, 1.375, 6, 1.25], "texture": "#0"},
				"down": {"uv": [7.125, 1.375, 6, 1.5], "texture": "#0"}
			}
		},
		{
			"from": [9, 30, 6],
			"to": [21, 32, 6.5],
			"rotation": {"angle": 0, "axis": "y", "origin": [19, 0, 6]},
			"faces": {
				"north": {"uv": [5.625, 5.375, 7.125, 5.625], "texture": "#0"},
				"east": {"uv": [0.625, 6.25, 0.75, 6.5], "texture": "#0"},
				"south": {"uv": [5.625, 5.625, 7.125, 5.875], "texture": "#0"},
				"west": {"uv": [0.75, 6.25, 0.875, 6.5], "texture": "#0"},
				"up": {"uv": [7.375, 4, 5.875, 3.875], "texture": "#0"},
				"down": {"uv": [7.375, 4, 5.875, 4.125], "texture": "#0"}
			}
		},
		{
			"from": [21, 0, 6],
			"to": [23, 32, 6.5],
			"rotation": {"angle": 0, "axis": "y", "origin": [21, 0, 6]},
			"faces": {
				"north": {"uv": [4, 2.5, 4.25, 6.5], "texture": "#0"},
				"east": {"uv": [0.875, 5.25, 1, 9.25], "texture": "#0"},
				"south": {"uv": [2.75, 4, 3, 8], "texture": "#0"},
				"west": {"uv": [1, 5.25, 1.125, 9.25], "texture": "#0"},
				"up": {"uv": [6.5, 6.375, 6.25, 6.25], "texture": "#0"},
				"down": {"uv": [6.625, 0, 6.375, 0.125], "texture": "#0"}
			}
		},
		{
			"from": [7, 0, 6],
			"to": [9, 32, 6.5],
			"rotation": {"angle": 0, "axis": "y", "origin": [7, 0, 6]},
			"faces": {
				"north": {"uv": [3, 4, 3.25, 8], "texture": "#0"},
				"east": {"uv": [1.125, 5.25, 1.25, 9.25], "texture": "#0"},
				"south": {"uv": [3.25, 4, 3.5, 8], "texture": "#0"},
				"west": {"uv": [1.25, 5.25, 1.375, 9.25], "texture": "#0"},
				"up": {"uv": [6.625, 0.25, 6.375, 0.125], "texture": "#0"},
				"down": {"uv": [6.625, 0.25, 6.375, 0.375], "texture": "#0"}
			}
		},
		{
			"from": [9, 0, 6],
			"to": [21, 2, 6.5],
			"rotation": {"angle": 0, "axis": "y", "origin": [19, -30, 6]},
			"faces": {
				"north": {"uv": [5.875, 2.375, 7.375, 2.625], "texture": "#0"},
				"east": {"uv": [6.375, 0.375, 6.5, 0.625], "texture": "#0"},
				"south": {"uv": [5.875, 2.625, 7.375, 2.875], "texture": "#0"},
				"west": {"uv": [6.375, 1.875, 6.5, 2.125], "texture": "#0"},
				"up": {"uv": [7.375, 4.25, 5.875, 4.125], "texture": "#0"},
				"down": {"uv": [7.375, 4.25, 5.875, 4.375], "texture": "#0"}
			}
		},
		{
			"from": [9, 30, 8.5],
			"to": [21, 32, 9],
			"rotation": {"angle": 0, "axis": "y", "origin": [19, 0, 8.5]},
			"faces": {
				"north": {"uv": [5.875, 2.875, 7.375, 3.125], "texture": "#0"},
				"east": {"uv": [4.75, 6.375, 4.875, 6.625], "texture": "#0"},
				"south": {"uv": [5.875, 3.125, 7.375, 3.375], "texture": "#0"},
				"west": {"uv": [4.875, 6.375, 5, 6.625], "texture": "#0"},
				"up": {"uv": [7.375, 4.5, 5.875, 4.375], "texture": "#0"},
				"down": {"uv": [7.375, 4.5, 5.875, 4.625], "texture": "#0"}
			}
		},
		{
			"from": [7, 0, 8.5],
			"to": [9, 32, 9],
			"rotation": {"angle": 0, "axis": "y", "origin": [7, 0, 8.5]},
			"faces": {
				"north": {"uv": [3.5, 4, 3.75, 8], "texture": "#0"},
				"east": {"uv": [1.375, 5.25, 1.5, 9.25], "texture": "#0"},
				"south": {"uv": [3.75, 4, 4, 8], "texture": "#0"},
				"west": {"uv": [1.5, 5.25, 1.625, 9.25], "texture": "#0"},
				"up": {"uv": [6.625, 0.75, 6.375, 0.625], "texture": "#0"},
				"down": {"uv": [5.25, 6.375, 5, 6.5], "texture": "#0"}
			}
		},
		{
			"from": [21, 0, 8.5],
			"to": [23, 32, 9],
			"rotation": {"angle": 0, "axis": "y", "origin": [21, 0, 8.5]},
			"faces": {
				"north": {"uv": [4.25, 2.5, 4.5, 6.5], "texture": "#0"},
				"east": {"uv": [1.625, 5.25, 1.75, 9.25], "texture": "#0"},
				"south": {"uv": [4.5, 2.5, 4.75, 6.5], "texture": "#0"},
				"west": {"uv": [1.75, 5.25, 1.875, 9.25], "texture": "#0"},
				"up": {"uv": [5.5, 6.5, 5.25, 6.375], "texture": "#0"},
				"down": {"uv": [6.25, 6.375, 6, 6.5], "texture": "#0"}
			}
		},
		{
			"from": [9, 0, 8.5],
			"to": [21, 2, 9],
			"rotation": {"angle": 0, "axis": "y", "origin": [19, -30, 8.5]},
			"faces": {
				"north": {"uv": [5.875, 3.375, 7.375, 3.625], "texture": "#0"},
				"east": {"uv": [6.25, 6.375, 6.375, 6.625], "texture": "#0"},
				"south": {"uv": [5.875, 3.625, 7.375, 3.875], "texture": "#0"},
				"west": {"uv": [6.375, 6.375, 6.5, 6.625], "texture": "#0"},
				"up": {"uv": [7.375, 4.75, 5.875, 4.625], "texture": "#0"},
				"down": {"uv": [6.25, 5.875, 4.75, 6], "texture": "#0"}
			}
		},
		{
			"from": [18.25, 13, 6],
			"to": [19.75, 16, 6.5],
			"rotation": {"angle": 0, "axis": "y", "origin": [18, 14, 6]},
			"faces": {
				"north": {"uv": [0.625, 5.875, 0.875, 6.25], "texture": "#0"},
				"east": {"uv": [6, 6, 6.125, 6.375], "texture": "#0"},
				"south": {"uv": [4.75, 6, 5, 6.375], "texture": "#0"},
				"west": {"uv": [6.125, 6, 6.25, 6.375], "texture": "#0"},
				"up": {"uv": [6.75, 0.5, 6.5, 0.375], "texture": "#0"},
				"down": {"uv": [6.75, 0.5, 6.5, 0.625], "texture": "#0"}
			}
		},
		{
			"from": [18.25, 13, 8.5],
			"to": [19.75, 16, 9],
			"rotation": {"angle": 0, "axis": "y", "origin": [18, 14, 8.5]},
			"faces": {
				"north": {"uv": [5, 6, 5.25, 6.375], "texture": "#0"},
				"east": {"uv": [6.25, 0, 6.375, 0.375], "texture": "#0"},
				"south": {"uv": [5.25, 6, 5.5, 6.375], "texture": "#0"},
				"west": {"uv": [6.25, 0.375, 6.375, 0.75], "texture": "#0"},
				"up": {"uv": [0.875, 6.625, 0.625, 6.5], "texture": "#0"},
				"down": {"uv": [2.125, 6.5, 1.875, 6.625], "texture": "#0"}
			}
		},
		{
			"from": [18.25, 14, 5],
			"to": [19.25, 15, 6],
			"rotation": {"angle": 0, "axis": "y", "origin": [18, 14, 5.5]},
			"faces": {
				"north": {"uv": [6.5, 1.875, 6.625, 2], "texture": "#0"},
				"east": {"uv": [6.5, 2, 6.625, 2.125], "texture": "#0"},
				"south": {"uv": [2.125, 6.5, 2.25, 6.625], "texture": "#0"},
				"west": {"uv": [4, 6.5, 4.125, 6.625], "texture": "#0"},
				"up": {"uv": [4.25, 6.625, 4.125, 6.5], "texture": "#0"},
				"down": {"uv": [4.375, 6.5, 4.25, 6.625], "texture": "#0"}
			}
		},
		{
			"from": [18.25, 14, 9],
			"to": [19.25, 15, 10],
			"rotation": {"angle": 0, "axis": "y", "origin": [18, 14, 9.5]},
			"faces": {
				"north": {"uv": [4.375, 6.5, 4.5, 6.625], "texture": "#0"},
				"east": {"uv": [4.5, 6.5, 4.625, 6.625], "texture": "#0"},
				"south": {"uv": [4.625, 6.5, 4.75, 6.625], "texture": "#0"},
				"west": {"uv": [5, 6.5, 5.125, 6.625], "texture": "#0"},
				"up": {"uv": [5.25, 6.625, 5.125, 6.5], "texture": "#0"},
				"down": {"uv": [5.375, 6.5, 5.25, 6.625], "texture": "#0"}
			}
		},
		{
			"from": [15.25, 14, 5],
			"to": [18.25, 15, 5.5],
			"rotation": {"angle": 0, "axis": "y", "origin": [17, 14, 5.5]},
			"faces": {
				"north": {"uv": [5.125, 2.375, 5.5, 2.5], "texture": "#0"},
				"east": {"uv": [5.375, 6.5, 5.5, 6.625], "texture": "#0"},
				"south": {"uv": [5.5, 2.375, 5.875, 2.5], "texture": "#0"},
				"west": {"uv": [6, 6.5, 6.125, 6.625], "texture": "#0"},
				"up": {"uv": [6.375, 2, 6, 1.875], "texture": "#0"},
				"down": {"uv": [6.375, 2, 6, 2.125], "texture": "#0"}
			}
		},
		{
			"from": [15.25, 14, 9.5],
			"to": [18.25, 15, 10],
			"rotation": {"angle": 0, "axis": "y", "origin": [17, 14, 10]},
			"faces": {
				"north": {"uv": [6.25, 0.75, 6.625, 0.875], "texture": "#0"},
				"east": {"uv": [6.125, 6.5, 6.25, 6.625], "texture": "#0"},
				"south": {"uv": [6.25, 5.875, 6.625, 6], "texture": "#0"},
				"west": {"uv": [6.5, 6.25, 6.625, 6.375], "texture": "#0"},
				"up": {"uv": [6.625, 6.125, 6.25, 6], "texture": "#0"},
				"down": {"uv": [6.625, 6.125, 6.25, 6.25], "texture": "#0"}
			}
		}
	],
	"groups": [
		{
			"name": "root",
			"origin": [8, 8, 8],
			"color": 0,
			"children": [
				0,
				{
					"name": "extrusions",
					"origin": [12, -20, 0],
					"color": 0,
					"children": [1, 2, 3, 4]
				},
				{
					"name": "outline",
					"origin": [12, -30, 2.5],
					"color": 0,
					"children": [5, 6, 7, 8, 9, 10, 11, 12]
				},
				{
					"name": "handles",
					"origin": [8, 8, 8],
					"color": 0,
					"children": [13, 14, 15, 16, 17, 18]
				}
			]
		}
	]
}