{
	"credit": "Made with Blockbench",
	"textures": {
		"1": "block/stripped_spruce_log",
		"particle": "block/stripped_spruce_log"
	},
	"elements": [
		{
			"from": [1, 2, 1],
			"to": [15, 3, 15],
			"rotation": {"angle": 0, "axis": "y", "origin": [1, 1, 13]},
			"faces": {
				"north": {"uv": [14, 0, 0, 1], "texture": "#1"},
				"east": {"uv": [14, 15, 0, 16], "texture": "#1"},
				"south": {"uv": [14, 0, 0, 1], "texture": "#1"},
				"west": {"uv": [14, 15, 0, 16], "texture": "#1"},
				"up": {"uv": [0, 13, 14, 0], "texture": "#1"},
				"down": {"uv": [0, 13, 15, 0], "texture": "#1"}
			}
		},
		{
			"from": [2, 0, 12],
			"to": [4, 2, 14],
			"rotation": {"angle": 0, "axis": "y", "origin": [2, 0, 14]},
			"faces": {
				"north": {"uv": [2, 0, 0, 2], "texture": "#1"},
				"east": {"uv": [2, 0, 0, 2], "texture": "#1"},
				"south": {"uv": [2, 0, 0, 2], "texture": "#1"},
				"west": {"uv": [2, 0, 0, 2], "texture": "#1"},
				"up": {"uv": [0, 2, 2, 0], "texture": "#1"},
				"down": {"uv": [0, 2, 2, 0], "texture": "#1"}
			}
		},
		{
			"from": [2, 0, 2],
			"to": [4, 2, 4],
			"rotation": {"angle": 0, "axis": "y", "origin": [2, 0, 4]},
			"faces": {
				"north": {"uv": [2, 0, 0, 2], "texture": "#1"},
				"east": {"uv": [2, 0, 0, 2], "texture": "#1"},
				"south": {"uv": [2, 0, 0, 2], "texture": "#1"},
				"west": {"uv": [2, 0, 0, 2], "texture": "#1"},
				"up": {"uv": [0, 2, 2, 0], "texture": "#1"},
				"down": {"uv": [0, 2, 2, 0], "texture": "#1"}
			}
		},
		{
			"from": [12, 0, 12],
			"to": [14, 2, 14],
			"rotation": {"angle": 0, "axis": "y", "origin": [12, 0, 14]},
			"faces": {
				"north": {"uv": [2, 0, 0, 2], "texture": "#1"},
				"east": {"uv": [2, 0, 0, 2], "texture": "#1"},
				"south": {"uv": [2, 0, 0, 2], "texture": "#1"},
				"west": {"uv": [2, 0, 0, 2], "texture": "#1"},
				"up": {"uv": [0, 2, 2, 0], "texture": "#1"},
				"down": {"uv": [0, 2, 2, 0], "texture": "#1"}
			}
		},
		{
			"from": [12, 0, 2],
			"to": [14, 2, 4],
			"rotation": {"angle": 0, "axis": "y", "origin": [12, 0, 4]},
			"faces": {
				"north": {"uv": [2, 0, 0, 2], "texture": "#1"},
				"east": {"uv": [2, 0, 0, 2], "texture": "#1"},
				"south": {"uv": [2, 0, 0, 2], "texture": "#1"},
				"west": {"uv": [2, 0, 0, 2], "texture": "#1"},
				"up": {"uv": [0, 2, 2, 0], "texture": "#1"},
				"down": {"uv": [0, 2, 2, 0], "texture": "#1"}
			}
		},
		{
			"from": [1, 13, 1],
			"to": [2, 16, 15],
			"rotation": {"angle": 0, "axis": "y", "origin": [1, 13, 15]},
			"faces": {
				"north": {"uv": [1, 2, 0, 5], "texture": "#1"},
				"east": {"uv": [14, 0, 0, 3], "texture": "#1"},
				"south": {"uv": [1, 0, 0, 6], "texture": "#1"},
				"west": {"uv": [14, 2, 0, 5], "texture": "#1"},
				"up": {"uv": [0, 14, 1, 0], "texture": "#missing"},
				"down": {"uv": [0, 14, 1, 0], "texture": "#1"}
			}
		},
		{
			"from": [1, 6, 1],
			"to": [2, 11, 15],
			"rotation": {"angle": 0, "axis": "y", "origin": [1, 8, 15]},
			"faces": {
				"north": {"uv": [1, 2, 0, 5], "texture": "#1"},
				"east": {"uv": [14, 0, 0, 3], "texture": "#1"},
				"south": {"uv": [1, 0, 0, 6], "texture": "#1"},
				"west": {"uv": [14, 7, 0, 12], "texture": "#1"},
				"up": {"uv": [0, 14, 1, 0], "texture": "#missing"},
				"down": {"uv": [0, 14, 1, 0], "texture": "#1"}
			}
		},
		{
			"from": [1, 3, 1],
			"to": [2, 6, 15],
			"rotation": {"angle": 0, "axis": "y", "origin": [1, 3, 15]},
			"faces": {
				"north": {"uv": [1, 2, 0, 5], "texture": "#1"},
				"east": {"uv": [14, 0, 0, 3], "texture": "#1"},
				"south": {"uv": [1, 0, 0, 6], "texture": "#1"},
				"west": {"uv": [14, 12, 0, 15], "texture": "#1"},
				"up": {"uv": [0, 14, 1, 0], "texture": "#missing"},
				"down": {"uv": [0, 14, 1, 0], "texture": "#1"}
			}
		},
		{
			"from": [14, 3, 1],
			"to": [15, 6, 15],
			"rotation": {"angle": 0, "axis": "y", "origin": [14, 3, 15]},
			"faces": {
				"north": {"uv": [1, 2, 0, 5], "texture": "#1"},
				"east": {"uv": [14, 12, 0, 15], "texture": "#1"},
				"south": {"uv": [1, 0, 0, 6], "texture": "#1"},
				"west": {"uv": [14, 3, 0, 6], "texture": "#1"},
				"up": {"uv": [0, 14, 1, 0], "texture": "#missing"},
				"down": {"uv": [0, 14, 1, 0], "texture": "#1"}
			}
		},
		{
			"from": [14, 6, 1],
			"to": [15, 11, 15],
			"rotation": {"angle": 0, "axis": "y", "origin": [14, 8, 15]},
			"faces": {
				"north": {"uv": [1, 2, 0, 5], "texture": "#1"},
				"east": {"uv": [14, 7, 0, 10], "texture": "#1"},
				"south": {"uv": [1, 0, 0, 5], "texture": "#1"},
				"west": {"uv": [14, 3, 0, 6], "texture": "#1"},
				"up": {"uv": [0, 14, 1, 0], "texture": "#missing"},
				"down": {"uv": [0, 14, 1, 0], "texture": "#1"}
			}
		},
		{
			"from": [14, 13, 1],
			"to": [15, 16, 15],
			"rotation": {"angle": 0, "axis": "y", "origin": [14, 13, 15]},
			"faces": {
				"north": {"uv": [1, 2, 0, 5], "texture": "#1"},
				"east": {"uv": [14, 2, 0, 5], "texture": "#1"},
				"south": {"uv": [1, 0, 0, 6], "texture": "#1"},
				"west": {"uv": [14, 3, 0, 6], "texture": "#1"},
				"up": {"uv": [0, 14, 1, 0], "texture": "#missing"},
				"down": {"uv": [0, 14, 1, 0], "texture": "#1"}
			}
		},
		{
			"from": [1, 16, 1],
			"to": [15, 18, 15],
			"rotation": {"angle": 0, "axis": "y", "origin": [15, 16, 15]},
			"faces": {
				"north": {"uv": [2, 0, 16, 2], "texture": "#1"},
				"east": {"uv": [0, 0, 14, 2], "texture": "#1"},
				"south": {"uv": [0, 0, 14, 2], "texture": "#1"},
				"west": {"uv": [0, 0, 14, 2], "texture": "#1"},
				"up": {"uv": [0, 2, 14, 16], "texture": "#1"},
				"down": {"uv": [0, 2, 14, 16], "texture": "#1"}
			}
		},
		{
			"from": [1, 11, 1],
			"to": [15, 13, 15],
			"rotation": {"angle": 0, "axis": "y", "origin": [15, 11, 15]},
			"faces": {
				"north": {"uv": [2, 0, 16, 2], "texture": "#1"},
				"east": {"uv": [0, 5, 14, 7], "texture": "#1"},
				"south": {"uv": [0, 6, 14, 8], "texture": "#1"},
				"west": {"uv": [0, 5, 14, 7], "texture": "#1"},
				"up": {"uv": [0, 2, 14, 16], "texture": "#1"},
				"down": {"uv": [0, 2, 14, 16], "texture": "#1"}
			}
		},
		{
			"from": [0.5, 18, 0.5],
			"to": [15.5, 19, 15.5],
			"rotation": {"angle": 0, "axis": "y", "origin": [15, 18, 15]},
			"faces": {
				"north": {"uv": [16, 0, 0, 1], "texture": "#1"},
				"east": {"uv": [16, 0, 0, 1], "texture": "#1"},
				"south": {"uv": [16, 0, 0, 1], "texture": "#1"},
				"west": {"uv": [16, 0, 0, 1], "texture": "#1"},
				"up": {"uv": [0, 15, 16, 0], "texture": "#1"},
				"down": {"uv": [0, 16, 16, 0], "texture": "#1"}
			}
		},
		{
			"from": [2, 3, 14],
			"to": [14, 6, 15],
			"rotation": {"angle": 0, "axis": "y", "origin": [12, 3, 15]},
			"faces": {
				"north": {"uv": [12, 0, 0, 3], "texture": "#1"},
				"east": {"uv": [1, 0, 0, 6], "texture": "#missing"},
				"south": {"uv": [12, 13, 0, 16], "texture": "#1"},
				"west": {"uv": [1, 0, 0, 6], "texture": "#missing"},
				"up": {"uv": [0, 1, 12, 0], "texture": "#missing"},
				"down": {"uv": [0, 1, 12, 0], "texture": "#1"}
			}
		},
		{
			"from": [2, 13, 14],
			"to": [14, 16, 15],
			"rotation": {"angle": 0, "axis": "y", "origin": [12, 13, 15]},
			"faces": {
				"north": {"uv": [12, 0, 0, 3], "texture": "#1"},
				"east": {"uv": [1, 0, 0, 6], "texture": "#missing"},
				"south": {"uv": [12, 3, 0, 6], "texture": "#1"},
				"west": {"uv": [1, 0, 0, 6], "texture": "#missing"},
				"up": {"uv": [0, 1, 12, 0], "texture": "#missing"},
				"down": {"uv": [0, 1, 12, 0], "texture": "#1"}
			}
		},
		{
			"from": [2, 6, 14],
			"to": [14, 11, 15],
			"rotation": {"angle": 0, "axis": "y", "origin": [12, 8, 15]},
			"faces": {
				"north": {"uv": [12, 0, 0, 3], "texture": "#1"},
				"east": {"uv": [1, 0, 0, 6], "texture": "#missing"},
				"south": {"uv": [12, 8, 0, 13], "texture": "#1"},
				"west": {"uv": [1, 0, 0, 6], "texture": "#missing"},
				"up": {"uv": [0, 1, 12, 0], "texture": "#missing"},
				"down": {"uv": [0, 1, 12, 0], "texture": "#1"}
			}
		}
	],
	"display": {
		"thirdperson_righthand": {
			"rotation": [-83.5, 0, 0],
			"translation": [0.5, 4, -5]
		},
		"thirdperson_lefthand": {
			"rotation": [-81.5, 0, 0],
			"translation": [-15.5, -2, -6]
		},
		"firstperson_righthand": {
			"rotation": [-87.26, 0.36, -0.72],
			"translation": [0, 1.5, -4.75]
		},
		"firstperson_lefthand": {
			"rotation": [-86.75, 0, 0],
			"translation": [-0.5, -2.25, -5.5]
		},
		"ground": {
			"translation": [0, 4.5, 0]
		},
		"gui": {
			"rotation": [27.5, 0, 0],
			"translation": [0, -0.5, 0],
			"scale": [0.86133, 0.69727, 1]
		},
		"fixed": {
			"rotation": [-180, 0, 180],
			"translation": [0, -2.25, -7.25]
		}
	},
	"groups": [
		{
			"name": "group",
			"origin": [11, 3, 17],
			"color": 0,
			"children": []
		},
		0,
		{
			"name": "group",
			"origin": [11, 3, 17],
			"color": 0,
			"children": []
		},
		{
			"name": "group",
			"origin": [11, 3, 17],
			"color": 0,
			"children": []
		},
		1,
		2,
		3,
		4,
		5,
		6,
		7,
		8,
		9,
		10,
		11,
		12,
		13,
		14,
		15,
		16
	]
}