{
	"credit": "Made with Blockbench",
	"textures": {
		"1": "block/stripped_spruce_log",
		"2": "item/doors/drawers/handle",
		"particle": "block/stripped_spruce_log"
	},
	"elements": [
		{
			"from": [4, 9, 1],
			"to": [6, 11, 2],
			"rotation": {"angle": 0, "axis": "y", "origin": [5, 9, 1]},
			"faces": {
				"north": {"uv": [2, 2, 0, 4], "texture": "#2"},
				"east": {"uv": [3, 0, 2, 2], "texture": "#2"},
				"south": {"uv": [2, 0, 0, 2], "texture": "#2"},
				"west": {"uv": [3, 2, 2, 4], "texture": "#2"},
				"up": {"uv": [5, 0, 3, 1], "texture": "#2"},
				"down": {"uv": [5, 2, 3, 1], "texture": "#2"}
			}
		},
		{
			"from": [10, 9, 1],
			"to": [12, 11, 2],
			"rotation": {"angle": 0, "axis": "y", "origin": [11, 9, 1]},
			"faces": {
				"north": {"uv": [2, 2, 0, 4], "texture": "#2"},
				"east": {"uv": [2, 2, 0, 4], "texture": "#2"},
				"south": {"uv": [2, 2, 0, 3.5], "texture": "#2"},
				"west": {"uv": [2, 2, 0, 4], "texture": "#2"},
				"up": {"uv": [0, 3, 2, 2], "texture": "#2"},
				"down": {"uv": [0, 3, 2, 2], "texture": "#2"}
			}
		},
		{
			"from": [12, 8, 3],
			"to": [13, 11, 15],
			"rotation": {"angle": 0, "axis": "y", "origin": [12, 8, 9]},
			"faces": {
				"north": {"uv": [16, 0, 0, 15], "texture": "#1"},
				"east": {"uv": [12, 10, 0, 14], "texture": "#1"},
				"south": {"uv": [1, 0, 0, 3], "texture": "#1"},
				"west": {"uv": [11, 11, 0, 14], "texture": "#1"},
				"up": {"uv": [0, 14, 1, 0], "texture": "#1"},
				"down": {"uv": [0, 14, 1, 0], "texture": "#1"}
			}
		},
		{
			"from": [4, 8, 3],
			"to": [12, 9, 15],
			"rotation": {"angle": 0, "axis": "y", "origin": [11, 8, 5]},
			"faces": {
				"north": {"uv": [8, 0, 0, 12], "texture": "#1"},
				"east": {"uv": [8, 0, 0, 12], "texture": "#1"},
				"south": {"uv": [8, 0, 0, 1], "texture": "#1"},
				"west": {"uv": [8, 0, 0, 12], "texture": "#1"},
				"up": {"uv": [0, 12, 8, 0], "texture": "#1"},
				"down": {"uv": [0, 12, 8, 0], "texture": "#1"}
			}
		},
		{
			"from": [3, 8, 3],
			"to": [4, 11, 15],
			"rotation": {"angle": 0, "axis": "y", "origin": [3, 8, 9]},
			"faces": {
				"north": {"uv": [16, 0, 0, 15], "texture": "#1"},
				"east": {"uv": [12, 10, 0, 14], "texture": "#1"},
				"south": {"uv": [1, 0, 0, 3], "texture": "#1"},
				"west": {"uv": [12, 10, 0, 13], "texture": "#1"},
				"up": {"uv": [0, 14, 1, 0], "texture": "#1"},
				"down": {"uv": [0, 14, 1, 0], "texture": "#1"}
			}
		},
		{
			"from": [2, 8, 2],
			"to": [14, 12, 3],
			"rotation": {"angle": 0, "axis": "y", "origin": [5, 8, 2]},
			"faces": {
				"north": {"uv": [12, 10, 0, 14], "texture": "#1"},
				"east": {"uv": [1, 7, 0, 11], "texture": "#1"},
				"south": {"uv": [12, 7, 0, 14], "texture": "#1"},
				"west": {"uv": [1, 7, 0, 11], "texture": "#1"},
				"up": {"uv": [0, 8, 11, 7], "texture": "#1"},
				"down": {"uv": [0, 8, 12, 7], "texture": "#1"}
			}
		},
		{
			"from": [4, 9, 14],
			"to": [12, 11, 15],
			"rotation": {"angle": 0, "axis": "y", "origin": [5, 8, 15]},
			"faces": {
				"north": {"uv": [12, 10, 0, 14], "texture": "#1"},
				"east": {"uv": [12, 7, 0, 14], "texture": "#1"},
				"south": {"uv": [8, 7, 0, 9], "texture": "#1"},
				"west": {"uv": [12, 7, 0, 14], "texture": "#1"},
				"up": {"uv": [0, 8, 11, 7], "texture": "#1"},
				"down": {"uv": [0, 14, 12, 7], "texture": "#1"}
			}
		}
	],
	"groups": [
		{
			"name": "root",
			"origin": [5, 8, 2],
			"color": 0,
			"children": [0, 1, 2, 3, 4, 5, 6]
		}
	]
}