{
	"credit": "Made with Blockbench",
	"texture_size": [48, 48],
	"textures": {
		"0": "block/stripped_spruce_log",
		"1": "item/doors/desks/desk_top",
		"2": "item/doors/drawers/handle"
	},
	"elements": [
		{
			"from": [17.25, 8, -1],
			"to": [19.25, 10, 0],
			"rotation": {"angle": 0, "axis": "y", "origin": [18.25, 8, -1]},
			"faces": {
				"north": {"uv": [2, 2, 0, 4], "texture": "#2"},
				"east": {"uv": [3, 0, 2, 2], "texture": "#2"},
				"south": {"uv": [2, 0, 0, 2], "texture": "#2"},
				"west": {"uv": [3, 2, 2, 4], "texture": "#2"},
				"up": {"uv": [5, 0, 3, 1], "texture": "#2"},
				"down": {"uv": [5, 2, 3, 1], "texture": "#2"}
			}
		},
		{
			"from": [-3.25, 8, -1],
			"to": [-1.25, 10, 0],
			"rotation": {"angle": 0, "axis": "y", "origin": [-2.25, 8, -1]},
			"faces": {
				"north": {"uv": [2, 2, 0, 4], "texture": "#2"},
				"east": {"uv": [2, 2, 0, 4], "texture": "#2"},
				"south": {"uv": [2, 2, 0, 3.5], "texture": "#2"},
				"west": {"uv": [2, 2, 0, 4], "texture": "#2"},
				"up": {"uv": [0, 3, 2, 2], "texture": "#2"},
				"down": {"uv": [0, 3, 2, 2], "texture": "#2"}
			}
		},
		{
			"from": [22, 7, 1],
			"to": [23, 10, 13],
			"rotation": {"angle": 0, "axis": "y", "origin": [22, 7, 7]},
			"faces": {
				"north": {"uv": [16, 0, 0, 15], "texture": "#0"},
				"east": {"uv": [12, 10, 0, 14], "texture": "#0"},
				"south": {"uv": [1, 0, 0, 3], "texture": "#0"},
				"west": {"uv": [11, 11, 0, 14], "texture": "#0"},
				"up": {"uv": [0, 14, 1, 0], "texture": "#0"},
				"down": {"uv": [0, 14, 1, 0], "texture": "#0"}
			}
		},
		{
			"from": [-6, 7, 1],
			"to": [22, 8, 13],
			"rotation": {"angle": 0, "axis": "y", "origin": [27, 7, 3]},
			"faces": {
				"north": {"uv": [9.33333, 0, 0, 0.33333], "texture": "#1"},
				"east": {"uv": [4, 0, 0, 0.33333], "texture": "#1"},
				"south": {"uv": [9.33333, 0, 0, 0.33333], "texture": "#1"},
				"west": {"uv": [4, 0, 0, 0.33333], "texture": "#1"},
				"up": {"uv": [0, 4, 9.33333, 0], "texture": "#1"},
				"down": {"uv": [0, 4, 9.33333, 0], "texture": "#1"}
			}
		},
		{
			"from": [-7, 7, 1],
			"to": [-6, 10, 13],
			"rotation": {"angle": 0, "axis": "y", "origin": [-7, 7, 7]},
			"faces": {
				"north": {"uv": [1, 0, 0, 3], "texture": "#0"},
				"east": {"uv": [12, 10, 0, 13], "texture": "#0"},
				"south": {"uv": [1, 0, 0, 3], "texture": "#0"},
				"west": {"uv": [12, 10, 0, 13], "texture": "#0"},
				"up": {"uv": [0, 14, 1, 0], "texture": "#0"},
				"down": {"uv": [0, 14, 1, 0], "texture": "#0"}
			}
		},
		{
			"from": [-7.25, 7, 0.25],
			"to": [23.25, 11, 1],
			"rotation": {"angle": 0, "axis": "y", "origin": [21, 7, 0.25]},
			"faces": {
				"north": {"uv": [10.16667, 0, 0, 1.33333], "texture": "#1"},
				"east": {"uv": [0.25, 0, 0, 1.33333], "texture": "#1"},
				"south": {"uv": [10.16667, 0, 0, 1.33333], "texture": "#1"},
				"west": {"uv": [0.25, 0, 0, 1.33333], "texture": "#1"},
				"up": {"uv": [0, 0.25, 10.16667, 0], "texture": "#1"},
				"down": {"uv": [0, 0.25, 10.16667, 0], "texture": "#1"}
			}
		},
		{
			"from": [-6, 8, 12],
			"to": [22, 10, 13],
			"rotation": {"angle": 0, "axis": "y", "origin": [21, 7, 13]},
			"faces": {
				"north": {"uv": [9.33333, 0, 0, 0.66667], "texture": "#1"},
				"east": {"uv": [0.33333, 0, 0, 0.66667], "texture": "#1"},
				"south": {"uv": [9.33333, 0, 0, 0.66667], "texture": "#1"},
				"west": {"uv": [0.33333, 0, 0, 0.66667], "texture": "#1"},
				"up": {"uv": [0, 0.33333, 9.33333, 0], "texture": "#1"},
				"down": {"uv": [0, 0.33333, 9.33333, 0], "texture": "#1"}
			}
		}
	],
	"groups": [
		{
			"name": "root",
			"origin": [5, 8, 2],
			"color": 0,
			"children": [0, 1, 2, 3, 4, 5, 6]
		}
	]
}