{
	"textures": {
		"0": "animated_java:item/screech_models/screech"
	},
	"elements": [
		{
			"from": [6, 13.5, -2],
			"to": [10, 13.75, -1],
			"rotation": {
				"angle": 0,
				"axis": "y",
				"origin": [8, 7.5, 6]
			},
			"faces": {
				"north": {
					"uv": [5.125, 9.5, 5.625, 9.625],
					"texture": "#0"
				},
				"east": {
					"uv": [10.375, 6.875, 10.5, 7],
					"texture": "#0"
				},
				"south": {
					"uv": [9.875, 0.125, 10.375, 0.25],
					"texture": "#0"
				},
				"west": {
					"uv": [10.375, 7, 10.5, 7.125],
					"texture": "#0"
				},
				"up": {
					"uv": [10.375, 0.375, 9.875, 0.25],
					"texture": "#0"
				},
				"down": {
					"uv": [10.375, 0.375, 9.875, 0.5],
					"texture": "#0"
				}
			}
		},
		{
			"from": [3, 13.75, -2],
			"to": [13, 14, -1],
			"rotation": {
				"angle": 0,
				"axis": "y",
				"origin": [8, 7.75, 6]
			},
			"faces": {
				"north": {
					"uv": [4.25, 2.75, 5.5, 2.875],
					"texture": "#0"
				},
				"east": {
					"uv": [10.375, 7.125, 10.5, 7.25],
					"texture": "#0"
				},
				"south": {
					"uv": [2.75, 4.375, 4, 4.5],
					"texture": "#0"
				},
				"west": {
					"uv": [10.5, 1.75, 10.625, 1.875],
					"texture": "#0"
				},
				"up": {
					"uv": [10.625, 8.875, 9.375, 8.75],
					"texture": "#0"
				},
				"down": {
					"uv": [10.625, 8.875, 9.375, 9],
					"texture": "#0"
				}
			}
		},
		{
			"from": [2, 9, 0],
			"to": [14, 20, 12],
			"rotation": {
				"angle": 0,
				"axis": "y",
				"origin": [8, 8, 8]
			},
			"faces": {
				"north": {
					"uv": [2.75, 3, 4.25, 4.375],
					"texture": "#0"
				},
				"east": {
					"uv": [4.25, 1.375, 5.75, 2.75],
					"texture": "#0"
				},
				"south": {
					"uv": [1.125, 6.875, 2.625, 8.25],
					"texture": "#0"
				},
				"west": {
					"uv": [2.625, 6.875, 4.125, 8.25],
					"texture": "#0"
				},
				"up": {
					"uv": [1.5, 1.5, 0, 0],
					"texture": "#0"
				},
				"down": {
					"uv": [1.5, 1.5, 0, 3],
					"texture": "#0"
				}
			}
		},
		{
			"from": [2, 8, 0],
			"to": [14, 9, 1],
			"rotation": {
				"angle": 0,
				"axis": "y",
				"origin": [8, 7, 8]
			},
			"faces": {
				"north": {
					"uv": [2.5, 0.75, 3.75, 0.875],
					"texture": "#0"
				},
				"east": {
					"uv": [2.5, 1.25, 2.625, 1.375],
					"texture": "#0"
				},
				"south": {
					"uv": [2.5, 0.875, 3.75, 1],
					"texture": "#0"
				},
				"west": {
					"uv": [1.5, 2.5, 1.625, 2.625],
					"texture": "#0"
				},
				"up": {
					"uv": [3.75, 1.125, 2.5, 1],
					"texture": "#0"
				},
				"down": {
					"uv": [3.75, 1.125, 2.5, 1.25],
					"texture": "#0"
				}
			}
		},
		{
			"from": [3, 8, -1],
			"to": [13, 9, 0],
			"rotation": {
				"angle": 0,
				"axis": "y",
				"origin": [8, 7, 7]
			},
			"faces": {
				"north": {
					"uv": [2.5, 0.75, 3.75, 0.875],
					"texture": "#0"
				},
				"east": {
					"uv": [2.5, 1.25, 2.625, 1.375],
					"texture": "#0"
				},
				"south": {
					"uv": [2.5, 0.875, 3.75, 1],
					"texture": "#0"
				},
				"west": {
					"uv": [1.5, 2.5, 1.625, 2.625],
					"texture": "#0"
				},
				"up": {
					"uv": [3.75, 1.125, 2.5, 1],
					"texture": "#0"
				},
				"down": {
					"uv": [3.75, 1.125, 2.5, 1.25],
					"texture": "#0"
				}
			}
		},
		{
			"from": [2, 8, 1],
			"to": [14, 14, 12],
			"rotation": {
				"angle": 0,
				"axis": "y",
				"origin": [8, 2, 8]
			},
			"faces": {
				"north": {
					"uv": [1.25, 8.25, 2.75, 9],
					"texture": "#0"
				},
				"east": {
					"uv": [8.25, 2, 9.625, 2.75],
					"texture": "#0"
				},
				"south": {
					"uv": [8.25, 1.25, 9.75, 2],
					"texture": "#0"
				},
				"west": {
					"uv": [2.75, 8.25, 4.125, 9],
					"texture": "#0"
				},
				"up": {
					"uv": [5.625, 8.25, 4.125, 6.875],
					"texture": "#0"
				},
				"down": {
					"uv": [8.375, 5.25, 6.875, 6.625],
					"texture": "#0"
				}
			}
		},
		{
			"from": [2, 8, -1],
			"to": [3, 12, 0],
			"rotation": {
				"angle": 0,
				"axis": "y",
				"origin": [8, 2, 6]
			},
			"faces": {
				"north": {
					"uv": [6.5, 9.625, 6.625, 10.125],
					"texture": "#0"
				},
				"east": {
					"uv": [5.75, 9.75, 5.875, 10.25],
					"texture": "#0"
				},
				"south": {
					"uv": [5.875, 9.75, 6, 10.25],
					"texture": "#0"
				},
				"west": {
					"uv": [6, 9.75, 6.125, 10.25],
					"texture": "#0"
				},
				"up": {
					"uv": [10.625, 2, 10.5, 1.875],
					"texture": "#0"
				},
				"down": {
					"uv": [2.375, 10.5, 2.25, 10.625],
					"texture": "#0"
				}
			}
		},
		{
			"from": [13, 8, -1],
			"to": [14, 12, 0],
			"rotation": {
				"angle": 0,
				"axis": "y",
				"origin": [19, 2, 6]
			},
			"faces": {
				"north": {
					"uv": [9.875, 0.5, 10, 1],
					"texture": "#0"
				},
				"east": {
					"uv": [6.125, 9.875, 6.25, 10.375],
					"texture": "#0"
				},
				"south": {
					"uv": [6.25, 9.875, 6.375, 10.375],
					"texture": "#0"
				},
				"west": {
					"uv": [6.375, 9.875, 6.5, 10.375],
					"texture": "#0"
				},
				"up": {
					"uv": [2.5, 10.625, 2.375, 10.5],
					"texture": "#0"
				},
				"down": {
					"uv": [2.625, 10.5, 2.5, 10.625],
					"texture": "#0"
				}
			}
		},
		{
			"from": [10, 8, -2],
			"to": [13, 10, -1],
			"rotation": {
				"angle": 0,
				"axis": "y",
				"origin": [18, 2, 5]
			},
			"faces": {
				"north": {
					"uv": [6.125, 9.625, 6.5, 9.875],
					"texture": "#0"
				},
				"east": {
					"uv": [6.5, 10.125, 6.625, 10.375],
					"texture": "#0"
				},
				"south": {
					"uv": [9.75, 1.5, 10.125, 1.75],
					"texture": "#0"
				},
				"west": {
					"uv": [5.875, 10.25, 6, 10.5],
					"texture": "#0"
				},
				"up": {
					"uv": [10.75, 0.25, 10.375, 0.125],
					"texture": "#0"
				},
				"down": {
					"uv": [10.75, 0.25, 10.375, 0.375],
					"texture": "#0"
				}
			}
		},
		{
			"from": [3, 8, -2],
			"to": [6, 10, -1],
			"rotation": {
				"angle": 0,
				"axis": "y",
				"origin": [11, 2, 5]
			},
			"faces": {
				"north": {
					"uv": [9.75, 1.75, 10.125, 2],
					"texture": "#0"
				},
				"east": {
					"uv": [6, 10.25, 6.125, 10.5],
					"texture": "#0"
				},
				"south": {
					"uv": [5.125, 9.75, 5.5, 10],
					"texture": "#0"
				},
				"west": {
					"uv": [10.375, 1.75, 10.5, 2],
					"texture": "#0"
				},
				"up": {
					"uv": [10.75, 0.5, 10.375, 0.375],
					"texture": "#0"
				},
				"down": {
					"uv": [10.75, 1.5, 10.375, 1.625],
					"texture": "#0"
				}
			}
		},
		{
			"from": [6, 8, -2],
			"to": [10, 9, -1],
			"rotation": {
				"angle": 0,
				"axis": "y",
				"origin": [15, 2, 5]
			},
			"faces": {
				"north": {
					"uv": [9.875, 9.125, 10.375, 9.25],
					"texture": "#0"
				},
				"east": {
					"uv": [2.625, 10.5, 2.75, 10.625],
					"texture": "#0"
				},
				"south": {
					"uv": [9.875, 9.25, 10.375, 9.375],
					"texture": "#0"
				},
				"west": {
					"uv": [2.75, 10.5, 2.875, 10.625],
					"texture": "#0"
				},
				"up": {
					"uv": [10.375, 9.5, 9.875, 9.375],
					"texture": "#0"
				},
				"down": {
					"uv": [10.375, 9.5, 9.875, 9.625],
					"texture": "#0"
				}
			}
		},
		{
			"from": [3, 16, -2.25],
			"to": [5, 18, -1],
			"rotation": {
				"angle": 0,
				"axis": "y",
				"origin": [4, 16, -2]
			},
			"faces": {
				"north": {
					"uv": [8.25, 3.75, 8.5, 4],
					"texture": "#0"
				},
				"east": {
					"uv": [4, 9, 4.125, 9.25],
					"texture": "#0"
				},
				"south": {
					"uv": [5.5, 9.75, 5.75, 10],
					"texture": "#0"
				},
				"west": {
					"uv": [5.625, 10, 5.75, 10.25],
					"texture": "#0"
				},
				"up": {
					"uv": [4.25, 4.5, 4, 4.375],
					"texture": "#0"
				},
				"down": {
					"uv": [5.75, 2.75, 5.5, 2.875],
					"texture": "#0"
				}
			}
		},
		{
			"from": [11, 16, -2.25],
			"to": [13, 18, -1],
			"rotation": {
				"angle": 0,
				"axis": "y",
				"origin": [12, 16, -2]
			},
			"faces": {
				"north": {
					"uv": [0.375, 10, 0.625, 10.25],
					"texture": "#0"
				},
				"east": {
					"uv": [10.375, 6.625, 10.5, 6.875],
					"texture": "#0"
				},
				"south": {
					"uv": [10, 0.5, 10.25, 0.75],
					"texture": "#0"
				},
				"west": {
					"uv": [6.875, 10.375, 7, 10.625],
					"texture": "#0"
				},
				"up": {
					"uv": [7.25, 5.25, 7, 5.125],
					"texture": "#0"
				},
				"down": {
					"uv": [6.625, 10.375, 6.375, 10.5],
					"texture": "#0"
				}
			}
		},
		{
			"from": [14, 9, 1],
			"to": [15, 19, 11],
			"rotation": {
				"angle": 0,
				"axis": "y",
				"origin": [15, 16, 3]
			},
			"faces": {
				"north": {
					"uv": [1, 7, 1.125, 8.25],
					"texture": "#0"
				},
				"east": {
					"uv": [5.625, 6.875, 6.875, 8.125],
					"texture": "#0"
				},
				"south": {
					"uv": [5, 9.25, 5.125, 10.5],
					"texture": "#0"
				},
				"west": {
					"uv": [6.875, 6.625, 8.125, 7.875],
					"texture": "#0"
				},
				"up": {
					"uv": [6.75, 10.625, 6.625, 9.375],
					"texture": "#0"
				},
				"down": {
					"uv": [6.875, 9.375, 6.75, 10.625],
					"texture": "#0"
				}
			}
		},
		{
			"from": [15, 10, 2],
			"to": [16, 18, 10],
			"rotation": {
				"angle": 0,
				"axis": "y",
				"origin": [16, 16, 3]
			},
			"faces": {
				"north": {
					"uv": [7, 4, 7.125, 5],
					"texture": "#0"
				},
				"east": {
					"uv": [0, 7, 1, 8],
					"texture": "#0"
				},
				"south": {
					"uv": [7.125, 4, 7.25, 5],
					"texture": "#0"
				},
				"west": {
					"uv": [8.25, 2.75, 9.25, 3.75],
					"texture": "#0"
				},
				"up": {
					"uv": [0.875, 10.5, 0.75, 9.5],
					"texture": "#0"
				},
				"down": {
					"uv": [1, 9.5, 0.875, 10.5],
					"texture": "#0"
				}
			}
		},
		{
			"from": [1, 9, 1],
			"to": [2, 19, 11],
			"rotation": {
				"angle": 0,
				"axis": "y",
				"origin": [1, 16, 3]
			},
			"faces": {
				"north": {
					"uv": [1, 9.5, 1.125, 10.75],
					"texture": "#0"
				},
				"east": {
					"uv": [7, 0.25, 8.25, 1.5],
					"texture": "#0"
				},
				"south": {
					"uv": [1.125, 9.5, 1.25, 10.75],
					"texture": "#0"
				},
				"west": {
					"uv": [7, 1.5, 8.25, 2.75],
					"texture": "#0"
				},
				"up": {
					"uv": [3.75, 10.75, 3.625, 9.5],
					"texture": "#0"
				},
				"down": {
					"uv": [3.875, 9.5, 3.75, 10.75],
					"texture": "#0"
				}
			}
		},
		{
			"from": [0, 10, 2],
			"to": [1, 18, 10],
			"rotation": {
				"angle": 0,
				"axis": "y",
				"origin": [0, 16, 3]
			},
			"faces": {
				"north": {
					"uv": [3.25, 9.5, 3.375, 10.5],
					"texture": "#0"
				},
				"east": {
					"uv": [4.125, 8.25, 5.125, 9.25],
					"texture": "#0"
				},
				"south": {
					"uv": [3.375, 9.5, 3.5, 10.5],
					"texture": "#0"
				},
				"west": {
					"uv": [8.375, 5.25, 9.375, 6.25],
					"texture": "#0"
				},
				"up": {
					"uv": [3.625, 10.5, 3.5, 9.5],
					"texture": "#0"
				},
				"down": {
					"uv": [4.375, 9.5, 4.25, 10.5],
					"texture": "#0"
				}
			}
		},
		{
			"from": [3, 9, -1],
			"to": [13, 19, 0],
			"rotation": {
				"angle": 0,
				"axis": "y",
				"origin": [8, 14, 0]
			},
			"faces": {
				"north": {
					"uv": [7, 2.75, 8.25, 4],
					"texture": "#0"
				},
				"east": {
					"uv": [3.875, 9.5, 4, 10.75],
					"texture": "#0"
				},
				"south": {
					"uv": [7.25, 4, 8.5, 5.25],
					"texture": "#0"
				},
				"west": {
					"uv": [4, 9.5, 4.125, 10.75],
					"texture": "#0"
				},
				"up": {
					"uv": [10.625, 9.125, 9.375, 9],
					"texture": "#0"
				},
				"down": {
					"uv": [10.75, 1, 9.5, 1.125],
					"texture": "#0"
				}
			}
		},
		{
			"from": [5, 14, -2],
			"to": [11, 18, -1],
			"rotation": {
				"angle": 0,
				"axis": "y",
				"origin": [8, 14, 0]
			},
			"faces": {
				"north": {
					"uv": [8.5, 4.75, 9.25, 5.25],
					"texture": "#0"
				},
				"east": {
					"uv": [0.625, 10, 0.75, 10.5],
					"texture": "#0"
				},
				"south": {
					"uv": [3.25, 9, 4, 9.5],
					"texture": "#0"
				},
				"west": {
					"uv": [10.25, 9.875, 10.375, 10.375],
					"texture": "#0"
				},
				"up": {
					"uv": [8.25, 0.125, 7.5, 0],
					"texture": "#0"
				},
				"down": {
					"uv": [10.625, 0, 9.875, 0.125],
					"texture": "#0"
				}
			}
		},
		{
			"from": [3, 9, 12],
			"to": [13, 19, 13],
			"rotation": {
				"angle": 0,
				"axis": "y",
				"origin": [8, 14, 12]
			},
			"faces": {
				"north": {
					"uv": [6.875, 7.875, 8.125, 9.125],
					"texture": "#0"
				},
				"east": {
					"uv": [4.125, 9.5, 4.25, 10.75],
					"texture": "#0"
				},
				"south": {
					"uv": [5.625, 8.125, 6.875, 9.375],
					"texture": "#0"
				},
				"west": {
					"uv": [4.875, 9.5, 5, 10.75],
					"texture": "#0"
				},
				"up": {
					"uv": [10.75, 1.25, 9.5, 1.125],
					"texture": "#0"
				},
				"down": {
					"uv": [10.75, 3.75, 9.5, 3.875],
					"texture": "#0"
				}
			}
		},
		{
			"from": [4, 10, 13],
			"to": [12, 18, 14],
			"rotation": {
				"angle": 0,
				"axis": "y",
				"origin": [8, 14, 12]
			},
			"faces": {
				"north": {
					"uv": [8.5, 3.75, 9.5, 4.75],
					"texture": "#0"
				},
				"east": {
					"uv": [4.375, 9.5, 4.5, 10.5],
					"texture": "#0"
				},
				"south": {
					"uv": [1.25, 9, 2.25, 10],
					"texture": "#0"
				},
				"west": {
					"uv": [4.5, 9.5, 4.625, 10.5],
					"texture": "#0"
				},
				"up": {
					"uv": [8.25, 0.25, 7.25, 0.125],
					"texture": "#0"
				},
				"down": {
					"uv": [9.375, 6.5, 8.375, 6.625],
					"texture": "#0"
				}
			}
		},
		{
			"from": [4, 21, 2],
			"to": [12, 22, 10],
			"rotation": {
				"angle": 0,
				"axis": "y",
				"origin": [8, 20, 6]
			},
			"faces": {
				"north": {
					"uv": [9.5, 4.125, 10.5, 4.25],
					"texture": "#0"
				},
				"east": {
					"uv": [9.5, 4.25, 10.5, 4.375],
					"texture": "#0"
				},
				"south": {
					"uv": [9.5, 4.375, 10.5, 4.5],
					"texture": "#0"
				},
				"west": {
					"uv": [9.5, 4.5, 10.5, 4.625],
					"texture": "#0"
				},
				"up": {
					"uv": [3.25, 10, 2.25, 9],
					"texture": "#0"
				},
				"down": {
					"uv": [7.875, 9.125, 6.875, 10.125],
					"texture": "#0"
				}
			}
		},
		{
			"from": [3, 20, 1],
			"to": [13, 21, 11],
			"rotation": {
				"angle": 0,
				"axis": "y",
				"origin": [8, 20, 6]
			},
			"faces": {
				"north": {
					"uv": [9.5, 3.875, 10.75, 4],
					"texture": "#0"
				},
				"east": {
					"uv": [9.5, 4, 10.75, 4.125],
					"texture": "#0"
				},
				"south": {
					"uv": [9.625, 2, 10.875, 2.125],
					"texture": "#0"
				},
				"west": {
					"uv": [9.625, 2.125, 10.875, 2.25],
					"texture": "#0"
				},
				"up": {
					"uv": [9.375, 7.875, 8.125, 6.625],
					"texture": "#0"
				},
				"down": {
					"uv": [9.375, 7.875, 8.125, 9.125],
					"texture": "#0"
				}
			}
		},
		{
			"from": [3, 7, 1],
			"to": [13, 8, 11],
			"rotation": {
				"angle": 0,
				"axis": "y",
				"origin": [8, 8, 6]
			},
			"faces": {
				"north": {
					"uv": [9.625, 2.25, 10.875, 2.375],
					"texture": "#0"
				},
				"east": {
					"uv": [9.625, 2.375, 10.875, 2.5],
					"texture": "#0"
				},
				"south": {
					"uv": [9.625, 2.5, 10.875, 2.625],
					"texture": "#0"
				},
				"west": {
					"uv": [9.625, 2.625, 10.875, 2.75],
					"texture": "#0"
				},
				"up": {
					"uv": [1.25, 9.5, 0, 8.25],
					"texture": "#0"
				},
				"down": {
					"uv": [9.5, 0, 8.25, 1.25],
					"texture": "#0"
				}
			}
		},
		{
			"from": [4, 6, 2],
			"to": [12, 7, 10],
			"rotation": {
				"angle": 0,
				"axis": "y",
				"origin": [8, 8, 6]
			},
			"faces": {
				"north": {
					"uv": [9.5, 4.625, 10.5, 4.75],
					"texture": "#0"
				},
				"east": {
					"uv": [5.125, 9.625, 6.125, 9.75],
					"texture": "#0"
				},
				"south": {
					"uv": [9.75, 1.25, 10.75, 1.375],
					"texture": "#0"
				},
				"west": {
					"uv": [9.75, 1.375, 10.75, 1.5],
					"texture": "#0"
				},
				"up": {
					"uv": [8.875, 10.125, 7.875, 9.125],
					"texture": "#0"
				},
				"down": {
					"uv": [9.875, 9.125, 8.875, 10.125],
					"texture": "#0"
				}
			}
		}
	],
	"display": {
		"head": {
			"rotation": [0, 180, 0]
		}
	}
}