{
	"textures": {
		"0": "animated_java:item/screech_models/screech"
	},
	"elements": [
		{
			"from": [6.29289, 9.45711, 7.75],
			"to": [8.29289, 9.95711, 8.25],
			"rotation": {
				"angle": 0,
				"axis": "y",
				"origin": [8, 8, 8]
			},
			"faces": {
				"north": {
					"uv": [7.5, 10.375, 7.75, 10.5],
					"texture": "#0"
				},
				"east": {
					"uv": [10.5, 3.125, 10.625, 3.25],
					"texture": "#0"
				},
				"south": {
					"uv": [10.375, 7.5, 10.625, 7.625],
					"texture": "#0"
				},
				"west": {
					"uv": [3.25, 10.5, 3.375, 10.625],
					"texture": "#0"
				},
				"up": {
					"uv": [10.625, 7.75, 10.375, 7.625],
					"texture": "#0"
				},
				"down": {
					"uv": [8, 10.375, 7.75, 10.5],
					"texture": "#0"
				}
			}
		}
	],
	"display": {
		"head": {
			"rotation": [0, 180, 0]
		}
	}
}