{
	"textures": {
		"0": "animated_java:item/screech_models/screech"
	},
	"elements": [
		{
			"from": [6.29289, 9.20711, 7.5],
			"to": [8.29289, 10.20711, 8.5],
			"rotation": {
				"angle": 0,
				"axis": "y",
				"origin": [8, 8, 8]
			},
			"faces": {
				"north": {
					"uv": [7, 10.375, 7.25, 10.5],
					"texture": "#0"
				},
				"east": {
					"uv": [10.5, 3, 10.625, 3.125],
					"texture": "#0"
				},
				"south": {
					"uv": [7.25, 10.375, 7.5, 10.5],
					"texture": "#0"
				},
				"west": {
					"uv": [3.125, 10.5, 3.25, 10.625],
					"texture": "#0"
				},
				"up": {
					"uv": [10.625, 7.375, 10.375, 7.25],
					"texture": "#0"
				},
				"down": {
					"uv": [10.625, 7.375, 10.375, 7.5],
					"texture": "#0"
				}
			}
		}
	],
	"display": {
		"head": {
			"rotation": [0, 180, 0]
		}
	}
}