{
	"textures": {
		"0": "animated_java:item/screech_models/screech"
	},
	"elements": [
		{
			"from": [6.29289, 8.95711, 7.25],
			"to": [8.29289, 10.45711, 8.75],
			"rotation": {
				"angle": 0,
				"axis": "y",
				"origin": [8, 8, 8]
			},
			"faces": {
				"north": {
					"uv": [1.5, 10, 1.75, 10.25],
					"texture": "#0"
				},
				"east": {
					"uv": [1.75, 10, 2, 10.25],
					"texture": "#0"
				},
				"south": {
					"uv": [2, 10, 2.25, 10.25],
					"texture": "#0"
				},
				"west": {
					"uv": [2.25, 10, 2.5, 10.25],
					"texture": "#0"
				},
				"up": {
					"uv": [2.75, 10.25, 2.5, 10],
					"texture": "#0"
				},
				"down": {
					"uv": [3, 10, 2.75, 10.25],
					"texture": "#0"
				}
			}
		}
	],
	"display": {
		"head": {
			"rotation": [0, 180, 0]
		}
	}
}