{
	"textures": {
		"0": "animated_java:item/screech_models/screech"
	},
	"elements": [
		{
			"from": [7.5, 8, 8],
			"to": [8.5, 9, 9],
			"rotation": {
				"angle": 0,
				"axis": "y",
				"origin": [6.5, -2, 15]
			},
			"faces": {
				"north": {
					"uv": [2, 1, 2.125, 1.125],
					"texture": "#0"
				},
				"east": {
					"uv": [2, 1.125, 2.125, 1.25],
					"texture": "#0"
				},
				"south": {
					"uv": [2, 1.25, 2.125, 1.375],
					"texture": "#0"
				},
				"west": {
					"uv": [2, 1.375, 2.125, 1.5],
					"texture": "#0"
				},
				"up": {
					"uv": [2.125, 1.625, 2, 1.5],
					"texture": "#0"
				},
				"down": {
					"uv": [2.125, 1.625, 2, 1.75],
					"texture": "#0"
				}
			}
		}
	],
	"display": {
		"head": {
			"rotation": [0, 180, 0]
		}
	}
}