{
	"textures": {
		"0": "animated_java:item/screech_models/screech"
	},
	"elements": [
		{
			"from": [6.5, 6, 8],
			"to": [9.5, 8, 9],
			"rotation": {
				"angle": 0,
				"axis": "y",
				"origin": [8.5, -2.75, 15]
			},
			"faces": {
				"north": {
					"uv": [2.125, 0, 2.5, 0.25],
					"texture": "#0"
				},
				"east": {
					"uv": [1.5, 2.25, 1.625, 2.5],
					"texture": "#0"
				},
				"south": {
					"uv": [2.125, 0.25, 2.5, 0.5],
					"texture": "#0"
				},
				"west": {
					"uv": [1.625, 2.25, 1.75, 2.5],
					"texture": "#0"
				},
				"up": {
					"uv": [1.875, 2.25, 1.5, 2.125],
					"texture": "#0"
				},
				"down": {
					"uv": [2.5, 1.625, 2.125, 1.75],
					"texture": "#0"
				}
			}
		}
	],
	"display": {
		"head": {
			"rotation": [0, 180, 0]
		}
	}
}