{
	"textures": {
		"0": "animated_java:item/screech_models/screech"
	},
	"elements": [
		{
			"from": [6, 5.75, 8],
			"to": [10, 8, 9],
			"rotation": {
				"angle": 0,
				"axis": "y",
				"origin": [8, -3.5, 15]
			},
			"faces": {
				"north": {
					"uv": [2, 1.75, 2.5, 2],
					"texture": "#0"
				},
				"east": {
					"uv": [1.75, 2.25, 1.875, 2.5],
					"texture": "#0"
				},
				"south": {
					"uv": [1.875, 2, 2.375, 2.25],
					"texture": "#0"
				},
				"west": {
					"uv": [1.875, 2.25, 2, 2.5],
					"texture": "#0"
				},
				"up": {
					"uv": [2.625, 1.5, 2.125, 1.375],
					"texture": "#0"
				},
				"down": {
					"uv": [2.625, 1.5, 2.125, 1.625],
					"texture": "#0"
				}
			}
		}
	],
	"display": {
		"head": {
			"rotation": [0, 180, 0]
		}
	}
}