{
	"textures": {
		"0": "animated_java:item/screech_models/screech"
	},
	"elements": [
		{
			"from": [7.5, 8, 8],
			"to": [8.5, 9, 9],
			"rotation": {
				"angle": 0,
				"axis": "y",
				"origin": [9.5, -2, 15]
			},
			"faces": {
				"north": {
					"uv": [1.875, 1.375, 2, 1.5],
					"texture": "#0"
				},
				"east": {
					"uv": [2, 0, 2.125, 0.125],
					"texture": "#0"
				},
				"south": {
					"uv": [2, 0.125, 2.125, 0.25],
					"texture": "#0"
				},
				"west": {
					"uv": [2, 0.25, 2.125, 0.375],
					"texture": "#0"
				},
				"up": {
					"uv": [2.125, 0.5, 2, 0.375],
					"texture": "#0"
				},
				"down": {
					"uv": [2.125, 0.875, 2, 1],
					"texture": "#0"
				}
			}
		}
	],
	"display": {
		"head": {
			"rotation": [0, 180, 0]
		}
	}
}