{
	"textures": {
		"0": "animated_java:item/screech_models/screech"
	},
	"elements": [
		{
			"from": [7.5, 7, 8],
			"to": [8.5, 8, 9],
			"rotation": {
				"angle": 0,
				"axis": "y",
				"origin": [6.5, -3, 15]
			},
			"faces": {
				"north": {
					"uv": [2.375, 2.25, 2.5, 2.375],
					"texture": "#0"
				},
				"east": {
					"uv": [2.375, 2.375, 2.5, 2.5],
					"texture": "#0"
				},
				"south": {
					"uv": [2.5, 0, 2.625, 0.125],
					"texture": "#0"
				},
				"west": {
					"uv": [2.5, 0.125, 2.625, 0.25],
					"texture": "#0"
				},
				"up": {
					"uv": [2.625, 0.375, 2.5, 0.25],
					"texture": "#0"
				},
				"down": {
					"uv": [2.625, 0.375, 2.5, 0.5],
					"texture": "#0"
				}
			}
		}
	],
	"display": {
		"head": {
			"rotation": [0, 180, 0]
		}
	}
}