{
	"credit": "Made with Blockbench",
	"textures": {
		"1": "item/doors/gold/coin",
		"2": "item/doors/gold/bar",
		"particle": "item/doors/gold/bar"
	},
	"elements": [
		{
			"from": [8.25, -0.025, 5.25],
			"to": [10.75, 0.225, 7.75],
			"rotation": {"angle": -22.5, "axis": "y", "origin": [10.5, -0.025, 5.5]},
			"faces": {
				"north": {"uv": [3, 3, 6, 4], "texture": "#1"},
				"east": {"uv": [3, 0, 6, 1], "texture": "#1"},
				"south": {"uv": [3, 1, 6, 2], "texture": "#1"},
				"west": {"uv": [3, 2, 6, 3], "texture": "#1"},
				"up": {"uv": [3, 3, 0, 0], "rotation": 90, "texture": "#1"},
				"down": {"uv": [3, 3, 0, 6], "rotation": 270, "texture": "#1"}
			}
		},
		{
			"from": [5.7, 0, 2.5],
			"to": [8.2, 0.25, 5],
			"rotation": {"angle": -22.5, "axis": "y", "origin": [5.95, 0, 4.75]},
			"faces": {
				"north": {"uv": [3, 1, 6, 2], "texture": "#1"},
				"east": {"uv": [3, 2, 6, 3], "texture": "#1"},
				"south": {"uv": [3, 3, 6, 4], "texture": "#1"},
				"west": {"uv": [3, 0, 6, 1], "texture": "#1"},
				"up": {"uv": [3, 3, 0, 0], "rotation": 270, "texture": "#1"},
				"down": {"uv": [3, 3, 0, 6], "rotation": 90, "texture": "#1"}
			}
		},
		{
			"from": [5, 0, 8],
			"to": [13, 2, 10],
			"rotation": {"angle": 0, "axis": "y", "origin": [8, 0, 10]},
			"faces": {
				"north": {"uv": [0, 2, 8, 4], "texture": "#2"},
				"east": {"uv": [8, 0, 10, 2], "texture": "#2"},
				"south": {"uv": [0, 0, 8, 2], "texture": "#2"},
				"west": {"uv": [0, 8, 2, 10], "texture": "#2"},
				"up": {"uv": [8, 6, 0, 4], "rotation": 180, "texture": "#2"},
				"down": {"uv": [8, 6, 0, 8], "rotation": 180, "texture": "#2"}
			}
		},
		{
			"from": [7, 0, 12],
			"to": [15, 2, 14],
			"rotation": {"angle": 22.5, "axis": "y", "origin": [10, 0, 14]},
			"faces": {
				"north": {"uv": [0, 2, 8, 4], "texture": "#2"},
				"east": {"uv": [8, 0, 10, 2], "texture": "#2"},
				"south": {"uv": [0, 0, 8, 2], "texture": "#2"},
				"west": {"uv": [0, 8, 2, 10], "texture": "#2"},
				"up": {"uv": [8, 6, 0, 4], "rotation": 180, "texture": "#2"},
				"down": {"uv": [8, 6, 0, 8], "rotation": 180, "texture": "#2"}
			}
		},
		{
			"from": [7, 2, 7.5],
			"to": [9, 4, 15.5],
			"rotation": {"angle": 22.5, "axis": "y", "origin": [7, 2, 10.5]},
			"faces": {
				"north": {"uv": [0, 8, 2, 10], "texture": "#2"},
				"east": {"uv": [0, 2, 8, 4], "texture": "#2"},
				"south": {"uv": [8, 0, 10, 2], "texture": "#2"},
				"west": {"uv": [0, 0, 8, 2], "texture": "#2"},
				"up": {"uv": [8, 6, 0, 4], "rotation": 270, "texture": "#2"},
				"down": {"uv": [8, 6, 0, 8], "rotation": 90, "texture": "#2"}
			}
		}
	],
	"groups": [
		{
			"name": "group",
			"origin": [7, 0, 7],
			"color": 0,
			"children": [0, 1]
		},
		2,
		3,
		4
	]
}