{
	"credit": "Made with Blockbench",
	"textures": {
		"2": "item/doors/gold/bar",
		"particle": "item/doors/gold/bar"
	},
	"elements": [
		{
			"from": [6, 0, 2],
			"to": [8, 2, 10],
			"rotation": {"angle": 0, "axis": "y", "origin": [8, 0, 7]},
			"faces": {
				"north": {"uv": [8, 0, 10, 2], "texture": "#2"},
				"east": {"uv": [0, 0, 8, 2], "texture": "#2"},
				"south": {"uv": [0, 8, 2, 10], "texture": "#2"},
				"west": {"uv": [0, 2, 8, 4], "texture": "#2"},
				"up": {"uv": [8, 6, 0, 4], "rotation": 90, "texture": "#2"},
				"down": {"uv": [8, 6, 0, 8], "rotation": 270, "texture": "#2"}
			}
		},
		{
			"from": [9, 0, 5],
			"to": [11, 2, 13],
			"rotation": {"angle": -22.5, "axis": "y", "origin": [11, 0, 10]},
			"faces": {
				"north": {"uv": [8, 0, 10, 2], "texture": "#2"},
				"east": {"uv": [0, 0, 8, 2], "texture": "#2"},
				"south": {"uv": [0, 8, 2, 10], "texture": "#2"},
				"west": {"uv": [0, 2, 8, 4], "texture": "#2"},
				"up": {"uv": [8, 6, 0, 4], "rotation": 90, "texture": "#2"},
				"down": {"uv": [8, 6, 0, 8], "rotation": 270, "texture": "#2"}
			}
		}
	]
}