{
	"credit": "Made with Blockbench",
	"textures": {
		"0": "item/doors/gold/bar",
		"1": "item/doors/gold/coin",
		"2": "item/doors/gold/jewel",
		"particle": "item/doors/gold/bar"
	},
	"elements": [
		{
			"from": [3, 0, 9],
			"to": [11, 2, 11],
			"rotation": {"angle": 0, "axis": "y", "origin": [7, 0, 10]},
			"faces": {
				"north": {"uv": [0, 0, 8, 2], "texture": "#0"},
				"east": {"uv": [0, 8, 2, 10], "texture": "#0"},
				"south": {"uv": [0, 2, 8, 4], "texture": "#0"},
				"west": {"uv": [8, 0, 10, 2], "texture": "#0"},
				"up": {"uv": [8, 6, 0, 4], "texture": "#0"},
				"down": {"uv": [8, 6, 0, 8], "texture": "#0"}
			}
		},
		{
			"from": [5, 0, 6.25],
			"to": [13, 2, 8.25],
			"rotation": {"angle": 0, "axis": "y", "origin": [9, 0, 7.25]},
			"faces": {
				"north": {"uv": [0, 2, 8, 4], "texture": "#0"},
				"east": {"uv": [0, 8, 2, 10], "texture": "#0"},
				"south": {"uv": [0, 0, 8, 2], "texture": "#0"},
				"west": {"uv": [8, 0, 10, 2], "texture": "#0"},
				"up": {"uv": [8, 6, 0, 4], "texture": "#0"},
				"down": {"uv": [8, 6, 0, 8], "texture": "#0"}
			}
		},
		{
			"from": [4, 2, 7.5],
			"to": [12, 4, 9.5],
			"rotation": {"angle": 0, "axis": "y", "origin": [7, 2, 9.5]},
			"faces": {
				"north": {"uv": [0, 2, 8, 4], "texture": "#0"},
				"east": {"uv": [8, 0, 10, 2], "texture": "#0"},
				"south": {"uv": [0, 0, 8, 2], "texture": "#0"},
				"west": {"uv": [0, 8, 2, 10], "texture": "#0"},
				"up": {"uv": [8, 6, 0, 4], "rotation": 180, "texture": "#0"},
				"down": {"uv": [8, 8, 0, 6], "rotation": 180, "texture": "#0"}
			}
		},
		{
			"from": [7, -0.025, 11.25],
			"to": [9, 1.975, 11.5],
			"rotation": {"angle": -22.5, "axis": "x", "origin": [8, 0.975, 11.25]},
			"faces": {
				"north": {"uv": [6, 1, 3, 2], "rotation": 180, "texture": "#1"},
				"east": {"uv": [3, 2, 6, 3], "rotation": 270, "texture": "#1"},
				"south": {"uv": [6, 4, 3, 3], "texture": "#1"},
				"west": {"uv": [3, 0, 6, 1], "rotation": 90, "texture": "#1"},
				"up": {"uv": [0, 0, 3, 3], "rotation": 180, "texture": "#1"},
				"down": {"uv": [0, 3, 3, 6], "texture": "#1"}
			}
		},
		{
			"from": [8, 1.8, 7],
			"to": [10, 3.8, 7.25],
			"rotation": {"angle": 22.5, "axis": "x", "origin": [9, 2.8, 7.25]},
			"faces": {
				"north": {"uv": [3, 3, 0, 0], "rotation": 180, "texture": "#1"},
				"east": {"uv": [3, 1, 6, 2], "rotation": 90, "texture": "#1"},
				"south": {"uv": [3, 3, 0, 6], "texture": "#1"},
				"west": {"uv": [3, 3, 6, 4], "rotation": 270, "texture": "#1"},
				"up": {"uv": [3, 0, 6, 1], "texture": "#1"},
				"down": {"uv": [3, 2, 6, 3], "rotation": 180, "texture": "#1"}
			}
		},
		{
			"from": [5.275, -0.025, 4.8],
			"to": [7.275, 0.975, 6.8],
			"rotation": {"angle": -45, "axis": "y", "origin": [6.275, -0.025, 5.8]},
			"faces": {
				"north": {"uv": [0, 4, 2, 5], "texture": "#2"},
				"east": {"uv": [4, 0, 6, 1], "texture": "#2"},
				"south": {"uv": [4, 1, 6, 2], "texture": "#2"},
				"west": {"uv": [2, 4, 4, 5], "texture": "#2"},
				"up": {"uv": [2, 2, 0, 0], "texture": "#2"},
				"down": {"uv": [2, 2, 0, 4], "texture": "#2"}
			}
		},
		{
			"from": [5.275, 0, 4.8],
			"to": [7.275, 1, 6.8],
			"rotation": {"angle": -22.5, "axis": "x", "origin": [6.275, 0, 5.8]},
			"faces": {
				"north": {"uv": [4, 2, 6, 3], "texture": "#2"},
				"east": {"uv": [4, 3, 6, 4], "texture": "#2"},
				"south": {"uv": [4, 4, 6, 5], "texture": "#2"},
				"west": {"uv": [0, 5, 2, 6], "texture": "#2"},
				"up": {"uv": [4, 2, 2, 0], "texture": "#2"},
				"down": {"uv": [4, 2, 2, 4], "texture": "#2"}
			}
		},
		{
			"from": [9.275, -0.025, 10.8],
			"to": [11.275, 0.975, 12.8],
			"rotation": {"angle": -45, "axis": "y", "origin": [10.275, -0.025, 11.8]},
			"faces": {
				"north": {"uv": [2, 4, 4, 5], "texture": "#2"},
				"east": {"uv": [0, 4, 2, 5], "texture": "#2"},
				"south": {"uv": [4, 0, 6, 1], "texture": "#2"},
				"west": {"uv": [4, 1, 6, 2], "texture": "#2"},
				"up": {"uv": [2, 2, 0, 0], "rotation": 90, "texture": "#2"},
				"down": {"uv": [2, 2, 0, 4], "rotation": 270, "texture": "#2"}
			}
		},
		{
			"from": [9.275, 0, 10.8],
			"to": [11.275, 1, 12.8],
			"rotation": {"angle": 22.5, "axis": "x", "origin": [10.275, 0, 11.8]},
			"faces": {
				"north": {"uv": [0, 5, 2, 6], "texture": "#2"},
				"east": {"uv": [4, 2, 6, 3], "texture": "#2"},
				"south": {"uv": [4, 3, 6, 4], "texture": "#2"},
				"west": {"uv": [4, 4, 6, 5], "texture": "#2"},
				"up": {"uv": [4, 2, 2, 0], "rotation": 90, "texture": "#2"},
				"down": {"uv": [4, 2, 2, 4], "rotation": 270, "texture": "#2"}
			}
		}
	],
	"groups": [
		0,
		1,
		2,
		{
			"name": "bone",
			"origin": [12, 0, 14],
			"color": 0,
			"children": [3]
		},
		{
			"name": "bone3",
			"origin": [9, 3.075, 7.25],
			"color": 0,
			"children": [4]
		},
		{
			"name": "bone4",
			"origin": [6.275, 1, 5.8],
			"color": 0,
			"children": [5, 6]
		},
		{
			"name": "bone2",
			"origin": [6.275, 1, 5.8],
			"color": 0,
			"children": [7, 8]
		}
	]
}