{
	"credit": "Made with Blockbench",
	"textures": {
		"1": "item/doors/gold/coin",
		"2": "item/doors/gold/bar",
		"particle": "item/doors/gold/bar"
	},
	"elements": [
		{
			"from": [6.875, 0.25, 7.5],
			"to": [9.375, 0.5, 10],
			"rotation": {"angle": -45, "axis": "y", "origin": [7.125, 0.25, 7.75]},
			"faces": {
				"north": {"uv": [3, 0, 6, 1], "texture": "#1"},
				"east": {"uv": [3, 1, 6, 2], "texture": "#1"},
				"south": {"uv": [3, 2, 6, 3], "texture": "#1"},
				"west": {"uv": [3, 3, 6, 4], "texture": "#1"},
				"up": {"uv": [3, 3, 0, 0], "texture": "#1"},
				"down": {"uv": [3, 3, 0, 6], "texture": "#1"}
			}
		},
		{
			"from": [6.25, -0.025, 9.25],
			"to": [8.75, 0.225, 11.75],
			"rotation": {"angle": -22.5, "axis": "y", "origin": [8.5, -0.025, 9.5]},
			"faces": {
				"north": {"uv": [3, 3, 6, 4], "texture": "#1"},
				"east": {"uv": [3, 0, 6, 1], "texture": "#1"},
				"south": {"uv": [3, 1, 6, 2], "texture": "#1"},
				"west": {"uv": [3, 2, 6, 3], "texture": "#1"},
				"up": {"uv": [3, 3, 0, 0], "rotation": 90, "texture": "#1"},
				"down": {"uv": [3, 3, 0, 6], "rotation": 270, "texture": "#1"}
			}
		},
		{
			"from": [5.75, 0, 6.25],
			"to": [8.25, 0.25, 8.75],
			"rotation": {"angle": -22.5, "axis": "y", "origin": [6, 0, 8.5]},
			"faces": {
				"north": {"uv": [3, 1, 6, 2], "texture": "#1"},
				"east": {"uv": [3, 2, 6, 3], "texture": "#1"},
				"south": {"uv": [3, 3, 6, 4], "texture": "#1"},
				"west": {"uv": [3, 0, 6, 1], "texture": "#1"},
				"up": {"uv": [3, 3, 0, 0], "rotation": 270, "texture": "#1"},
				"down": {"uv": [3, 3, 0, 6], "rotation": 90, "texture": "#1"}
			}
		},
		{
			"from": [6, 0, 6],
			"to": [14, 2, 8],
			"rotation": {"angle": -45, "axis": "y", "origin": [11, 0, 6]},
			"faces": {
				"north": {"uv": [0, 0, 8, 2], "texture": "#2"},
				"east": {"uv": [0, 8, 2, 10], "texture": "#2"},
				"south": {"uv": [0, 2, 8, 4], "texture": "#2"},
				"west": {"uv": [8, 0, 10, 2], "texture": "#2"},
				"up": {"uv": [8, 6, 0, 4], "texture": "#2"},
				"down": {"uv": [8, 6, 0, 8], "texture": "#2"}
			}
		}
	],
	"groups": [
		{
			"name": "group",
			"origin": [7, 0, 7],
			"color": 0,
			"children": [0, 1, 2]
		},
		3
	]
}