{
	"credit": "Made with Blockbench",
	"textures": {
		"1": "item/doors/gold/coin"
	},
	"elements": [
		{
			"from": [7.875, 0.25, 6.75],
			"to": [10.375, 0.5, 9.25],
			"rotation": {"angle": -45, "axis": "y", "origin": [8.125, 0.25, 7]},
			"faces": {
				"north": {"uv": [3, 0, 6, 1], "texture": "#1"},
				"east": {"uv": [3, 1, 6, 2], "texture": "#1"},
				"south": {"uv": [3, 2, 6, 3], "texture": "#1"},
				"west": {"uv": [3, 3, 6, 4], "texture": "#1"},
				"up": {"uv": [3, 3, 0, 0], "texture": "#1"},
				"down": {"uv": [3, 3, 0, 6], "texture": "#1"}
			}
		},
		{
			"from": [7.25, -0.025, 8.25],
			"to": [9.75, 0.225, 10.75],
			"rotation": {"angle": 22.5, "axis": "y", "origin": [9.5, -0.025, 10.5]},
			"faces": {
				"north": {"uv": [3, 2, 6, 3], "texture": "#1"},
				"east": {"uv": [3, 3, 6, 4], "texture": "#1"},
				"south": {"uv": [3, 0, 6, 1], "texture": "#1"},
				"west": {"uv": [3, 1, 6, 2], "texture": "#1"},
				"up": {"uv": [3, 3, 0, 0], "rotation": 180, "texture": "#1"},
				"down": {"uv": [3, 3, 0, 6], "rotation": 180, "texture": "#1"}
			}
		},
		{
			"from": [6.75, 0, 5.25],
			"to": [9.25, 0.25, 7.75],
			"rotation": {"angle": -22.5, "axis": "y", "origin": [7, 0, 7.5]},
			"faces": {
				"north": {"uv": [3, 1, 6, 2], "texture": "#1"},
				"east": {"uv": [3, 2, 6, 3], "texture": "#1"},
				"south": {"uv": [3, 3, 6, 4], "texture": "#1"},
				"west": {"uv": [3, 0, 6, 1], "texture": "#1"},
				"up": {"uv": [3, 3, 0, 0], "rotation": 270, "texture": "#1"},
				"down": {"uv": [3, 3, 0, 6], "rotation": 90, "texture": "#1"}
			}
		},
		{
			"from": [7.75, 0.025, 6.25],
			"to": [10.25, 0.275, 8.75],
			"rotation": {"angle": -45, "axis": "y", "origin": [8, 0.025, 8.5]},
			"faces": {
				"north": {"uv": [3, 1, 6, 2], "texture": "#1"},
				"east": {"uv": [3, 2, 6, 3], "texture": "#1"},
				"south": {"uv": [3, 3, 6, 4], "texture": "#1"},
				"west": {"uv": [3, 0, 6, 1], "texture": "#1"},
				"up": {"uv": [3, 3, 0, 0], "rotation": 270, "texture": "#1"},
				"down": {"uv": [3, 3, 0, 6], "rotation": 90, "texture": "#1"}
			}
		}
	],
	"groups": [
		{
			"name": "group",
			"origin": [7, 0, 7],
			"color": 0,
			"children": [0, 1, 2, 3]
		}
	]
}