{
	"credit": "Made with Blockbench",
	"texture_size": [128, 128],
	"textures": {
		"1": "item/doors/hiding_spots/hotel_closet",
		"particle": "item/doors/hiding_spots/hotel_closet"
	},
	"elements": [
		{
			"from": [-3, 1, 14],
			"to": [19, 30, 16],
			"rotation": {"angle": 0, "axis": "y", "origin": [8, 0, 14]},
			"faces": {
				"north": {"uv": [0, 0, 2.75, 3.625], "texture": "#1"},
				"east": {"uv": [5.25, 6.75, 5.5, 10.375], "texture": "#1"},
				"south": {"uv": [2.75, 0, 5.5, 3.625], "texture": "#1"},
				"west": {"uv": [2.5, 7, 2.75, 10.625], "texture": "#1"},
				"up": {"uv": [11.25, 3.75, 8.5, 3.5], "texture": "#1"},
				"down": {"uv": [11.25, 3.75, 8.5, 4], "texture": "#1"}
			}
		},
		{
			"from": [8.25, 2, 4.5],
			"to": [17, 27, 6],
			"rotation": {"angle": 0, "axis": "y", "origin": [8, 0, 4]},
			"faces": {
				"north": {"uv": [4.5, 3.625, 5.625, 6.75], "texture": "#1"},
				"east": {"uv": [3.75, 8.375, 4, 11.5], "texture": "#1"},
				"south": {"uv": [5.5, 0, 6.625, 3.125], "texture": "#1"},
				"west": {"uv": [0, 8.5, 0.25, 11.625], "texture": "#1"},
				"up": {"uv": [10.625, 4.75, 9.5, 4.5], "texture": "#1"},
				"down": {"uv": [10.625, 4.75, 9.5, 5], "texture": "#1"}
			}
		},
		{
			"from": [-1, 2, 4.5],
			"to": [7.75, 27, 6],
			"rotation": {"angle": 0, "axis": "y", "origin": [-1.5, 0, 4]},
			"faces": {
				"north": {"uv": [5.625, 3.125, 6.75, 6.25], "texture": "#1"},
				"east": {"uv": [0.25, 8.5, 0.5, 11.625], "texture": "#1"},
				"south": {"uv": [5.625, 6.25, 6.75, 9.375], "texture": "#1"},
				"west": {"uv": [0.5, 8.5, 0.75, 11.625], "texture": "#1"},
				"up": {"uv": [10.625, 5.25, 9.5, 5], "texture": "#1"},
				"down": {"uv": [10.625, 5.25, 9.5, 5.5], "texture": "#1"}
			}
		},
		{
			"from": [0, 19, 4.25],
			"to": [6, 25, 4.5],
			"rotation": {"angle": 0, "axis": "y", "origin": [-2.5, 0, 2.5]},
			"faces": {
				"north": {"uv": [0.75, 8.5, 1.5, 9.25], "texture": "#1"},
				"east": {"uv": [6.625, 9.375, 6.75, 10.125], "texture": "#1"},
				"south": {"uv": [1.5, 8.5, 2.25, 9.25], "texture": "#1"},
				"west": {"uv": [9.375, 9.875, 9.5, 10.625], "texture": "#1"},
				"up": {"uv": [10.375, 2.25, 9.625, 2.125], "texture": "#1"},
				"down": {"uv": [10.5, 6.5, 9.75, 6.625], "texture": "#1"}
			}
		},
		{
			"from": [0, 2, 4.25],
			"to": [6, 8, 4.5],
			"rotation": {"angle": 0, "axis": "y", "origin": [-2.5, -17, 2.5]},
			"faces": {
				"north": {"uv": [8.5, 4, 9.25, 4.75], "texture": "#1"},
				"east": {"uv": [9.5, 9.875, 9.625, 10.625], "texture": "#1"},
				"south": {"uv": [8.5, 4.75, 9.25, 5.5], "texture": "#1"},
				"west": {"uv": [9.625, 9.875, 9.75, 10.625], "texture": "#1"},
				"up": {"uv": [10.625, 1.125, 9.875, 1], "texture": "#1"},
				"down": {"uv": [10.5, 9.875, 9.75, 10], "texture": "#1"}
			}
		},
		{
			"from": [0, 10.5, 4.25],
			"to": [6, 16.5, 4.5],
			"rotation": {"angle": 0, "axis": "y", "origin": [-2.5, -8.5, 2.5]},
			"faces": {
				"north": {"uv": [8.5, 5.5, 9.25, 6.25], "texture": "#1"},
				"east": {"uv": [9.75, 10, 9.875, 10.75], "texture": "#1"},
				"south": {"uv": [8.5, 6.25, 9.25, 7], "texture": "#1"},
				"west": {"uv": [9.875, 10, 10, 10.75], "texture": "#1"},
				"up": {"uv": [10.75, 9.75, 10, 9.625], "texture": "#1"},
				"down": {"uv": [10.75, 9.75, 10, 9.875], "texture": "#1"}
			}
		},
		{
			"from": [10, 10.5, 4.25],
			"to": [16, 16.5, 4.5],
			"rotation": {"angle": 0, "axis": "y", "origin": [7.5, -8.5, 2.5]},
			"faces": {
				"north": {"uv": [8.5, 7, 9.25, 7.75], "texture": "#1"},
				"east": {"uv": [10, 10, 10.125, 10.75], "texture": "#1"},
				"south": {"uv": [8.5, 7.75, 9.25, 8.5], "texture": "#1"},
				"west": {"uv": [10.125, 0, 10.25, 0.75], "texture": "#1"},
				"up": {"uv": [10.875, 0.875, 10.125, 0.75], "texture": "#1"},
				"down": {"uv": [10.875, 0.875, 10.125, 1], "texture": "#1"}
			}
		},
		{
			"from": [9, 8.5, 3.5],
			"to": [11, 10.5, 4.5],
			"rotation": {"angle": 0, "axis": "y", "origin": [2.5, -10.5, 2.5]},
			"faces": {
				"north": {"uv": [7.875, 10.25, 8.125, 10.5], "texture": "#1"},
				"east": {"uv": [8.375, 10.25, 8.5, 10.5], "texture": "#1"},
				"south": {"uv": [8.125, 10.25, 8.375, 10.5], "texture": "#1"},
				"west": {"uv": [10.375, 1.125, 10.5, 1.375], "texture": "#1"},
				"up": {"uv": [10.625, 0.75, 10.375, 0.625], "texture": "#1"},
				"down": {"uv": [10.625, 1.375, 10.375, 1.5], "texture": "#1"}
			}
		},
		{
			"from": [5, 8.5, 3.5],
			"to": [7, 10.5, 4.5],
			"rotation": {"angle": 0, "axis": "y", "origin": [-1.5, -10.5, 2.5]},
			"faces": {
				"north": {"uv": [10.25, 7.125, 10.5, 7.375], "texture": "#1"},
				"east": {"uv": [5.5, 3.125, 5.625, 3.375], "texture": "#1"},
				"south": {"uv": [7.625, 10.25, 7.875, 10.5], "texture": "#1"},
				"west": {"uv": [5.5, 3.375, 5.625, 3.625], "texture": "#1"},
				"up": {"uv": [10.625, 0.5, 10.375, 0.375], "texture": "#1"},
				"down": {"uv": [10.625, 0.5, 10.375, 0.625], "texture": "#1"}
			}
		},
		{
			"from": [10, 2, 4.25],
			"to": [16, 8, 4.5],
			"rotation": {"angle": 0, "axis": "y", "origin": [7.5, -17, 2.5]},
			"faces": {
				"north": {"uv": [8.5, 8.5, 9.25, 9.25], "texture": "#1"},
				"east": {"uv": [5.5, 10.125, 5.625, 10.875], "texture": "#1"},
				"south": {"uv": [8.875, 0, 9.625, 0.75], "texture": "#1"},
				"west": {"uv": [6.625, 10.125, 6.75, 10.875], "texture": "#1"},
				"up": {"uv": [10.875, 10.125, 10.125, 10], "texture": "#1"},
				"down": {"uv": [10.875, 10.125, 10.125, 10.25], "texture": "#1"}
			}
		},
		{
			"from": [10, 19, 4.25],
			"to": [16, 25, 4.5],
			"rotation": {"angle": 0, "axis": "y", "origin": [7.5, 0, 2.5]},
			"faces": {
				"north": {"uv": [8.875, 0.75, 9.625, 1.5], "texture": "#1"},
				"east": {"uv": [10.25, 0, 10.375, 0.75], "texture": "#1"},
				"south": {"uv": [8.875, 1.5, 9.625, 2.25], "texture": "#1"},
				"west": {"uv": [7.5, 10.25, 7.625, 11], "texture": "#1"},
				"up": {"uv": [11, 2, 10.25, 1.875], "texture": "#1"},
				"down": {"uv": [11, 2, 10.25, 2.125], "texture": "#1"}
			}
		},
		{
			"from": [-1, 0.5, 4.5],
			"to": [17, 2, 14],
			"rotation": {"angle": 0, "axis": "y", "origin": [8, 0, 12]},
			"faces": {
				"north": {"uv": [8.875, 2.25, 11.125, 2.5], "texture": "#1"},
				"east": {"uv": [9.5, 4, 10.75, 4.25], "texture": "#1"},
				"south": {"uv": [8.875, 2.5, 11.125, 2.75], "texture": "#1"},
				"west": {"uv": [9.5, 4.25, 10.75, 4.5], "texture": "#1"},
				"up": {"uv": [8.875, 1.25, 6.625, 0], "texture": "#1"},
				"down": {"uv": [8.875, 1.25, 6.625, 2.5], "texture": "#1"}
			}
		},
		{
			"from": [-1, 26, 6],
			"to": [17, 30, 8],
			"rotation": {"angle": 0, "axis": "y", "origin": [8, 0, 6]},
			"faces": {
				"north": {"uv": [6.625, 2.5, 8.875, 3], "texture": "#1"},
				"east": {"uv": [9.875, 0, 10.125, 0.5], "texture": "#1"},
				"south": {"uv": [6.75, 3, 9, 3.5], "texture": "#1"},
				"west": {"uv": [9.875, 0.5, 10.125, 1], "texture": "#1"},
				"up": {"uv": [11.125, 3, 8.875, 2.75], "texture": "#1"},
				"down": {"uv": [11.25, 3, 9, 3.25], "texture": "#1"}
			}
		},
		{
			"from": [-3, 1, 5],
			"to": [-1, 28, 14],
			"rotation": {"angle": 0, "axis": "y", "origin": [-3, 0, 14]},
			"faces": {
				"north": {"uv": [4, 7, 4.25, 10.375], "texture": "#1"},
				"east": {"uv": [0, 3.625, 1.125, 7], "texture": "#1"},
				"south": {"uv": [4.25, 7, 4.5, 10.375], "texture": "#1"},
				"west": {"uv": [1.125, 3.625, 2.25, 7], "texture": "#1"},
				"up": {"uv": [6.375, 10.5, 6.125, 9.375], "texture": "#1"},
				"down": {"uv": [6.625, 9.375, 6.375, 10.5], "texture": "#1"}
			}
		},
		{
			"from": [17, 0, 4.5],
			"to": [19.5, 1, 16.5],
			"rotation": {"angle": 0, "axis": "y", "origin": [17, -1, 14]},
			"faces": {
				"north": {"uv": [10.125, 10.25, 10.5, 10.375], "texture": "#1"},
				"east": {"uv": [9.5, 6.625, 11, 6.75], "texture": "#1"},
				"south": {"uv": [10.375, 0, 10.75, 0.125], "texture": "#1"},
				"west": {"uv": [9.5, 6.75, 11, 6.875], "texture": "#1"},
				"up": {"uv": [1.125, 10.75, 0.75, 9.25], "texture": "#1"},
				"down": {"uv": [1.5, 9.25, 1.125, 10.75], "texture": "#1"}
			}
		},
		{
			"from": [-3.5, 0, 4.5],
			"to": [-1, 1, 16.5],
			"rotation": {"angle": 0, "axis": "y", "origin": [-3.5, -1, 14]},
			"faces": {
				"north": {"uv": [10.375, 0.125, 10.75, 0.25], "texture": "#1"},
				"east": {"uv": [9.5, 6.875, 11, 7], "texture": "#1"},
				"south": {"uv": [10.375, 0.25, 10.75, 0.375], "texture": "#1"},
				"west": {"uv": [9.5, 7, 11, 7.125], "texture": "#1"},
				"up": {"uv": [1.875, 10.75, 1.5, 9.25], "texture": "#1"},
				"down": {"uv": [2.25, 9.25, 1.875, 10.75], "texture": "#1"}
			}
		},
		{
			"from": [17, 1, 5],
			"to": [19, 28, 14],
			"rotation": {"angle": 0, "axis": "y", "origin": [17, 0, 14]},
			"faces": {
				"north": {"uv": [7.5, 3.5, 7.75, 6.875], "texture": "#1"},
				"east": {"uv": [2.25, 3.625, 3.375, 7], "texture": "#1"},
				"south": {"uv": [7.5, 6.875, 7.75, 10.25], "texture": "#1"},
				"west": {"uv": [3.375, 3.625, 4.5, 7], "texture": "#1"},
				"up": {"uv": [9.75, 6.625, 9.5, 5.5], "texture": "#1"},
				"down": {"uv": [9.875, 0, 9.625, 1.125], "texture": "#1"}
			}
		},
		{
			"from": [17, 1, 4.5],
			"to": [19, 28, 5],
			"rotation": {"angle": 0, "axis": "y", "origin": [17, 0, 11.5]},
			"faces": {
				"north": {"uv": [7.75, 3.5, 8, 6.875], "texture": "#1"},
				"east": {"uv": [5.5, 6.75, 5.625, 10.125], "texture": "#1"},
				"south": {"uv": [7.75, 6.875, 8, 10.25], "texture": "#1"},
				"west": {"uv": [2.25, 8.5, 2.375, 11.875], "texture": "#1"},
				"up": {"uv": [10.625, 1.625, 10.375, 1.5], "texture": "#1"},
				"down": {"uv": [10.625, 1.625, 10.375, 1.75], "texture": "#1"}
			}
		},
		{
			"from": [-3, 1, 4.5],
			"to": [-1, 28, 5],
			"rotation": {"angle": 0, "axis": "y", "origin": [-3, 0, 11.5]},
			"faces": {
				"north": {"uv": [8, 3.5, 8.25, 6.875], "texture": "#1"},
				"east": {"uv": [2.375, 8.5, 2.5, 11.875], "texture": "#1"},
				"south": {"uv": [6.75, 8, 7, 11.375], "texture": "#1"},
				"west": {"uv": [9.25, 4, 9.375, 7.375], "texture": "#1"},
				"up": {"uv": [10.625, 1.875, 10.375, 1.75], "texture": "#1"},
				"down": {"uv": [10.625, 2.125, 10.375, 2.25], "texture": "#1"}
			}
		},
		{
			"from": [-3, 1, 16],
			"to": [-1, 28, 16.5],
			"rotation": {"angle": 0, "axis": "y", "origin": [-3, 0, 23]},
			"faces": {
				"north": {"uv": [8, 6.875, 8.25, 10.25], "texture": "#1"},
				"east": {"uv": [9.25, 7.375, 9.375, 10.75], "texture": "#1"},
				"south": {"uv": [7, 8, 7.25, 11.375], "texture": "#1"},
				"west": {"uv": [8.5, 9.25, 8.625, 12.625], "texture": "#1"},
				"up": {"uv": [4.25, 10.5, 4, 10.375], "texture": "#1"},
				"down": {"uv": [4.5, 10.375, 4.25, 10.5], "texture": "#1"}
			}
		},
		{
			"from": [17, 1, 16],
			"to": [19, 28, 16.5],
			"rotation": {"angle": 0, "axis": "y", "origin": [17, 0, 23]},
			"faces": {
				"north": {"uv": [7.25, 8, 7.5, 11.375], "texture": "#1"},
				"east": {"uv": [8.625, 9.25, 8.75, 12.625], "texture": "#1"},
				"south": {"uv": [8.25, 3.5, 8.5, 6.875], "texture": "#1"},
				"west": {"uv": [8.75, 9.25, 8.875, 12.625], "texture": "#1"},
				"up": {"uv": [5.5, 10.5, 5.25, 10.375], "texture": "#1"},
				"down": {"uv": [10.625, 5.5, 10.375, 5.625], "texture": "#1"}
			}
		},
		{
			"from": [19, 1, 4.5],
			"to": [19.5, 28, 6.5],
			"rotation": {"angle": 0, "axis": "y", "origin": [12.5, 0, 4.5]},
			"faces": {
				"north": {"uv": [8.875, 9.25, 9, 12.625], "texture": "#1"},
				"east": {"uv": [4.5, 8.25, 4.75, 11.625], "texture": "#1"},
				"south": {"uv": [9, 9.25, 9.125, 12.625], "texture": "#1"},
				"west": {"uv": [4.75, 8.25, 5, 11.625], "texture": "#1"},
				"up": {"uv": [10.5, 5.875, 10.375, 5.625], "texture": "#1"},
				"down": {"uv": [10.5, 5.875, 10.375, 6.125], "texture": "#1"}
			}
		},
		{
			"from": [-3.5, 1, 4.5],
			"to": [-3, 28, 6.5],
			"rotation": {"angle": 0, "axis": "y", "origin": [-10, 0, 4.5]},
			"faces": {
				"north": {"uv": [9.125, 9.25, 9.25, 12.625], "texture": "#1"},
				"east": {"uv": [5, 8.25, 5.25, 11.625], "texture": "#1"},
				"south": {"uv": [9.375, 4, 9.5, 7.375], "texture": "#1"},
				"west": {"uv": [8.25, 6.875, 8.5, 10.25], "texture": "#1"},
				"up": {"uv": [10.5, 6.375, 10.375, 6.125], "texture": "#1"},
				"down": {"uv": [10.25, 10.375, 10.125, 10.625], "texture": "#1"}
			}
		},
		{
			"from": [-3.5, 1, 14.5],
			"to": [-3, 28, 16.5],
			"rotation": {"angle": 0, "axis": "y", "origin": [-10, 0, 14.5]},
			"faces": {
				"north": {"uv": [5.625, 9.375, 5.75, 12.75], "texture": "#1"},
				"east": {"uv": [2.75, 8.375, 3, 11.75], "texture": "#1"},
				"south": {"uv": [5.75, 9.375, 5.875, 12.75], "texture": "#1"},
				"west": {"uv": [3, 8.375, 3.25, 11.75], "texture": "#1"},
				"up": {"uv": [10.375, 10.625, 10.25, 10.375], "texture": "#1"},
				"down": {"uv": [10.5, 10.375, 10.375, 10.625], "texture": "#1"}
			}
		},
		{
			"from": [19, 1, 14.5],
			"to": [19.5, 28, 16.5],
			"rotation": {"angle": 0, "axis": "y", "origin": [12.5, 0, 14.5]},
			"faces": {
				"north": {"uv": [5.875, 9.375, 6, 12.75], "texture": "#1"},
				"east": {"uv": [3.25, 8.375, 3.5, 11.75], "texture": "#1"},
				"south": {"uv": [6, 9.375, 6.125, 12.75], "texture": "#1"},
				"west": {"uv": [3.5, 8.375, 3.75, 11.75], "texture": "#1"},
				"up": {"uv": [10.625, 1.375, 10.5, 1.125], "texture": "#1"},
				"down": {"uv": [10.625, 3.25, 10.5, 3.5], "texture": "#1"}
			}
		},
		{
			"from": [14, 28, 4.5],
			"to": [19.5, 30.1, 16.5],
			"rotation": {"angle": 0, "axis": "y", "origin": [17, -2, 16]},
			"faces": {
				"north": {"uv": [9.5, 7.125, 10.25, 7.375], "texture": "#1"},
				"east": {"uv": [9, 3.25, 10.5, 3.5], "texture": "#1"},
				"south": {"uv": [9.625, 1.125, 10.375, 1.375], "texture": "#1"},
				"west": {"uv": [9.375, 7.375, 10.875, 7.625], "texture": "#1"},
				"up": {"uv": [7.5, 5, 6.75, 3.5], "texture": "#1"},
				"down": {"uv": [5.25, 6.75, 4.5, 8.25], "texture": "#1"}
			}
		},
		{
			"from": [5.5, 30, 5],
			"to": [10.75, 32, 16],
			"rotation": {"angle": 0, "axis": "y", "origin": [8.5, 0, 16]},
			"faces": {
				"north": {"uv": [9.625, 1.875, 10.25, 2.125], "texture": "#1"},
				"east": {"uv": [9.375, 9.125, 10.75, 9.375], "texture": "#1"},
				"south": {"uv": [9.375, 9.625, 10, 9.875], "texture": "#1"},
				"west": {"uv": [9.375, 9.375, 10.75, 9.625], "texture": "#1"},
				"up": {"uv": [3.375, 8.375, 2.75, 7], "texture": "#1"},
				"down": {"uv": [4, 7, 3.375, 8.375], "texture": "#1"}
			}
		},
		{
			"from": [-3.5, 28, 4.5],
			"to": [2, 30.1, 16.5],
			"rotation": {"angle": 0, "axis": "y", "origin": [0, -2, 16]},
			"faces": {
				"north": {"uv": [9.625, 1.375, 10.375, 1.625], "texture": "#1"},
				"east": {"uv": [9.375, 7.625, 10.875, 7.875], "texture": "#1"},
				"south": {"uv": [9.625, 1.625, 10.375, 1.875], "texture": "#1"},
				"west": {"uv": [9.375, 7.875, 10.875, 8.125], "texture": "#1"},
				"up": {"uv": [7.5, 6.5, 6.75, 5], "texture": "#1"},
				"down": {"uv": [7.5, 6.5, 6.75, 8], "texture": "#1"}
			}
		},
		{
			"from": [2, 28, 4.65],
			"to": [7, 30, 16.35],
			"rotation": {"angle": 22.5, "axis": "z", "origin": [2, 28, 16]},
			"faces": {
				"north": {"uv": [9.75, 5.5, 10.375, 5.75], "texture": "#1"},
				"east": {"uv": [9.375, 8.125, 10.875, 8.375], "texture": "#1"},
				"south": {"uv": [9.75, 5.75, 10.375, 6], "texture": "#1"},
				"west": {"uv": [9.375, 8.375, 10.875, 8.625], "texture": "#1"},
				"up": {"uv": [0.625, 8.5, 0, 7], "texture": "#1"},
				"down": {"uv": [1.25, 7, 0.625, 8.5], "texture": "#1"}
			}
		},
		{
			"from": [10, 28, 4.65],
			"to": [15, 30, 16.35],
			"rotation": {"angle": -22.5, "axis": "z", "origin": [15, 30, 16]},
			"faces": {
				"north": {"uv": [9.75, 6, 10.375, 6.25], "texture": "#1"},
				"east": {"uv": [9.375, 8.625, 10.875, 8.875], "texture": "#1"},
				"south": {"uv": [9.75, 6.25, 10.375, 6.5], "texture": "#1"},
				"west": {"uv": [9.375, 8.875, 10.875, 9.125], "texture": "#1"},
				"up": {"uv": [1.875, 8.5, 1.25, 7], "texture": "#1"},
				"down": {"uv": [2.5, 7, 1.875, 8.5], "texture": "#1"}
			}
		}
	],
	"groups": [
		{
			"name": "root",
			"origin": [0, 0, 14],
			"color": 0,
			"children": [0, 1, 2, 3, 4, 5, 6, 7, 8, 9, 10, 11, 12, 13, 14, 15, 16, 17, 18, 19, 20, 21, 22, 23, 24, 25, 26, 27, 28, 29]
		}
	]
}