{
	"textures": {
		"0": "animated_java:item/seek_models/seek"
	},
	"elements": [
		{
			"from": [6, 12, 5],
			"to": [12, 28, 10],
			"rotation": {
				"angle": 0,
				"axis": "y",
				"origin": [8, 8, 8]
			},
			"faces": {
				"north": {
					"uv": [1.625, 3.125, 2.375, 5.125],
					"texture": "#0"
				},
				"east": {
					"uv": [0, 3.875, 0.625, 5.875],
					"texture": "#0"
				},
				"south": {
					"uv": [3.375, 2.25, 4.125, 4.25],
					"texture": "#0"
				},
				"west": {
					"uv": [4.125, 1.375, 4.75, 3.375],
					"texture": "#0"
				},
				"up": {
					"uv": [9.375, 4.375, 8.625, 3.75],
					"texture": "#0"
				},
				"down": {
					"uv": [5.25, 8.625, 4.5, 9.25],
					"texture": "#0"
				}
			}
		},
		{
			"from": [4, 17, 5],
			"to": [6, 28, 10],
			"rotation": {
				"angle": 0,
				"axis": "y",
				"origin": [5, 8, 8]
			},
			"faces": {
				"north": {
					"uv": [4.5, 4.625, 4.75, 6],
					"texture": "#0"
				},
				"east": {
					"uv": [2.375, 3.5, 3, 4.875],
					"texture": "#0"
				},
				"south": {
					"uv": [7.25, 9.125, 7.5, 10.5],
					"texture": "#0"
				},
				"west": {
					"uv": [1.875, 7.5, 2.5, 8.875],
					"texture": "#0"
				},
				"up": {
					"uv": [0.25, 3.875, 0, 3.25],
					"texture": "#0"
				},
				"down": {
					"uv": [5, 2.625, 4.75, 3.25],
					"texture": "#0"
				}
			}
		},
		{
			"from": [13, 22, 5],
			"to": [13.5, 28, 10],
			"rotation": {
				"angle": 0,
				"axis": "y",
				"origin": [21, 11, 8]
			},
			"faces": {
				"north": {
					"uv": [1.875, 1.125, 2, 1.875],
					"texture": "#0"
				},
				"east": {
					"uv": [1.375, 8.875, 2, 9.625],
					"texture": "#0"
				},
				"south": {
					"uv": [4.5, 0, 4.625, 0.75],
					"texture": "#0"
				},
				"west": {
					"uv": [9, 7, 9.625, 7.75],
					"texture": "#0"
				},
				"up": {
					"uv": [4.5, 6, 4.375, 5.375],
					"texture": "#0"
				},
				"down": {
					"uv": [5.75, 1.25, 5.625, 1.875],
					"texture": "#0"
				}
			}
		},
		{
			"from": [12, 19, 5],
			"to": [13, 28, 10],
			"rotation": {
				"angle": 0,
				"axis": "y",
				"origin": [20, 11, 8]
			},
			"faces": {
				"north": {
					"uv": [7, 5.25, 7.125, 6.375],
					"texture": "#0"
				},
				"east": {
					"uv": [2.5, 7.75, 3.125, 8.875],
					"texture": "#0"
				},
				"south": {
					"uv": [6.5, 7.5, 6.625, 8.625],
					"texture": "#0"
				},
				"west": {
					"uv": [7.75, 7.625, 8.375, 8.75],
					"texture": "#0"
				},
				"up": {
					"uv": [3.5, 4.875, 3.375, 4.25],
					"texture": "#0"
				},
				"down": {
					"uv": [5.5, 3.875, 5.375, 4.5],
					"texture": "#0"
				}
			}
		},
		{
			"from": [4, 14, 5],
			"to": [6, 17, 10],
			"rotation": {
				"angle": 0,
				"axis": "y",
				"origin": [-2, 5, 8]
			},
			"faces": {
				"north": {
					"uv": [1.5, 6.75, 1.75, 7.125],
					"texture": "#0"
				},
				"east": {
					"uv": [0.625, 4.25, 1.25, 4.625],
					"texture": "#0"
				},
				"south": {
					"uv": [6.25, 6.875, 6.5, 7.25],
					"texture": "#0"
				},
				"west": {
					"uv": [7.5, 1.875, 8.125, 2.25],
					"texture": "#0"
				},
				"up": {
					"uv": [4.625, 8.125, 4.375, 7.5],
					"texture": "#0"
				},
				"down": {
					"uv": [9, 5.875, 8.75, 6.5],
					"texture": "#0"
				}
			}
		},
		{
			"from": [3.5, 12, 5],
			"to": [6, 14, 10],
			"rotation": {
				"angle": 0,
				"axis": "y",
				"origin": [-3, 4, 8]
			},
			"faces": {
				"north": {
					"uv": [9.375, 2.375, 9.75, 2.625],
					"texture": "#0"
				},
				"east": {
					"uv": [9.375, 5.875, 10, 6.125],
					"texture": "#0"
				},
				"south": {
					"uv": [9.75, 1.75, 10.125, 2],
					"texture": "#0"
				},
				"west": {
					"uv": [9.375, 8.625, 10, 8.875],
					"texture": "#0"
				},
				"up": {
					"uv": [4.125, 9.875, 3.75, 9.25],
					"texture": "#0"
				},
				"down": {
					"uv": [9.75, 0, 9.375, 0.625],
					"texture": "#0"
				}
			}
		},
		{
			"from": [2.5, 22, 5],
			"to": [3, 28, 10],
			"rotation": {
				"angle": 0,
				"axis": "y",
				"origin": [-5, 11, 8]
			},
			"faces": {
				"north": {
					"uv": [2.375, 8.875, 2.5, 9.625],
					"texture": "#0"
				},
				"east": {
					"uv": [9.125, 1.25, 9.75, 2],
					"texture": "#0"
				},
				"south": {
					"uv": [6.25, 9, 6.375, 9.75],
					"texture": "#0"
				},
				"west": {
					"uv": [9.125, 4.375, 9.75, 5.125],
					"texture": "#0"
				},
				"up": {
					"uv": [4.75, 6.625, 4.625, 6],
					"texture": "#0"
				},
				"down": {
					"uv": [7.125, 0.125, 7, 0.75],
					"texture": "#0"
				}
			}
		},
		{
			"from": [3, 19, 5],
			"to": [4, 28, 10],
			"rotation": {
				"angle": 0,
				"axis": "y",
				"origin": [-4, 11, 8]
			},
			"faces": {
				"north": {
					"uv": [8.25, 8.75, 8.375, 9.875],
					"texture": "#0"
				},
				"east": {
					"uv": [8, 0, 8.625, 1.125],
					"texture": "#0"
				},
				"south": {
					"uv": [2.875, 8.875, 3, 10],
					"texture": "#0"
				},
				"west": {
					"uv": [8, 3.75, 8.625, 4.875],
					"texture": "#0"
				},
				"up": {
					"uv": [7.875, 10.25, 7.75, 9.625],
					"texture": "#0"
				},
				"down": {
					"uv": [3.375, 9.75, 3.25, 10.375],
					"texture": "#0"
				}
			}
		}
	],
	"display": {
		"head": {
			"rotation": [0, 180, 0]
		}
	}
}