{
	"textures": {
		"0": "animated_java:item/seek_models/seek"
	},
	"elements": [
		{
			"from": [6, 27.5, 9.25],
			"to": [8, 29.5, 9.5],
			"rotation": {
				"angle": 0,
				"axis": "y",
				"origin": [8.5, 8, 5.75]
			},
			"faces": {
				"north": {
					"uv": [2.875, 7.125, 3.125, 7.375],
					"texture": "#0"
				},
				"east": {
					"uv": [2.625, 1.75, 2.75, 2],
					"texture": "#0"
				},
				"south": {
					"uv": [7.25, 4.25, 7.5, 4.5],
					"texture": "#0"
				},
				"west": {
					"uv": [0.25, 3.625, 0.375, 3.875],
					"texture": "#0"
				},
				"up": {
					"uv": [3, 2, 2.75, 1.875],
					"texture": "#0"
				},
				"down": {
					"uv": [3.375, 2.25, 3.125, 2.375],
					"texture": "#0"
				}
			}
		},
		{
			"from": [4, 27, 9.5],
			"to": [10, 30, 10],
			"rotation": {
				"angle": 0,
				"axis": "y",
				"origin": [8, 8, 6]
			},
			"faces": {
				"north": {
					"uv": [0.375, 1.875, 1.125, 2.25],
					"texture": "#0"
				},
				"east": {
					"uv": [7.5, 1.5, 7.625, 1.875],
					"texture": "#0"
				},
				"south": {
					"uv": [1.125, 1.875, 1.875, 2.25],
					"texture": "#0"
				},
				"west": {
					"uv": [7.875, 4.5, 8, 4.875],
					"texture": "#0"
				},
				"up": {
					"uv": [10.375, 7.75, 9.625, 7.625],
					"texture": "#0"
				},
				"down": {
					"uv": [10.5, 0.5, 9.75, 0.625],
					"texture": "#0"
				}
			}
		},
		{
			"from": [2.5, 26, 10],
			"to": [11.5, 31, 12],
			"rotation": {
				"angle": 0,
				"axis": "y",
				"origin": [8, 8, 8]
			},
			"faces": {
				"north": {
					"uv": [8, 2.5, 9.125, 3.125],
					"texture": "#0"
				},
				"east": {
					"uv": [5, 1.125, 5.25, 1.75],
					"texture": "#0"
				},
				"south": {
					"uv": [8, 3.125, 9.125, 3.75],
					"texture": "#0"
				},
				"west": {
					"uv": [1.5, 6.125, 1.75, 6.75],
					"texture": "#0"
				},
				"up": {
					"uv": [9.875, 2.375, 8.75, 2.125],
					"texture": "#0"
				},
				"down": {
					"uv": [10.25, 5.125, 9.125, 5.375],
					"texture": "#0"
				}
			}
		}
	],
	"display": {
		"head": {
			"rotation": [0, 180, 0]
		}
	}
}