{
	"textures": {
		"0": "animated_java:item/seek_models/seek"
	},
	"elements": [
		{
			"from": [5, 17, 5],
			"to": [11, 18, 11],
			"rotation": {
				"angle": 0,
				"axis": "y",
				"origin": [9, 0, 7]
			},
			"faces": {
				"north": {
					"uv": [4.5, 9.25, 5.25, 9.375],
					"texture": "#0"
				},
				"east": {
					"uv": [9.5, 6.5, 10.25, 6.625],
					"texture": "#0"
				},
				"south": {
					"uv": [9.5, 6.625, 10.25, 6.75],
					"texture": "#0"
				},
				"west": {
					"uv": [1.375, 9.625, 2.125, 9.75],
					"texture": "#0"
				},
				"up": {
					"uv": [1.375, 9.25, 0.625, 8.5],
					"texture": "#0"
				},
				"down": {
					"uv": [4.125, 8.5, 3.375, 9.25],
					"texture": "#0"
				}
			}
		},
		{
			"from": [4, 8, 4],
			"to": [12, 17, 12],
			"rotation": {
				"angle": 0,
				"axis": "y",
				"origin": [9, -9, 7]
			},
			"faces": {
				"north": {
					"uv": [3.25, 0, 4.25, 1.125],
					"texture": "#0"
				},
				"east": {
					"uv": [3.5, 4.25, 4.5, 5.375],
					"texture": "#0"
				},
				"south": {
					"uv": [4.625, 0, 5.625, 1.125],
					"texture": "#0"
				},
				"west": {
					"uv": [3.375, 7.375, 4.375, 8.5],
					"texture": "#0"
				},
				"up": {
					"uv": [2.5, 6.125, 1.5, 5.125],
					"texture": "#0"
				},
				"down": {
					"uv": [1.875, 7.5, 0.875, 8.5],
					"texture": "#0"
				}
			}
		},
		{
			"from": [4.5, 15, 3.5],
			"to": [11.5, 16, 4],
			"rotation": {
				"angle": 0,
				"axis": "y",
				"origin": [9, -3, 0]
			},
			"faces": {
				"north": {
					"uv": [0.625, 4.625, 1.5, 4.75],
					"texture": "#0"
				},
				"east": {
					"uv": [3, 1.875, 3.125, 2],
					"texture": "#0"
				},
				"south": {
					"uv": [7, 0, 7.875, 0.125],
					"texture": "#0"
				},
				"west": {
					"uv": [4.125, 1.125, 4.25, 1.25],
					"texture": "#0"
				},
				"up": {
					"uv": [9, 2.5, 8.125, 2.375],
					"texture": "#0"
				},
				"down": {
					"uv": [9.125, 6.5, 8.25, 6.625],
					"texture": "#0"
				}
			}
		},
		{
			"from": [4.5, 9, 3.5],
			"to": [11.5, 10, 4],
			"rotation": {
				"angle": 0,
				"axis": "y",
				"origin": [9, -9, 0]
			},
			"faces": {
				"north": {
					"uv": [9.125, 2, 10, 2.125],
					"texture": "#0"
				},
				"east": {
					"uv": [4.125, 1.25, 4.25, 1.375],
					"texture": "#0"
				},
				"south": {
					"uv": [9.375, 7.75, 10.25, 7.875],
					"texture": "#0"
				},
				"west": {
					"uv": [3, 4.125, 3.125, 4.25],
					"texture": "#0"
				},
				"up": {
					"uv": [10.25, 9.375, 9.375, 9.25],
					"texture": "#0"
				},
				"down": {
					"uv": [10.375, 3.375, 9.5, 3.5],
					"texture": "#0"
				}
			}
		}
	],
	"display": {
		"head": {
			"rotation": [0, 180, 0]
		}
	}
}