{
	"textures": {
		"0": "animated_java:item/seek_models/seek"
	},
	"elements": [
		{
			"from": [16, 19, 6],
			"to": [17, 22, 10],
			"rotation": {
				"angle": 0,
				"axis": "y",
				"origin": [10, 8, 8]
			},
			"faces": {
				"north": {
					"uv": [8.625, 0.75, 8.75, 1.125],
					"texture": "#0"
				},
				"east": {
					"uv": [9.375, 2.625, 9.875, 3],
					"texture": "#0"
				},
				"south": {
					"uv": [6.5, 8.625, 6.625, 9],
					"texture": "#0"
				},
				"west": {
					"uv": [9.375, 4, 9.875, 4.375],
					"texture": "#0"
				},
				"up": {
					"uv": [8.25, 2.375, 8.125, 1.875],
					"texture": "#0"
				},
				"down": {
					"uv": [4.625, 8.125, 4.5, 8.625],
					"texture": "#0"
				}
			}
		},
		{
			"from": [17, 22, 5],
			"to": [18, 23, 6],
			"rotation": {
				"angle": 0,
				"axis": "y",
				"origin": [11, 9, 4]
			},
			"faces": {
				"north": {
					"uv": [4.625, 1.25, 4.75, 1.375],
					"texture": "#0"
				},
				"east": {
					"uv": [4.75, 3.25, 4.875, 3.375],
					"texture": "#0"
				},
				"south": {
					"uv": [2.375, 4.875, 2.5, 5],
					"texture": "#0"
				},
				"west": {
					"uv": [4.875, 3.25, 5, 3.375],
					"texture": "#0"
				},
				"up": {
					"uv": [5.125, 1.875, 5, 1.75],
					"texture": "#0"
				},
				"down": {
					"uv": [2.5, 5, 2.375, 5.125],
					"texture": "#0"
				}
			}
		}
	],
	"display": {
		"head": {
			"rotation": [0, 180, 0]
		}
	}
}