{
	"textures": {
		"0": "animated_java:item/seek_models/seek"
	},
	"elements": [
		{
			"from": [7.5, 0, 6],
			"to": [9.5, 9.5, 10],
			"rotation": {
				"angle": 0,
				"axis": "y",
				"origin": [1.5, -3, 8]
			},
			"faces": {
				"north": {
					"uv": [9.125, 7.75, 9.375, 9],
					"texture": "#0"
				},
				"east": {
					"uv": [8.25, 4.875, 8.75, 6.125],
					"texture": "#0"
				},
				"south": {
					"uv": [9.125, 9, 9.375, 10.25],
					"texture": "#0"
				},
				"west": {
					"uv": [8.375, 7.25, 8.875, 8.5],
					"texture": "#0"
				},
				"up": {
					"uv": [7.75, 10.125, 7.5, 9.625],
					"texture": "#0"
				},
				"down": {
					"uv": [10, 1.25, 9.75, 1.75],
					"texture": "#0"
				}
			}
		}
	],
	"display": {
		"head": {
			"rotation": [0, 180, 0]
		}
	}
}