{
	"textures": {
		"0": "animated_java:item/seek_models/seek"
	},
	"elements": [
		{
			"from": [7.5, 1.51207, 10.40186],
			"to": [10.5, 12.51207, 13.40186],
			"rotation": {
				"angle": 0,
				"axis": "z",
				"origin": [9.5, -6.5, 12.25]
			},
			"faces": {
				"north": {
					"uv": [8.75, 8.5, 9.125, 9.875],
					"texture": "#0"
				},
				"east": {
					"uv": [2.5, 8.875, 2.875, 10.25],
					"texture": "#0"
				},
				"south": {
					"uv": [5.5, 9, 5.875, 10.375],
					"texture": "#0"
				},
				"west": {
					"uv": [5.875, 9, 6.25, 10.375],
					"texture": "#0"
				},
				"up": {
					"uv": [9.5, 1.25, 9.125, 0.875],
					"texture": "#0"
				},
				"down": {
					"uv": [9.75, 8.875, 9.375, 9.25],
					"texture": "#0"
				}
			}
		}
	],
	"display": {
		"head": {
			"rotation": [0, 180, 0]
		}
	}
}