{
	"textures": {
		"0": "animated_java:item/seek_models/seek"
	},
	"elements": [
		{
			"from": [7, 8.1188, 11.45699],
			"to": [10, 10.1188, 16.45699],
			"rotation": {
				"angle": 0,
				"axis": "y",
				"origin": [9, 7.5, 12.75]
			},
			"faces": {
				"north": {
					"uv": [7.875, 4.875, 8.25, 5.125],
					"texture": "#0"
				},
				"east": {
					"uv": [9.375, 5.375, 10, 5.625],
					"texture": "#0"
				},
				"south": {
					"uv": [8.625, 4.375, 9, 4.625],
					"texture": "#0"
				},
				"west": {
					"uv": [9.375, 5.625, 10, 5.875],
					"texture": "#0"
				},
				"up": {
					"uv": [1.375, 9.875, 1, 9.25],
					"texture": "#0"
				},
				"down": {
					"uv": [3.75, 9.25, 3.375, 9.875],
					"texture": "#0"
				}
			}
		}
	],
	"display": {
		"head": {
			"rotation": [0, 180, 0]
		}
	}
}