{
	"textures": {
		"0": "animated_java:item/seek_models/seek"
	},
	"elements": [
		{
			"from": [7.5, -4, 6],
			"to": [9.5, 8, 10],
			"rotation": {
				"angle": 0,
				"axis": "y",
				"origin": [1.5, -6, 8]
			},
			"faces": {
				"north": {
					"uv": [2.875, 5.625, 3.125, 7.125],
					"texture": "#0"
				},
				"east": {
					"uv": [6, 7.5, 6.5, 9],
					"texture": "#0"
				},
				"south": {
					"uv": [1, 6, 1.25, 7.5],
					"texture": "#0"
				},
				"west": {
					"uv": [7.25, 7.625, 7.75, 9.125],
					"texture": "#0"
				},
				"up": {
					"uv": [3.25, 10.25, 3, 9.75],
					"texture": "#0"
				},
				"down": {
					"uv": [10, 4.375, 9.75, 4.875],
					"texture": "#0"
				}
			}
		}
	],
	"display": {
		"head": {
			"rotation": [0, 180, 0]
		}
	}
}