{
	"textures": {
		"0": "animated_java:item/seek_models/seek"
	},
	"elements": [
		{
			"from": [6.5, 2.01207, 6.40186],
			"to": [9.5, 8.01207, 9.40186],
			"rotation": {
				"angle": 0,
				"axis": "z",
				"origin": [8.5, -5.10673, 8.69487]
			},
			"faces": {
				"north": {
					"uv": [2, 8.875, 2.375, 9.625],
					"texture": "#0"
				},
				"east": {
					"uv": [9.125, 3, 9.5, 3.75],
					"texture": "#0"
				},
				"south": {
					"uv": [9.125, 6.25, 9.5, 7],
					"texture": "#0"
				},
				"west": {
					"uv": [0.625, 9.25, 1, 10],
					"texture": "#0"
				},
				"up": {
					"uv": [9.875, 3.375, 9.5, 3],
					"texture": "#0"
				},
				"down": {
					"uv": [9.875, 6.125, 9.5, 6.5],
					"texture": "#0"
				}
			}
		}
	],
	"display": {
		"head": {
			"rotation": [0, 180, 0]
		}
	}
}