{
	"textures": {
		"0": "animated_java:item/seek_models/seek"
	},
	"elements": [
		{
			"from": [6.5, 0.41287, 6.06169],
			"to": [8.5, 9.91287, 10.06169],
			"rotation": {
				"angle": 0,
				"axis": "y",
				"origin": [14.5, -2.58713, 8.06169]
			},
			"faces": {
				"north": {
					"uv": [5.625, 0, 5.875, 1.25],
					"texture": "#0"
				},
				"east": {
					"uv": [4.5, 3.375, 5, 4.625],
					"texture": "#0"
				},
				"south": {
					"uv": [3.125, 7.75, 3.375, 9],
					"texture": "#0"
				},
				"west": {
					"uv": [8.25, 1.125, 8.75, 2.375],
					"texture": "#0"
				},
				"up": {
					"uv": [4.375, 7.375, 4.125, 6.875],
					"texture": "#0"
				},
				"down": {
					"uv": [9.125, 7.75, 8.875, 8.25],
					"texture": "#0"
				}
			}
		}
	],
	"display": {
		"head": {
			"rotation": [0, 180, 0]
		}
	}
}