{
	"textures": {
		"0": "animated_java:item/seek_models/seek"
	},
	"elements": [
		{
			"from": [6.5, 2.176, 6.95161],
			"to": [9.5, 8.176, 9.95161],
			"rotation": {
				"angle": 0,
				"axis": "z",
				"origin": [8.51574, -11.9622, 9.12761]
			},
			"faces": {
				"north": {
					"uv": [2.75, 1.125, 3.125, 1.875],
					"texture": "#0"
				},
				"east": {
					"uv": [3.75, 1.125, 4.125, 1.875],
					"texture": "#0"
				},
				"south": {
					"uv": [4.125, 3.375, 4.5, 4.125],
					"texture": "#0"
				},
				"west": {
					"uv": [8.625, 0, 9, 0.75],
					"texture": "#0"
				},
				"up": {
					"uv": [1.625, 4.625, 1.25, 4.25],
					"texture": "#0"
				},
				"down": {
					"uv": [8, 0.75, 7.625, 1.125],
					"texture": "#0"
				}
			}
		}
	],
	"display": {
		"head": {
			"rotation": [0, 180, 0]
		}
	}
}