{
	"textures": {
		"0": "animated_java:item/seek_models/seek"
	},
	"elements": [
		{
			"from": [-1, 19, 6],
			"to": [0, 22, 10],
			"rotation": {
				"angle": 0,
				"axis": "y",
				"origin": [6, 8, 8]
			},
			"faces": {
				"north": {
					"uv": [4.375, 8.125, 4.5, 8.5],
					"texture": "#0"
				},
				"east": {
					"uv": [8.25, 6.125, 8.75, 6.5],
					"texture": "#0"
				},
				"south": {
					"uv": [8.25, 7.25, 8.375, 7.625],
					"texture": "#0"
				},
				"west": {
					"uv": [1.375, 8.5, 1.875, 8.875],
					"texture": "#0"
				},
				"up": {
					"uv": [1.625, 5.125, 1.5, 4.625],
					"texture": "#0"
				},
				"down": {
					"uv": [8, 2.5, 7.875, 3],
					"texture": "#0"
				}
			}
		},
		{
			"from": [-2, 22, 5],
			"to": [-1, 23, 6],
			"rotation": {
				"angle": 0,
				"axis": "x",
				"origin": [-1.5, 23, 5]
			},
			"faces": {
				"north": {
					"uv": [4.125, 4.125, 4.25, 4.25],
					"texture": "#0"
				},
				"east": {
					"uv": [4.25, 4.125, 4.375, 4.25],
					"texture": "#0"
				},
				"south": {
					"uv": [4.375, 1.25, 4.5, 1.375],
					"texture": "#0"
				},
				"west": {
					"uv": [4.375, 4.125, 4.5, 4.25],
					"texture": "#0"
				},
				"up": {
					"uv": [4.625, 1.375, 4.5, 1.25],
					"texture": "#0"
				},
				"down": {
					"uv": [4.75, 1.125, 4.625, 1.25],
					"texture": "#0"
				}
			}
		}
	],
	"display": {
		"head": {
			"rotation": [0, 180, 0]
		}
	}
}