{
	"textures": {
		"0": "animated_java:item/seek_models/seek"
	},
	"elements": [
		{
			"from": [5, 18.1566, 1.81053],
			"to": [8, 29.1566, 4.81053],
			"rotation": {
				"angle": 0,
				"axis": "z",
				"origin": [7, 10, 4]
			},
			"faces": {
				"north": {
					"uv": [4.125, 8.5, 4.5, 9.875],
					"texture": "#0"
				},
				"east": {
					"uv": [8.375, 8.5, 8.75, 9.875],
					"texture": "#0"
				},
				"south": {
					"uv": [8.75, 0.75, 9.125, 2.125],
					"texture": "#0"
				},
				"west": {
					"uv": [7.875, 8.75, 8.25, 10.125],
					"texture": "#0"
				},
				"up": {
					"uv": [2.75, 3.5, 2.375, 3.125],
					"texture": "#0"
				},
				"down": {
					"uv": [4.125, 1.875, 3.75, 2.25],
					"texture": "#0"
				}
			}
		}
	],
	"display": {
		"head": {
			"rotation": [0, 180, 0]
		}
	}
}