{
	"textures": {
		"0": "animated_java:item/seek_models/seek"
	},
	"elements": [
		{
			"from": [4.98426, 10.1382, 2.824],
			"to": [7.98426, 12.1382, 7.824],
			"rotation": {
				"angle": 0,
				"axis": "y",
				"origin": [7, 0, 0]
			},
			"faces": {
				"north": {
					"uv": [4.625, 7, 5, 7.25],
					"texture": "#0"
				},
				"east": {
					"uv": [7.25, 4.625, 7.875, 4.875],
					"texture": "#0"
				},
				"south": {
					"uv": [7.5, 2.5, 7.875, 2.75],
					"texture": "#0"
				},
				"west": {
					"uv": [9.375, 0.625, 10, 0.875],
					"texture": "#0"
				},
				"up": {
					"uv": [3.375, 4.125, 3, 3.5],
					"texture": "#0"
				},
				"down": {
					"uv": [3.375, 4.25, 3, 4.875],
					"texture": "#0"
				}
			}
		}
	],
	"display": {
		"head": {
			"rotation": [0, 180, 0]
		}
	}
}