{
	"textures": {
		"0": "animated_java:item/seek_models/seek"
	},
	"elements": [
		{
			"from": [6.5, -4, 6.25],
			"to": [8.5, 8, 10.25],
			"rotation": {
				"angle": 0,
				"axis": "y",
				"origin": [14.5, -6, 8.25]
			},
			"faces": {
				"north": {
					"uv": [4.75, 1.125, 5, 2.625],
					"texture": "#0"
				},
				"east": {
					"uv": [7.5, 3, 8, 4.5],
					"texture": "#0"
				},
				"south": {
					"uv": [4.125, 5.375, 4.375, 6.875],
					"texture": "#0"
				},
				"west": {
					"uv": [5.5, 7.5, 6, 9],
					"texture": "#0"
				},
				"up": {
					"uv": [7, 10.125, 6.75, 9.625],
					"texture": "#0"
				},
				"down": {
					"uv": [9.875, 7.125, 9.625, 7.625],
					"texture": "#0"
				}
			}
		}
	],
	"display": {
		"head": {
			"rotation": [0, 180, 0]
		}
	}
}