{
	"credit": "Made with Blockbench",
	"texture_size": [32, 32],
	"textures": {
		"2": "item/doors/misc/lightsaber_saber",
		"3": "item/doors/misc/lightsaber_light"
	},
	"elements": [
		{
			"from": [6.5, 0, 6.5],
			"to": [9.5, 7, 9.5],
			"rotation": {"angle": 0, "axis": "y", "origin": [7, 0, 7]},
			"faces": {
				"north": {"uv": [0, 0, 1.5, 3.5], "texture": "#2"},
				"east": {"uv": [1.5, 0, 3, 3.5], "texture": "#2"},
				"south": {"uv": [3, 0, 4.5, 3.5], "texture": "#2"},
				"west": {"uv": [0, 3.5, 1.5, 7], "texture": "#2"},
				"up": {"uv": [5, 5, 3.5, 3.5], "texture": "#2"},
				"down": {"uv": [6, 0, 4.5, 1.5], "texture": "#2"}
			}
		},
		{
			"from": [7, 3.5, 6],
			"to": [8, 6.5, 7],
			"rotation": {"angle": 0, "axis": "y", "origin": [8, 4.5, 5]},
			"faces": {
				"north": {"uv": [2.5, 6.5, 3, 8], "texture": "#2"},
				"east": {"uv": [3, 6.5, 3.5, 8], "texture": "#2"},
				"south": {"uv": [6.5, 3, 7, 4.5], "texture": "#2"},
				"west": {"uv": [3.5, 6.5, 4, 8], "texture": "#2"},
				"up": {"uv": [5, 3.5, 4.5, 3], "texture": "#2"},
				"down": {"uv": [8, 2, 7.5, 2.5], "texture": "#2"}
			}
		},
		{
			"from": [7, 0.5, 9],
			"to": [9, 6.5, 9.75],
			"rotation": {"angle": 0, "axis": "y", "origin": [8, 4.5, 8]},
			"faces": {
				"north": {"uv": [1.5, 3.5, 2.5, 6.5], "texture": "#2"},
				"east": {"uv": [5, 6, 5.5, 9], "texture": "#2"},
				"south": {"uv": [2.5, 3.5, 3.5, 6.5], "texture": "#2"},
				"west": {"uv": [5.5, 6, 6, 9], "texture": "#2"},
				"up": {"uv": [5, 7, 4, 6.5], "texture": "#2"},
				"down": {"uv": [5, 7, 4, 7.5], "texture": "#2"}
			}
		},
		{
			"from": [6.75, 7, 6.75],
			"to": [9.25, 8, 9.25],
			"rotation": {"angle": 0, "axis": "y", "origin": [7, 7, 7]},
			"faces": {
				"north": {"uv": [6.5, 4.5, 8, 5], "texture": "#2"},
				"east": {"uv": [6.5, 5, 8, 5.5], "texture": "#2"},
				"south": {"uv": [6.5, 5.5, 8, 6], "texture": "#2"},
				"west": {"uv": [0, 7, 1.5, 7.5], "texture": "#2"},
				"up": {"uv": [6, 3, 4.5, 1.5], "texture": "#2"},
				"down": {"uv": [6.5, 3, 5, 4.5], "texture": "#2"}
			}
		},
		{
			"from": [6.75, -1, 6.75],
			"to": [9.25, 0, 9.25],
			"rotation": {"angle": 0, "axis": "y", "origin": [7, -1, 7]},
			"faces": {
				"north": {"uv": [7, 3, 8.5, 3.5], "texture": "#2"},
				"east": {"uv": [7, 3.5, 8.5, 4], "texture": "#2"},
				"south": {"uv": [7, 4, 8.5, 4.5], "texture": "#2"},
				"west": {"uv": [6, 7, 7.5, 7.5], "texture": "#2"},
				"up": {"uv": [5, 6.5, 3.5, 5], "texture": "#2"},
				"down": {"uv": [6.5, 4.5, 5, 6], "texture": "#2"}
			}
		},
		{
			"from": [6.75, 9, 6.75],
			"to": [9.25, 10, 9.25],
			"rotation": {"angle": 0, "axis": "y", "origin": [7, 9, 7]},
			"faces": {
				"north": {"uv": [7, 6, 8.5, 6.5], "texture": "#2"},
				"east": {"uv": [7, 6.5, 8.5, 7], "texture": "#2"},
				"south": {"uv": [0, 7.5, 1.5, 8], "texture": "#2"},
				"west": {"uv": [7.5, 0, 9, 0.5], "texture": "#2"},
				"up": {"uv": [7.5, 1.5, 6, 0], "texture": "#2"},
				"down": {"uv": [7.5, 1.5, 6, 3], "texture": "#2"}
			}
		},
		{
			"from": [7, 8, 7],
			"to": [9, 9, 9],
			"rotation": {"angle": 0, "axis": "y", "origin": [7, 8, 7]},
			"faces": {
				"north": {"uv": [7.5, 0.5, 8.5, 1], "texture": "#2"},
				"east": {"uv": [7.5, 1, 8.5, 1.5], "texture": "#2"},
				"south": {"uv": [1.5, 7.5, 2.5, 8], "texture": "#2"},
				"west": {"uv": [7.5, 1.5, 8.5, 2], "texture": "#2"},
				"up": {"uv": [7, 7, 6, 6], "texture": "#2"},
				"down": {"uv": [2.5, 6.5, 1.5, 7.5], "texture": "#2"}
			}
		},
		{
			"from": [7, 10, 7],
			"to": [9, 32, 9],
			"rotation": {"angle": 0, "axis": "y", "origin": [7, 10, 7]},
			"faces": {
				"north": {"uv": [0, 0, 1, 11], "texture": "#3"},
				"east": {"uv": [1, 0, 2, 11], "texture": "#3"},
				"south": {"uv": [2, 0, 3, 11], "texture": "#3"},
				"west": {"uv": [3, 0, 4, 11], "texture": "#3"},
				"up": {"uv": [5, 1, 4, 0], "texture": "#3"},
				"down": {"uv": [5, 1, 4, 2], "texture": "#3"}
			}
		}
	],
	"display": {
		"thirdperson_righthand": {
			"rotation": [0, 90, 0],
			"translation": [0.1, 3.5, -0.25]
		},
		"firstperson_righthand": {
			"rotation": [-35.25, 115, 0],
			"translation": [0, 2.5, -1.75]
		},
		"gui": {
			"rotation": [0, 180, -45],
			"translation": [3, -3, 0],
			"scale": [0.6, 0.6, 0.6]
		},
		"head": {
			"translation": [0, 14.75, 0]
		},
		"fixed": {
			"translation": [0, -4, 0],
			"scale": [0.5, 0.5, 0.5]
		}
	},
	"groups": [
		{
			"name": "group",
			"origin": [7, 0, 7],
			"color": 0,
			"children": [0, 1, 2, 3, 4, 5, 6]
		},
		7
	]
}