{
	"credit": "Made with Blockbench",
	"textures": {
		"1": "block/black_concrete",
		"2": "block/purple_concrete",
		"particle": "block/gold_block"
	},
	"elements": [
		{
			"from": [6.375, -15, 0],
			"to": [9.625, -13, 16],
			"rotation": {"angle": 0, "axis": "y", "origin": [7, -15, 7]},
			"faces": {
				"north": {"uv": [0, 0, 3.25, 2], "texture": "#1"},
				"east": {"uv": [0, 0, 16, 2], "texture": "#1"},
				"south": {"uv": [0, 0, 3.25, 2], "texture": "#1"},
				"west": {"uv": [0, 0, 16, 2], "texture": "#1"},
				"up": {"uv": [0, 0, 3.25, 16], "texture": "#1"},
				"down": {"uv": [0, 0, 3.25, 16], "texture": "#1"}
			}
		},
		{
			"from": [6.375, -15, 0],
			"to": [9.625, -13, 16],
			"rotation": {"angle": 0, "axis": "y", "origin": [7, -15, 7]},
			"faces": {
				"north": {"uv": [0, 0, 3.25, 2], "texture": "#1"},
				"east": {"uv": [0, 0, 16, 2], "texture": "#1"},
				"south": {"uv": [0, 0, 3.25, 2], "texture": "#1"},
				"west": {"uv": [0, 0, 16, 2], "texture": "#1"},
				"up": {"uv": [0, 0, 3.25, 16], "texture": "#1"},
				"down": {"uv": [0, 0, 3.25, 16], "texture": "#1"}
			}
		},
		{
			"from": [6.425, -15, 0],
			"to": [9.575, -13, 16],
			"rotation": {"angle": 22.5, "axis": "y", "origin": [8, -14, 8]},
			"faces": {
				"north": {"uv": [0, 0, 3.15, 2], "texture": "#1"},
				"east": {"uv": [0, 0, 16, 2], "texture": "#1"},
				"south": {"uv": [0, 0, 3.15, 2], "texture": "#1"},
				"west": {"uv": [0, 0, 16, 2], "texture": "#1"},
				"up": {"uv": [0, 0, 3.15, 16], "texture": "#1"},
				"down": {"uv": [0, 0, 3.15, 16], "texture": "#1"}
			}
		},
		{
			"from": [6.425, -15, 0],
			"to": [9.575, -13, 16],
			"rotation": {"angle": 45, "axis": "y", "origin": [8, -14, 8]},
			"faces": {
				"north": {"uv": [0, 0, 3.15, 2], "texture": "#1"},
				"east": {"uv": [0, 0, 16, 2], "texture": "#1"},
				"south": {"uv": [0, 0, 3.15, 2], "texture": "#1"},
				"west": {"uv": [0, 0, 16, 2], "texture": "#1"},
				"up": {"uv": [0, 0, 3.15, 16], "texture": "#1"},
				"down": {"uv": [0, 0, 3.15, 16], "texture": "#1"}
			}
		},
		{
			"from": [0, -15, 6.425],
			"to": [16, -13, 9.575],
			"rotation": {"angle": -22.5, "axis": "y", "origin": [8, -14, 8]},
			"faces": {
				"north": {"uv": [0, 0, 16, 2], "texture": "#1"},
				"east": {"uv": [0, 0, 3.15, 2], "texture": "#1"},
				"south": {"uv": [0, 0, 16, 2], "texture": "#1"},
				"west": {"uv": [0, 0, 3.15, 2], "texture": "#1"},
				"up": {"uv": [0, 0, 3.15, 16], "rotation": 270, "texture": "#1"},
				"down": {"uv": [0, 0, 3.15, 16], "rotation": 90, "texture": "#1"}
			}
		},
		{
			"from": [0, -15, 6.425],
			"to": [16, -13, 9.575],
			"rotation": {"angle": 0, "axis": "y", "origin": [8, -14, 8]},
			"faces": {
				"north": {"uv": [0, 0, 16, 2], "texture": "#1"},
				"east": {"uv": [0, 0, 3.15, 2], "texture": "#1"},
				"south": {"uv": [0, 0, 16, 2], "texture": "#1"},
				"west": {"uv": [0, 0, 3.15, 2], "texture": "#1"},
				"up": {"uv": [0, 0, 3.15, 16], "rotation": 270, "texture": "#1"},
				"down": {"uv": [0, 0, 3.15, 16], "rotation": 90, "texture": "#1"}
			}
		},
		{
			"from": [0, -15, 6.425],
			"to": [16, -13, 9.575],
			"rotation": {"angle": 22.5, "axis": "y", "origin": [8, -14, 8]},
			"faces": {
				"north": {"uv": [0, 0, 16, 2], "texture": "#1"},
				"east": {"uv": [0, 0, 3.15, 2], "texture": "#1"},
				"south": {"uv": [0, 0, 16, 2], "texture": "#1"},
				"west": {"uv": [0, 0, 3.15, 2], "texture": "#1"},
				"up": {"uv": [0, 0, 3.15, 16], "rotation": 270, "texture": "#1"},
				"down": {"uv": [0, 0, 3.15, 16], "rotation": 90, "texture": "#1"}
			}
		},
		{
			"from": [0, -15, 6.425],
			"to": [16, -13, 9.575],
			"rotation": {"angle": 45, "axis": "y", "origin": [8, -14, 8]},
			"faces": {
				"north": {"uv": [0, 0, 16, 2], "texture": "#1"},
				"east": {"uv": [0, 0, 3.15, 2], "texture": "#1"},
				"south": {"uv": [0, 0, 16, 2], "texture": "#1"},
				"west": {"uv": [0, 0, 3.15, 2], "texture": "#1"},
				"up": {"uv": [0, 0, 3.15, 16], "rotation": 270, "texture": "#1"},
				"down": {"uv": [0, 0, 3.15, 16], "rotation": 90, "texture": "#1"}
			}
		},
		{
			"from": [6.425, -15, 0],
			"to": [9.575, -13, 16],
			"rotation": {"angle": -22.5, "axis": "y", "origin": [8, -14, 8]},
			"faces": {
				"north": {"uv": [0, 0, 3.15, 2], "texture": "#1"},
				"east": {"uv": [0, 0, 16, 2], "texture": "#1"},
				"south": {"uv": [0, 0, 3.15, 2], "texture": "#1"},
				"west": {"uv": [0, 0, 16, 2], "texture": "#1"},
				"up": {"uv": [0, 0, 3.15, 16], "rotation": 180, "texture": "#1"},
				"down": {"uv": [0, 0, 3.15, 16], "rotation": 180, "texture": "#1"}
			}
		},
		{
			"from": [6.425, -15, 0],
			"to": [9.575, -13, 16],
			"rotation": {"angle": 22.5, "axis": "y", "origin": [8, -14, 8]},
			"faces": {
				"north": {"uv": [0, 0, 3.15, 2], "texture": "#1"},
				"east": {"uv": [0, 0, 16, 2], "texture": "#1"},
				"south": {"uv": [0, 0, 3.15, 2], "texture": "#1"},
				"west": {"uv": [0, 0, 16, 2], "texture": "#1"},
				"up": {"uv": [0, 0, 3.15, 16], "texture": "#1"},
				"down": {"uv": [0, 0, 3.15, 16], "texture": "#1"}
			}
		},
		{
			"from": [7.2, -13, 4],
			"to": [8.8, 32, 12],
			"rotation": {"angle": 22.5, "axis": "y", "origin": [8, -12, 8]},
			"faces": {
				"north": {"uv": [0, 0, 1.6, 16], "texture": "#1"},
				"east": {"uv": [0, 0, 8, 16], "texture": "#1"},
				"south": {"uv": [0, 0, 1.6, 16], "texture": "#1"},
				"west": {"uv": [0, 0, 8, 16], "texture": "#1"},
				"up": {"uv": [0, 0, 1.6, 8], "texture": "#1"},
				"down": {"uv": [0, 0, 1.6, 8], "texture": "#1"}
			}
		},
		{
			"from": [7.2, -13, 4],
			"to": [8.8, 32, 12],
			"rotation": {"angle": 45, "axis": "y", "origin": [8, -12, 8]},
			"faces": {
				"north": {"uv": [0, 0, 1.6, 16], "texture": "#1"},
				"east": {"uv": [0, 0, 8, 16], "texture": "#1"},
				"south": {"uv": [0, 0, 1.6, 16], "texture": "#1"},
				"west": {"uv": [0, 0, 8, 16], "texture": "#1"},
				"up": {"uv": [0, 0, 1.6, 8], "texture": "#1"},
				"down": {"uv": [0, 0, 1.6, 8], "texture": "#1"}
			}
		},
		{
			"from": [4, -13, 7.2],
			"to": [12, 32, 8.8],
			"rotation": {"angle": -22.5, "axis": "y", "origin": [8, -12, 8]},
			"faces": {
				"north": {"uv": [0, 0, 8, 16], "texture": "#1"},
				"east": {"uv": [0, 0, 1.6, 16], "texture": "#1"},
				"south": {"uv": [0, 0, 8, 16], "texture": "#1"},
				"west": {"uv": [0, 0, 1.6, 16], "texture": "#1"},
				"up": {"uv": [0, 0, 1.6, 8], "rotation": 270, "texture": "#1"},
				"down": {"uv": [0, 0, 1.6, 8], "rotation": 90, "texture": "#1"}
			}
		},
		{
			"from": [4, -13, 7.2],
			"to": [12, 32, 8.8],
			"rotation": {"angle": 0, "axis": "y", "origin": [8, -12, 8]},
			"faces": {
				"north": {"uv": [0, 0, 8, 16], "texture": "#1"},
				"east": {"uv": [0, 0, 1.6, 16], "texture": "#1"},
				"south": {"uv": [0, 0, 8, 16], "texture": "#1"},
				"west": {"uv": [0, 0, 1.6, 16], "texture": "#1"},
				"up": {"uv": [0, 0, 1.6, 8], "rotation": 270, "texture": "#1"},
				"down": {"uv": [0, 0, 1.6, 8], "rotation": 90, "texture": "#1"}
			}
		},
		{
			"from": [4, -13, 7.2],
			"to": [12, 32, 8.8],
			"rotation": {"angle": 45, "axis": "y", "origin": [8, -12, 8]},
			"faces": {
				"north": {"uv": [0, 0, 8, 16], "texture": "#1"},
				"east": {"uv": [0, 0, 1.6, 16], "texture": "#1"},
				"south": {"uv": [0, 0, 8, 16], "texture": "#1"},
				"west": {"uv": [0, 0, 1.6, 16], "texture": "#1"},
				"up": {"uv": [0, 0, 1.6, 8], "rotation": 270, "texture": "#1"},
				"down": {"uv": [0, 0, 1.6, 8], "rotation": 90, "texture": "#1"}
			}
		},
		{
			"from": [4, -13, 7.2],
			"to": [12, 32, 8.8],
			"rotation": {"angle": 22.5, "axis": "y", "origin": [8, -12, 8]},
			"faces": {
				"north": {"uv": [0, 0, 8, 16], "texture": "#1"},
				"east": {"uv": [0, 0, 1.6, 16], "texture": "#1"},
				"south": {"uv": [0, 0, 8, 16], "texture": "#1"},
				"west": {"uv": [0, 0, 1.6, 16], "texture": "#1"},
				"up": {"uv": [0, 0, 1.6, 8], "rotation": 270, "texture": "#1"},
				"down": {"uv": [0, 0, 1.6, 8], "rotation": 90, "texture": "#1"}
			}
		},
		{
			"from": [7.2, -13, 4],
			"to": [8.8, 32, 12],
			"rotation": {"angle": -22.5, "axis": "y", "origin": [8, -12, 8]},
			"faces": {
				"north": {"uv": [0, 0, 1.6, 16], "texture": "#1"},
				"east": {"uv": [0, 0, 8, 16], "texture": "#1"},
				"south": {"uv": [0, 0, 1.6, 16], "texture": "#1"},
				"west": {"uv": [0, 0, 8, 16], "texture": "#1"},
				"up": {"uv": [0, 0, 1.6, 8], "rotation": 180, "texture": "#1"},
				"down": {"uv": [0, 0, 1.6, 8], "rotation": 180, "texture": "#1"}
			}
		},
		{
			"from": [7.2, -13, 4],
			"to": [8.8, 32, 12],
			"rotation": {"angle": 0, "axis": "y", "origin": [8, -12, 8]},
			"faces": {
				"north": {"uv": [0, 0, 1.6, 16], "texture": "#1"},
				"east": {"uv": [0, 0, 8, 16], "texture": "#1"},
				"south": {"uv": [0, 0, 1.6, 16], "texture": "#1"},
				"west": {"uv": [0, 0, 8, 16], "texture": "#1"},
				"up": {"uv": [0, 0, 1.6, 8], "rotation": 180, "texture": "#1"},
				"down": {"uv": [0, 0, 1.6, 8], "rotation": 180, "texture": "#1"}
			}
		},
		{
			"from": [7.1, -13, 3.5],
			"to": [8.9, -12, 12.5],
			"rotation": {"angle": 22.5, "axis": "y", "origin": [8, -12, 8]},
			"faces": {
				"north": {"uv": [4, 0, 13, 16], "texture": "#2"},
				"east": {"uv": [0, 0, 9, 1], "texture": "#2"},
				"south": {"uv": [4, 0, 13, 16], "texture": "#2"},
				"west": {"uv": [4, 0, 13, 16], "texture": "#2"},
				"up": {"uv": [1, 0, 15, 16], "texture": "#2"},
				"down": {"uv": [1, 0, 15, 16], "texture": "#2"}
			}
		},
		{
			"from": [7.1, -13, 3.5],
			"to": [8.9, -12, 12.5],
			"rotation": {"angle": 45, "axis": "y", "origin": [8, -12, 8]},
			"faces": {
				"north": {"uv": [4, 0, 5.8, 1], "texture": "#2"},
				"east": {"uv": [0, 0, 9, 1], "texture": "#2"},
				"south": {"uv": [4, 0, 5.8, 1], "texture": "#2"},
				"west": {"uv": [4, 0, 13, 1], "texture": "#2"},
				"up": {"uv": [1, 0, 2.8, 9], "texture": "#2"},
				"down": {"uv": [1, 0, 2.8, 9], "texture": "#2"}
			}
		},
		{
			"from": [3.5, -13, 7.1],
			"to": [12.5, -12, 8.9],
			"rotation": {"angle": 0, "axis": "y", "origin": [8, -12, 8]},
			"faces": {
				"north": {"uv": [4, 0, 13, 1], "texture": "#2"},
				"east": {"uv": [4, 0, 5.8, 1], "texture": "#2"},
				"south": {"uv": [4, 0, 13, 1], "texture": "#2"},
				"west": {"uv": [4, 0, 5.8, 1], "texture": "#2"},
				"up": {"uv": [1, 0, 10, 1.8], "texture": "#2"},
				"down": {"uv": [1, 0, 10, 1.8], "texture": "#2"}
			}
		},
		{
			"from": [3.5, -13, 7.1],
			"to": [12.5, -12, 8.9],
			"rotation": {"angle": 22.5, "axis": "y", "origin": [8, -12, 8]},
			"faces": {
				"north": {"uv": [4, 0, 13, 1], "texture": "#2"},
				"east": {"uv": [4, 0, 5.8, 1], "texture": "#2"},
				"south": {"uv": [4, 0, 13, 1], "texture": "#2"},
				"west": {"uv": [4, 0, 5.8, 1], "texture": "#2"},
				"up": {"uv": [1, 0, 10, 1.8], "texture": "#2"},
				"down": {"uv": [1, 0, 10, 1.8], "texture": "#2"}
			}
		},
		{
			"from": [3.5, -13, 7.1],
			"to": [12.5, -12, 8.9],
			"rotation": {"angle": 45, "axis": "y", "origin": [8, -12, 8]},
			"faces": {
				"north": {"uv": [4, 0, 13, 16], "texture": "#2"},
				"east": {"uv": [4, 0, 13, 16], "texture": "#2"},
				"south": {"uv": [4, 0, 13, 16], "texture": "#2"},
				"west": {"uv": [4, 0, 13, 16], "texture": "#2"},
				"up": {"uv": [1, 0, 15, 16], "rotation": 270, "texture": "#2"},
				"down": {"uv": [1, 0, 15, 16], "texture": "#2"}
			}
		},
		{
			"from": [7.1, -13, 3.5],
			"to": [8.9, -12, 12.5],
			"rotation": {"angle": -22.5, "axis": "y", "origin": [8, -12, 8]},
			"faces": {
				"north": {"uv": [4, 0, 5.8, 1], "texture": "#2"},
				"east": {"uv": [0, 0, 9, 1], "texture": "#2"},
				"south": {"uv": [4, 0, 5.8, 1], "texture": "#2"},
				"west": {"uv": [4, 0, 13, 1], "texture": "#2"},
				"up": {"uv": [1, 0, 2.8, 9], "texture": "#2"},
				"down": {"uv": [1, 0, 2.8, 9], "texture": "#2"}
			}
		},
		{
			"from": [7.1, -13, 3.5],
			"to": [8.9, -12, 12.5],
			"rotation": {"angle": 0, "axis": "y", "origin": [8, -12, 8]},
			"faces": {
				"north": {"uv": [4, 0, 5.8, 1], "texture": "#2"},
				"east": {"uv": [0, 0, 9, 1], "texture": "#2"},
				"south": {"uv": [4, 0, 5.8, 1], "texture": "#2"},
				"west": {"uv": [4, 0, 13, 1], "texture": "#2"},
				"up": {"uv": [1, 0, 2.8, 9], "texture": "#2"},
				"down": {"uv": [1, 0, 2.8, 9], "texture": "#2"}
			}
		},
		{
			"from": [3.5, -13, 7.1],
			"to": [12.5, -12, 8.9],
			"rotation": {"angle": -22.5, "axis": "y", "origin": [8, -12, 8]},
			"faces": {
				"north": {"uv": [4, 0, 13, 1], "texture": "#2"},
				"east": {"uv": [4, 0, 5.8, 1], "texture": "#2"},
				"south": {"uv": [4, 0, 13, 1], "texture": "#2"},
				"west": {"uv": [4, 0, 5.8, 1], "texture": "#2"},
				"up": {"uv": [1, 0, 10, 1.8], "texture": "#2"},
				"down": {"uv": [1, 0, 10, 1.8], "texture": "#2"}
			}
		}
	],
	"display": {
		"thirdperson_righthand": {
			"translation": [0, 11.25, 0],
			"scale": [0.5, 0.5, 0.5]
		},
		"thirdperson_lefthand": {
			"translation": [0, 11.25, 0],
			"scale": [0.5, 0.5, 0.5]
		},
		"firstperson_righthand": {
			"rotation": [89.5, 0, 0],
			"translation": [4.75, 1, -19]
		},
		"firstperson_lefthand": {
			"rotation": [89.5, 0, 0],
			"translation": [4.75, 1, -19]
		},
		"ground": {
			"translation": [0, 20, 0]
		},
		"gui": {
			"rotation": [32, 0, 28],
			"translation": [-10.25, 15.5, 0]
		},
		"head": {
			"rotation": [0, 7, 15],
			"translation": [-10, 34.5, 2.75],
			"scale": [1.34, 1.34, 1.34]
		},
		"fixed": {
			"rotation": [-27, 0, 0],
			"translation": [0, 15.75, -10.25]
		}
	},
	"groups": [
		{
			"name": "bottom",
			"origin": [8, 1, 8],
			"color": 0,
			"children": [0, 1, 2, 3, 4, 5, 6, 7, 8, 9]
		},
		{
			"name": "top",
			"origin": [8, 3, 8],
			"color": 0,
			"children": [10, 11, 12, 13, 14, 15, 16, 17]
		},
		{
			"name": "gold",
			"origin": [8, 3, 8],
			"color": 0,
			"children": [18, 19, 20, 21, 22, 23, 24, 25]
		}
	]
}